visit_name,visit_day,record_id,site_id,planned_date,actual_date,attended,window_lower,window_upper
Screening,-7,SUBJ0001,CH09,2025-02-09,2025-02-04,TRUE,-21,7
Enrollment,0,SUBJ0001,CH09,2025-02-16,2025-02-15,TRUE,-14,14
Visit_1,90,SUBJ0001,CH09,2025-05-17,2025-05-22,TRUE,76,104
Visit_2,180,SUBJ0001,CH09,2025-08-15,2025-08-21,TRUE,166,194
Visit_3,270,SUBJ0001,CH09,2025-11-13,2025-11-07,TRUE,256,284
Visit_4,360,SUBJ0001,CH09,2026-02-11,2026-02-12,TRUE,346,374
Visit_5,450,SUBJ0001,CH09,2026-05-12,2026-05-16,TRUE,436,464
Visit_6,540,SUBJ0001,CH09,2026-08-10,2026-08-16,TRUE,526,554
Visit_7,630,SUBJ0001,CH09,2026-11-08,2026-11-07,TRUE,616,644
Visit_8,720,SUBJ0001,CH09,2027-02-06,2027-02-01,TRUE,706,734
Visit_9,810,SUBJ0001,CH09,2027-05-07,2027-05-04,TRUE,796,824
Visit_10,900,SUBJ0001,CH09,2027-08-05,2027-08-07,TRUE,886,914
Visit_11,990,SUBJ0001,CH09,2027-11-03,2027-10-31,TRUE,976,1004
Visit_12,1080,SUBJ0001,CH09,2028-02-01,2028-01-31,TRUE,1066,1094
Visit_13,1170,SUBJ0001,CH09,2028-05-01,2028-04-30,TRUE,1156,1184
End_of_Study,1080,SUBJ0001,CH09,2028-02-01,2028-01-26,TRUE,1066,1094
Safety_Followup,1170,SUBJ0001,CH09,2028-05-01,2028-05-04,TRUE,1156,1184
Screening,-7,SUBJ0002,CH16,2025-04-28,2025-04-28,TRUE,-21,7
Enrollment,0,SUBJ0002,CH16,2025-05-05,2025-05-11,TRUE,-14,14
Visit_1,90,SUBJ0002,CH16,2025-08-03,2025-08-06,TRUE,76,104
Visit_2,180,SUBJ0002,CH16,2025-11-01,2025-11-05,TRUE,166,194
Visit_3,270,SUBJ0002,CH16,2026-01-30,2026-02-06,TRUE,256,284
Visit_4,360,SUBJ0002,CH16,2026-04-30,2026-04-25,TRUE,346,374
Visit_5,450,SUBJ0002,CH16,2026-07-29,2026-07-26,TRUE,436,464
Visit_6,540,SUBJ0002,CH16,2026-10-27,2026-10-24,TRUE,526,554
Visit_7,630,SUBJ0002,CH16,2027-01-25,2027-01-23,TRUE,616,644
Visit_8,720,SUBJ0002,CH16,2027-04-25,2027-04-27,TRUE,706,734
Visit_9,810,SUBJ0002,CH16,2027-07-24,2027-07-26,TRUE,796,824
Visit_10,900,SUBJ0002,CH16,2027-10-22,2027-10-20,TRUE,886,914
Visit_11,990,SUBJ0002,CH16,2028-01-20,2028-01-18,TRUE,976,1004
Visit_12,1080,SUBJ0002,CH16,2028-04-19,2028-04-23,TRUE,1066,1094
Visit_13,1170,SUBJ0002,CH16,2028-07-18,2028-07-16,TRUE,1156,1184
End_of_Study,1080,SUBJ0002,CH16,2028-04-19,2028-04-22,TRUE,1066,1094
Safety_Followup,1170,SUBJ0002,CH16,2028-07-18,2028-07-20,TRUE,1156,1184
Screening,-7,SUBJ0003,CH10,2025-04-06,2025-04-09,TRUE,-21,7
Enrollment,0,SUBJ0003,CH10,2025-04-13,2025-04-19,TRUE,-14,14
Visit_1,90,SUBJ0003,CH10,2025-07-12,2025-07-09,TRUE,76,104
Visit_2,180,SUBJ0003,CH10,2025-10-10,2025-10-08,TRUE,166,194
Visit_3,270,SUBJ0003,CH10,2026-01-08,2026-01-12,TRUE,256,284
Visit_4,360,SUBJ0003,CH10,2026-04-08,2026-04-06,TRUE,346,374
Visit_5,450,SUBJ0003,CH10,2026-07-07,2026-07-13,TRUE,436,464
Visit_6,540,SUBJ0003,CH10,2026-10-05,2026-10-01,TRUE,526,554
Visit_7,630,SUBJ0003,CH10,2027-01-03,2026-12-31,TRUE,616,644
Visit_8,720,SUBJ0003,CH10,2027-04-03,2027-04-05,TRUE,706,734
Visit_9,810,SUBJ0003,CH10,2027-07-02,2027-06-28,TRUE,796,824
Visit_10,900,SUBJ0003,CH10,2027-09-30,2027-09-30,TRUE,886,914
Visit_11,990,SUBJ0003,CH10,2027-12-29,2027-12-22,TRUE,976,1004
Visit_12,1080,SUBJ0003,CH10,2028-03-28,2028-03-26,TRUE,1066,1094
Visit_13,1170,SUBJ0003,CH10,2028-06-26,2028-06-19,TRUE,1156,1184
End_of_Study,1080,SUBJ0003,CH10,2028-03-28,2028-04-02,TRUE,1066,1094
Safety_Followup,1170,SUBJ0003,CH10,2028-06-26,2028-06-24,TRUE,1156,1184
Screening,-7,SUBJ0004,CH17,2025-05-07,2025-05-10,TRUE,-21,7
Enrollment,0,SUBJ0004,CH17,2025-05-14,2025-05-12,TRUE,-14,14
Visit_1,90,SUBJ0004,CH17,2025-08-12,2025-08-19,TRUE,76,104
Visit_2,180,SUBJ0004,CH17,2025-11-10,2025-11-17,TRUE,166,194
Visit_3,270,SUBJ0004,CH17,2026-02-08,2026-02-13,TRUE,256,284
Visit_4,360,SUBJ0004,CH17,2026-05-09,2026-05-04,TRUE,346,374
Visit_5,450,SUBJ0004,CH17,2026-08-07,2026-08-12,TRUE,436,464
Visit_6,540,SUBJ0004,CH17,2026-11-05,2026-11-03,TRUE,526,554
Visit_7,630,SUBJ0004,CH17,2027-02-03,2027-02-01,TRUE,616,644
Visit_8,720,SUBJ0004,CH17,2027-05-04,2027-05-03,TRUE,706,734
Visit_9,810,SUBJ0004,CH17,2027-08-02,2027-08-01,TRUE,796,824
Visit_10,900,SUBJ0004,CH17,2027-10-31,2027-11-01,TRUE,886,914
Visit_11,990,SUBJ0004,CH17,2028-01-29,2028-01-27,TRUE,976,1004
Visit_12,1080,SUBJ0004,CH17,2028-04-28,2028-04-25,TRUE,1066,1094
Visit_13,1170,SUBJ0004,CH17,2028-07-27,2028-08-01,TRUE,1156,1184
End_of_Study,1080,SUBJ0004,CH17,2028-04-28,2028-04-22,TRUE,1066,1094
Safety_Followup,1170,SUBJ0004,CH17,2028-07-27,2028-07-23,TRUE,1156,1184
Screening,-7,SUBJ0005,CH06,2025-01-17,2025-01-11,TRUE,-21,7
Enrollment,0,SUBJ0005,CH06,2025-01-24,2025-01-27,TRUE,-14,14
Visit_1,90,SUBJ0005,CH06,2025-04-24,2025-04-29,TRUE,76,104
Visit_2,180,SUBJ0005,CH06,2025-07-23,2025-07-27,TRUE,166,194
Visit_3,270,SUBJ0005,CH06,2025-10-21,2025-10-16,TRUE,256,284
Visit_4,360,SUBJ0005,CH06,2026-01-19,2026-01-18,TRUE,346,374
Visit_5,450,SUBJ0005,CH06,2026-04-19,2026-04-26,TRUE,436,464
Visit_6,540,SUBJ0005,CH06,2026-07-18,2026-07-23,TRUE,526,554
Visit_7,630,SUBJ0005,CH06,2026-10-16,2026-10-13,TRUE,616,644
Visit_8,720,SUBJ0005,CH06,2027-01-14,NA,FALSE,706,734
Visit_9,810,SUBJ0005,CH06,2027-04-14,NA,FALSE,796,824
Visit_10,900,SUBJ0005,CH06,2027-07-13,NA,FALSE,886,914
Visit_11,990,SUBJ0005,CH06,2027-10-11,NA,FALSE,976,1004
Visit_12,1080,SUBJ0005,CH06,2028-01-09,NA,FALSE,1066,1094
Visit_13,1170,SUBJ0005,CH06,2028-04-08,NA,FALSE,1156,1184
End_of_Study,1080,SUBJ0005,CH06,2028-01-09,NA,FALSE,1066,1094
Safety_Followup,1170,SUBJ0005,CH06,2028-04-08,NA,FALSE,1156,1184
Screening,-7,SUBJ0006,CH02,2025-06-06,2025-06-10,TRUE,-21,7
Enrollment,0,SUBJ0006,CH02,2025-06-13,2025-06-16,TRUE,-14,14
Visit_1,90,SUBJ0006,CH02,2025-09-11,2025-09-17,TRUE,76,104
Visit_2,180,SUBJ0006,CH02,2025-12-10,2025-12-07,TRUE,166,194
Visit_3,270,SUBJ0006,CH02,2026-03-10,2026-03-05,TRUE,256,284
Visit_4,360,SUBJ0006,CH02,2026-06-08,2026-06-12,TRUE,346,374
Visit_5,450,SUBJ0006,CH02,2026-09-06,2026-09-07,TRUE,436,464
Visit_6,540,SUBJ0006,CH02,2026-12-05,2026-12-07,TRUE,526,554
Visit_7,630,SUBJ0006,CH02,2027-03-05,2027-03-04,TRUE,616,644
Visit_8,720,SUBJ0006,CH02,2027-06-03,2027-06-04,TRUE,706,734
Visit_9,810,SUBJ0006,CH02,2027-09-01,2027-09-01,TRUE,796,824
Visit_10,900,SUBJ0006,CH02,2027-11-30,2027-12-07,TRUE,886,914
Visit_11,990,SUBJ0006,CH02,2028-02-28,2028-02-22,TRUE,976,1004
Visit_12,1080,SUBJ0006,CH02,2028-05-28,2028-05-23,TRUE,1066,1094
Visit_13,1170,SUBJ0006,CH02,2028-08-26,2028-08-24,TRUE,1156,1184
End_of_Study,1080,SUBJ0006,CH02,2028-05-28,2028-06-02,TRUE,1066,1094
Safety_Followup,1170,SUBJ0006,CH02,2028-08-26,2028-08-20,TRUE,1156,1184
Screening,-7,SUBJ0007,CH01,2025-01-28,2025-01-27,TRUE,-21,7
Enrollment,0,SUBJ0007,CH01,2025-02-04,2025-02-01,TRUE,-14,14
Visit_1,90,SUBJ0007,CH01,2025-05-05,2025-05-06,TRUE,76,104
Visit_2,180,SUBJ0007,CH01,2025-08-03,2025-07-28,TRUE,166,194
Visit_3,270,SUBJ0007,CH01,2025-11-01,2025-11-01,TRUE,256,284
Visit_4,360,SUBJ0007,CH01,2026-01-30,2026-01-27,TRUE,346,374
Visit_5,450,SUBJ0007,CH01,2026-04-30,2026-04-30,TRUE,436,464
Visit_6,540,SUBJ0007,CH01,2026-07-29,2026-08-03,TRUE,526,554
Visit_7,630,SUBJ0007,CH01,2026-10-27,2026-10-31,TRUE,616,644
Visit_8,720,SUBJ0007,CH01,2027-01-25,2027-01-25,TRUE,706,734
Visit_9,810,SUBJ0007,CH01,2027-04-25,2027-04-27,TRUE,796,824
Visit_10,900,SUBJ0007,CH01,2027-07-24,2027-07-20,TRUE,886,914
Visit_11,990,SUBJ0007,CH01,2027-10-22,2027-10-16,TRUE,976,1004
Visit_12,1080,SUBJ0007,CH01,2028-01-20,2028-01-14,TRUE,1066,1094
Visit_13,1170,SUBJ0007,CH01,2028-04-19,2028-04-17,TRUE,1156,1184
End_of_Study,1080,SUBJ0007,CH01,2028-01-20,2028-01-23,TRUE,1066,1094
Safety_Followup,1170,SUBJ0007,CH01,2028-04-19,2028-04-14,TRUE,1156,1184
Screening,-7,SUBJ0008,CH05,2025-01-27,2025-01-22,TRUE,-21,7
Enrollment,0,SUBJ0008,CH05,2025-02-03,2025-02-05,TRUE,-14,14
Visit_1,90,SUBJ0008,CH05,2025-05-04,2025-05-09,TRUE,76,104
Visit_2,180,SUBJ0008,CH05,2025-08-02,2025-08-06,TRUE,166,194
Visit_3,270,SUBJ0008,CH05,2025-10-31,2025-10-25,TRUE,256,284
Visit_4,360,SUBJ0008,CH05,2026-01-29,2026-01-30,TRUE,346,374
Visit_5,450,SUBJ0008,CH05,2026-04-29,2026-04-28,TRUE,436,464
Visit_6,540,SUBJ0008,CH05,2026-07-28,2026-07-25,TRUE,526,554
Visit_7,630,SUBJ0008,CH05,2026-10-26,2026-10-19,TRUE,616,644
Visit_8,720,SUBJ0008,CH05,2027-01-24,2027-01-22,TRUE,706,734
Visit_9,810,SUBJ0008,CH05,2027-04-24,2027-04-30,TRUE,796,824
Visit_10,900,SUBJ0008,CH05,2027-07-23,NA,FALSE,886,914
Visit_11,990,SUBJ0008,CH05,2027-10-21,NA,FALSE,976,1004
Visit_12,1080,SUBJ0008,CH05,2028-01-19,NA,FALSE,1066,1094
Visit_13,1170,SUBJ0008,CH05,2028-04-18,NA,FALSE,1156,1184
End_of_Study,1080,SUBJ0008,CH05,2028-01-19,NA,FALSE,1066,1094
Safety_Followup,1170,SUBJ0008,CH05,2028-04-18,NA,FALSE,1156,1184
Screening,-7,SUBJ0009,CH12,2025-05-17,2025-05-11,TRUE,-21,7
Enrollment,0,SUBJ0009,CH12,2025-05-24,2025-05-26,TRUE,-14,14
Visit_1,90,SUBJ0009,CH12,2025-08-22,2025-08-15,TRUE,76,104
Visit_2,180,SUBJ0009,CH12,2025-11-20,2025-11-23,TRUE,166,194
Visit_3,270,SUBJ0009,CH12,2026-02-18,2026-02-25,TRUE,256,284
Visit_4,360,SUBJ0009,CH12,2026-05-19,2026-05-13,TRUE,346,374
Visit_5,450,SUBJ0009,CH12,2026-08-17,2026-08-24,TRUE,436,464
Visit_6,540,SUBJ0009,CH12,2026-11-15,2026-11-12,TRUE,526,554
Visit_7,630,SUBJ0009,CH12,2027-02-13,2027-02-16,TRUE,616,644
Visit_8,720,SUBJ0009,CH12,2027-05-14,2027-05-17,TRUE,706,734
Visit_9,810,SUBJ0009,CH12,2027-08-12,2027-08-11,TRUE,796,824
Visit_10,900,SUBJ0009,CH12,2027-11-10,2027-11-04,TRUE,886,914
Visit_11,990,SUBJ0009,CH12,2028-02-08,2028-02-02,TRUE,976,1004
Visit_12,1080,SUBJ0009,CH12,2028-05-08,2028-05-05,TRUE,1066,1094
Visit_13,1170,SUBJ0009,CH12,2028-08-06,2028-08-03,TRUE,1156,1184
End_of_Study,1080,SUBJ0009,CH12,2028-05-08,2028-05-14,TRUE,1066,1094
Safety_Followup,1170,SUBJ0009,CH12,2028-08-06,2028-08-05,TRUE,1156,1184
Screening,-7,SUBJ0010,CH14,2025-04-01,2025-03-27,TRUE,-21,7
Enrollment,0,SUBJ0010,CH14,2025-04-08,2025-04-12,TRUE,-14,14
Visit_1,90,SUBJ0010,CH14,2025-07-07,2025-07-02,TRUE,76,104
Visit_2,180,SUBJ0010,CH14,2025-10-05,2025-09-30,TRUE,166,194
Visit_3,270,SUBJ0010,CH14,2026-01-03,2026-01-03,TRUE,256,284
Visit_4,360,SUBJ0010,CH14,2026-04-03,2026-04-09,TRUE,346,374
Visit_5,450,SUBJ0010,CH14,2026-07-02,2026-06-27,TRUE,436,464
Visit_6,540,SUBJ0010,CH14,2026-09-30,2026-10-02,TRUE,526,554
Visit_7,630,SUBJ0010,CH14,2026-12-29,2026-12-24,TRUE,616,644
Visit_8,720,SUBJ0010,CH14,2027-03-29,2027-03-27,TRUE,706,734
Visit_9,810,SUBJ0010,CH14,2027-06-27,2027-06-28,TRUE,796,824
Visit_10,900,SUBJ0010,CH14,2027-09-25,2027-10-01,TRUE,886,914
Visit_11,990,SUBJ0010,CH14,2027-12-24,2027-12-26,TRUE,976,1004
Visit_12,1080,SUBJ0010,CH14,2028-03-23,2028-03-25,TRUE,1066,1094
Visit_13,1170,SUBJ0010,CH14,2028-06-21,2028-06-20,TRUE,1156,1184
End_of_Study,1080,SUBJ0010,CH14,2028-03-23,2028-03-21,TRUE,1066,1094
Safety_Followup,1170,SUBJ0010,CH14,2028-06-21,2028-06-26,TRUE,1156,1184
Screening,-7,SUBJ0011,CH01,2025-06-20,2025-06-16,TRUE,-21,7
Enrollment,0,SUBJ0011,CH01,2025-06-27,2025-07-02,TRUE,-14,14
Visit_1,90,SUBJ0011,CH01,2025-09-25,2025-09-21,TRUE,76,104
Visit_2,180,SUBJ0011,CH01,2025-12-24,2025-12-28,TRUE,166,194
Visit_3,270,SUBJ0011,CH01,2026-03-24,2026-03-28,TRUE,256,284
Visit_4,360,SUBJ0011,CH01,2026-06-22,2026-06-24,TRUE,346,374
Visit_5,450,SUBJ0011,CH01,2026-09-20,2026-09-19,TRUE,436,464
Visit_6,540,SUBJ0011,CH01,2026-12-19,2026-12-25,TRUE,526,554
Visit_7,630,SUBJ0011,CH01,2027-03-19,2027-03-21,TRUE,616,644
Visit_8,720,SUBJ0011,CH01,2027-06-17,2027-06-19,TRUE,706,734
Visit_9,810,SUBJ0011,CH01,2027-09-15,2027-09-17,TRUE,796,824
Visit_10,900,SUBJ0011,CH01,2027-12-14,2027-12-15,TRUE,886,914
Visit_11,990,SUBJ0011,CH01,2028-03-13,2028-03-16,TRUE,976,1004
Visit_12,1080,SUBJ0011,CH01,2028-06-11,2028-06-04,TRUE,1066,1094
Visit_13,1170,SUBJ0011,CH01,2028-09-09,2028-09-07,TRUE,1156,1184
End_of_Study,1080,SUBJ0011,CH01,2028-06-11,2028-06-09,TRUE,1066,1094
Safety_Followup,1170,SUBJ0011,CH01,2028-09-09,2028-09-08,TRUE,1156,1184
Screening,-7,SUBJ0012,CH03,2025-03-10,2025-03-04,TRUE,-21,7
Enrollment,0,SUBJ0012,CH03,2025-03-17,2025-03-12,TRUE,-14,14
Visit_1,90,SUBJ0012,CH03,2025-06-15,2025-06-11,TRUE,76,104
Visit_2,180,SUBJ0012,CH03,2025-09-13,2025-09-11,TRUE,166,194
Visit_3,270,SUBJ0012,CH03,2025-12-12,2025-12-16,TRUE,256,284
Visit_4,360,SUBJ0012,CH03,2026-03-12,2026-03-12,TRUE,346,374
Visit_5,450,SUBJ0012,CH03,2026-06-10,2026-06-10,TRUE,436,464
Visit_6,540,SUBJ0012,CH03,2026-09-08,2026-09-05,TRUE,526,554
Visit_7,630,SUBJ0012,CH03,2026-12-07,2026-12-04,TRUE,616,644
Visit_8,720,SUBJ0012,CH03,2027-03-07,2027-03-13,TRUE,706,734
Visit_9,810,SUBJ0012,CH03,2027-06-05,2027-06-10,TRUE,796,824
Visit_10,900,SUBJ0012,CH03,2027-09-03,2027-09-01,TRUE,886,914
Visit_11,990,SUBJ0012,CH03,2027-12-02,2027-11-26,TRUE,976,1004
Visit_12,1080,SUBJ0012,CH03,2028-03-01,2028-02-25,TRUE,1066,1094
Visit_13,1170,SUBJ0012,CH03,2028-05-30,2028-06-03,TRUE,1156,1184
End_of_Study,1080,SUBJ0012,CH03,2028-03-01,2028-03-03,TRUE,1066,1094
Safety_Followup,1170,SUBJ0012,CH03,2028-05-30,2028-06-05,TRUE,1156,1184
Screening,-7,SUBJ0013,CH10,2025-03-31,2025-03-26,TRUE,-21,7
Enrollment,0,SUBJ0013,CH10,2025-04-07,2025-04-10,TRUE,-14,14
Visit_1,90,SUBJ0013,CH10,2025-07-06,2025-07-11,TRUE,76,104
Visit_2,180,SUBJ0013,CH10,2025-10-04,2025-10-04,TRUE,166,194
Visit_3,270,SUBJ0013,CH10,2026-01-02,2026-01-07,TRUE,256,284
Visit_4,360,SUBJ0013,CH10,2026-04-02,2026-04-01,TRUE,346,374
Visit_5,450,SUBJ0013,CH10,2026-07-01,2026-06-30,TRUE,436,464
Visit_6,540,SUBJ0013,CH10,2026-09-29,2026-09-26,TRUE,526,554
Visit_7,630,SUBJ0013,CH10,2026-12-28,2026-12-24,TRUE,616,644
Visit_8,720,SUBJ0013,CH10,2027-03-28,2027-03-24,TRUE,706,734
Visit_9,810,SUBJ0013,CH10,2027-06-26,2027-06-24,TRUE,796,824
Visit_10,900,SUBJ0013,CH10,2027-09-24,2027-09-17,TRUE,886,914
Visit_11,990,SUBJ0013,CH10,2027-12-23,2027-12-25,TRUE,976,1004
Visit_12,1080,SUBJ0013,CH10,2028-03-22,2028-03-17,TRUE,1066,1094
Visit_13,1170,SUBJ0013,CH10,2028-06-20,2028-06-26,TRUE,1156,1184
End_of_Study,1080,SUBJ0013,CH10,2028-03-22,2028-03-18,TRUE,1066,1094
Safety_Followup,1170,SUBJ0013,CH10,2028-06-20,2028-06-22,TRUE,1156,1184
Screening,-7,SUBJ0014,DE01,2025-06-09,2025-06-14,TRUE,-21,7
Enrollment,0,SUBJ0014,DE01,2025-06-16,2025-06-14,TRUE,-14,14
Visit_1,90,SUBJ0014,DE01,2025-09-14,2025-09-21,TRUE,76,104
Visit_2,180,SUBJ0014,DE01,2025-12-13,2025-12-13,TRUE,166,194
Visit_3,270,SUBJ0014,DE01,2026-03-13,2026-03-06,TRUE,256,284
Visit_4,360,SUBJ0014,DE01,2026-06-11,2026-06-05,TRUE,346,374
Visit_5,450,SUBJ0014,DE01,2026-09-09,2026-09-08,TRUE,436,464
Visit_6,540,SUBJ0014,DE01,2026-12-08,2026-12-08,TRUE,526,554
Visit_7,630,SUBJ0014,DE01,2027-03-08,2027-03-05,TRUE,616,644
Visit_8,720,SUBJ0014,DE01,2027-06-06,2027-06-10,TRUE,706,734
Visit_9,810,SUBJ0014,DE01,2027-09-04,2027-09-06,TRUE,796,824
Visit_10,900,SUBJ0014,DE01,2027-12-03,2027-12-06,TRUE,886,914
Visit_11,990,SUBJ0014,DE01,2028-03-02,2028-03-03,TRUE,976,1004
Visit_12,1080,SUBJ0014,DE01,2028-05-31,2028-05-26,TRUE,1066,1094
Visit_13,1170,SUBJ0014,DE01,2028-08-29,2028-09-02,TRUE,1156,1184
End_of_Study,1080,SUBJ0014,DE01,2028-05-31,2028-05-24,TRUE,1066,1094
Safety_Followup,1170,SUBJ0014,DE01,2028-08-29,2028-08-26,TRUE,1156,1184
Screening,-7,SUBJ0015,CH09,2025-03-29,2025-03-23,TRUE,-21,7
Enrollment,0,SUBJ0015,CH09,2025-04-05,2025-04-08,TRUE,-14,14
Visit_1,90,SUBJ0015,CH09,2025-07-04,2025-06-29,TRUE,76,104
Visit_2,180,SUBJ0015,CH09,2025-10-02,2025-10-09,TRUE,166,194
Visit_3,270,SUBJ0015,CH09,2025-12-31,2026-01-01,TRUE,256,284
Visit_4,360,SUBJ0015,CH09,2026-03-31,2026-03-28,TRUE,346,374
Visit_5,450,SUBJ0015,CH09,2026-06-29,2026-07-01,TRUE,436,464
Visit_6,540,SUBJ0015,CH09,2026-09-27,2026-10-03,TRUE,526,554
Visit_7,630,SUBJ0015,CH09,2026-12-26,2026-12-25,TRUE,616,644
Visit_8,720,SUBJ0015,CH09,2027-03-26,2027-03-20,TRUE,706,734
Visit_9,810,SUBJ0015,CH09,2027-06-24,2027-06-27,TRUE,796,824
Visit_10,900,SUBJ0015,CH09,2027-09-22,2027-09-25,TRUE,886,914
Visit_11,990,SUBJ0015,CH09,2027-12-21,2027-12-16,TRUE,976,1004
Visit_12,1080,SUBJ0015,CH09,2028-03-20,2028-03-23,TRUE,1066,1094
Visit_13,1170,SUBJ0015,CH09,2028-06-18,2028-06-22,TRUE,1156,1184
End_of_Study,1080,SUBJ0015,CH09,2028-03-20,2028-03-24,TRUE,1066,1094
Safety_Followup,1170,SUBJ0015,CH09,2028-06-18,2028-06-21,TRUE,1156,1184
Screening,-7,SUBJ0016,CH02,2025-01-02,2025-01-02,TRUE,-21,7
Enrollment,0,SUBJ0016,CH02,2025-01-09,2025-01-04,TRUE,-14,14
Visit_1,90,SUBJ0016,CH02,2025-04-09,2025-04-06,TRUE,76,104
Visit_2,180,SUBJ0016,CH02,2025-07-08,2025-07-05,TRUE,166,194
Visit_3,270,SUBJ0016,CH02,2025-10-06,2025-09-30,TRUE,256,284
Visit_4,360,SUBJ0016,CH02,2026-01-04,2025-12-28,TRUE,346,374
Visit_5,450,SUBJ0016,CH02,2026-04-04,2026-04-01,TRUE,436,464
Visit_6,540,SUBJ0016,CH02,2026-07-03,2026-07-10,TRUE,526,554
Visit_7,630,SUBJ0016,CH02,2026-10-01,2026-10-01,TRUE,616,644
Visit_8,720,SUBJ0016,CH02,2026-12-30,2026-12-26,TRUE,706,734
Visit_9,810,SUBJ0016,CH02,2027-03-30,2027-03-27,TRUE,796,824
Visit_10,900,SUBJ0016,CH02,2027-06-28,2027-07-02,TRUE,886,914
Visit_11,990,SUBJ0016,CH02,2027-09-26,2027-09-23,TRUE,976,1004
Visit_12,1080,SUBJ0016,CH02,2027-12-25,2028-01-01,TRUE,1066,1094
Visit_13,1170,SUBJ0016,CH02,2028-03-24,2028-03-17,TRUE,1156,1184
End_of_Study,1080,SUBJ0016,CH02,2027-12-25,2027-12-23,TRUE,1066,1094
Safety_Followup,1170,SUBJ0016,CH02,2028-03-24,2028-03-30,TRUE,1156,1184
Screening,-7,SUBJ0017,IT01,2025-06-11,2025-06-05,TRUE,-21,7
Enrollment,0,SUBJ0017,IT01,2025-06-18,2025-06-25,TRUE,-14,14
Visit_1,90,SUBJ0017,IT01,2025-09-16,2025-09-09,TRUE,76,104
Visit_2,180,SUBJ0017,IT01,2025-12-15,2025-12-17,TRUE,166,194
Visit_3,270,SUBJ0017,IT01,2026-03-15,2026-03-21,TRUE,256,284
Visit_4,360,SUBJ0017,IT01,2026-06-13,2026-06-17,TRUE,346,374
Visit_5,450,SUBJ0017,IT01,2026-09-11,2026-09-09,TRUE,436,464
Visit_6,540,SUBJ0017,IT01,2026-12-10,2026-12-11,TRUE,526,554
Visit_7,630,SUBJ0017,IT01,2027-03-10,2027-03-16,TRUE,616,644
Visit_8,720,SUBJ0017,IT01,2027-06-08,2027-06-06,TRUE,706,734
Visit_9,810,SUBJ0017,IT01,2027-09-06,2027-09-06,TRUE,796,824
Visit_10,900,SUBJ0017,IT01,2027-12-05,2027-12-02,TRUE,886,914
Visit_11,990,SUBJ0017,IT01,2028-03-04,2028-03-07,TRUE,976,1004
Visit_12,1080,SUBJ0017,IT01,2028-06-02,2028-05-27,TRUE,1066,1094
Visit_13,1170,SUBJ0017,IT01,2028-08-31,2028-09-05,TRUE,1156,1184
End_of_Study,1080,SUBJ0017,IT01,2028-06-02,2028-05-29,TRUE,1066,1094
Safety_Followup,1170,SUBJ0017,IT01,2028-08-31,2028-09-05,TRUE,1156,1184
Screening,-7,SUBJ0018,CH16,2025-05-16,2025-05-18,TRUE,-21,7
Enrollment,0,SUBJ0018,CH16,2025-05-23,2025-05-25,TRUE,-14,14
Visit_1,90,SUBJ0018,CH16,2025-08-21,2025-08-22,TRUE,76,104
Visit_2,180,SUBJ0018,CH16,2025-11-19,2025-11-13,TRUE,166,194
Visit_3,270,SUBJ0018,CH16,2026-02-17,2026-02-12,TRUE,256,284
Visit_4,360,SUBJ0018,CH16,2026-05-18,2026-05-17,TRUE,346,374
Visit_5,450,SUBJ0018,CH16,2026-08-16,2026-08-14,TRUE,436,464
Visit_6,540,SUBJ0018,CH16,2026-11-14,2026-11-12,TRUE,526,554
Visit_7,630,SUBJ0018,CH16,2027-02-12,2027-02-16,TRUE,616,644
Visit_8,720,SUBJ0018,CH16,2027-05-13,2027-05-18,TRUE,706,734
Visit_9,810,SUBJ0018,CH16,2027-08-11,2027-08-13,TRUE,796,824
Visit_10,900,SUBJ0018,CH16,2027-11-09,2027-11-12,TRUE,886,914
Visit_11,990,SUBJ0018,CH16,2028-02-07,2028-02-01,TRUE,976,1004
Visit_12,1080,SUBJ0018,CH16,2028-05-07,2028-04-30,TRUE,1066,1094
Visit_13,1170,SUBJ0018,CH16,2028-08-05,2028-08-01,TRUE,1156,1184
End_of_Study,1080,SUBJ0018,CH16,2028-05-07,2028-05-04,TRUE,1066,1094
Safety_Followup,1170,SUBJ0018,CH16,2028-08-05,2028-08-02,TRUE,1156,1184
Screening,-7,SUBJ0019,CH16,2025-06-01,2025-06-05,TRUE,-21,7
Enrollment,0,SUBJ0019,CH16,2025-06-08,2025-06-08,TRUE,-14,14
Visit_1,90,SUBJ0019,CH16,2025-09-06,2025-09-07,TRUE,76,104
Visit_2,180,SUBJ0019,CH16,2025-12-05,2025-12-01,TRUE,166,194
Visit_3,270,SUBJ0019,CH16,2026-03-05,2026-02-26,TRUE,256,284
Visit_4,360,SUBJ0019,CH16,2026-06-03,2026-06-04,TRUE,346,374
Visit_5,450,SUBJ0019,CH16,2026-09-01,2026-09-03,TRUE,436,464
Visit_6,540,SUBJ0019,CH16,2026-11-30,2026-12-01,TRUE,526,554
Visit_7,630,SUBJ0019,CH16,2027-02-28,2027-03-03,TRUE,616,644
Visit_8,720,SUBJ0019,CH16,2027-05-29,2027-06-02,TRUE,706,734
Visit_9,810,SUBJ0019,CH16,2027-08-27,2027-08-22,TRUE,796,824
Visit_10,900,SUBJ0019,CH16,2027-11-25,2027-11-27,TRUE,886,914
Visit_11,990,SUBJ0019,CH16,2028-02-23,2028-02-18,TRUE,976,1004
Visit_12,1080,SUBJ0019,CH16,2028-05-23,2028-05-26,TRUE,1066,1094
Visit_13,1170,SUBJ0019,CH16,2028-08-21,2028-08-21,TRUE,1156,1184
End_of_Study,1080,SUBJ0019,CH16,2028-05-23,2028-05-29,TRUE,1066,1094
Safety_Followup,1170,SUBJ0019,CH16,2028-08-21,2028-08-25,TRUE,1156,1184
Screening,-7,SUBJ0020,DE01,2025-04-27,2025-04-24,TRUE,-21,7
Enrollment,0,SUBJ0020,DE01,2025-05-04,2025-05-07,TRUE,-14,14
Visit_1,90,SUBJ0020,DE01,2025-08-02,2025-07-27,TRUE,76,104
Visit_2,180,SUBJ0020,DE01,2025-10-31,2025-11-04,TRUE,166,194
Visit_3,270,SUBJ0020,DE01,2026-01-29,2026-02-02,TRUE,256,284
Visit_4,360,SUBJ0020,DE01,2026-04-29,2026-04-30,TRUE,346,374
Visit_5,450,SUBJ0020,DE01,2026-07-28,2026-07-22,TRUE,436,464
Visit_6,540,SUBJ0020,DE01,2026-10-26,2026-10-23,TRUE,526,554
Visit_7,630,SUBJ0020,DE01,2027-01-24,2027-01-29,TRUE,616,644
Visit_8,720,SUBJ0020,DE01,2027-04-24,2027-04-24,TRUE,706,734
Visit_9,810,SUBJ0020,DE01,2027-07-23,2027-07-21,TRUE,796,824
Visit_10,900,SUBJ0020,DE01,2027-10-21,2027-10-25,TRUE,886,914
Visit_11,990,SUBJ0020,DE01,2028-01-19,2028-01-13,TRUE,976,1004
Visit_12,1080,SUBJ0020,DE01,2028-04-18,2028-04-22,TRUE,1066,1094
Visit_13,1170,SUBJ0020,DE01,2028-07-17,2028-07-17,TRUE,1156,1184
End_of_Study,1080,SUBJ0020,DE01,2028-04-18,2028-04-13,TRUE,1066,1094
Safety_Followup,1170,SUBJ0020,DE01,2028-07-17,2028-07-16,TRUE,1156,1184
Screening,-7,SUBJ0021,CH16,2024-12-25,2024-12-22,TRUE,-21,7
Enrollment,0,SUBJ0021,CH16,2025-01-01,2025-01-05,TRUE,-14,14
Visit_1,90,SUBJ0021,CH16,2025-04-01,2025-04-07,TRUE,76,104
Visit_2,180,SUBJ0021,CH16,2025-06-30,2025-06-28,TRUE,166,194
Visit_3,270,SUBJ0021,CH16,2025-09-28,2025-09-28,TRUE,256,284
Visit_4,360,SUBJ0021,CH16,2025-12-27,2026-01-03,TRUE,346,374
Visit_5,450,SUBJ0021,CH16,2026-03-27,2026-04-02,TRUE,436,464
Visit_6,540,SUBJ0021,CH16,2026-06-25,2026-06-21,TRUE,526,554
Visit_7,630,SUBJ0021,CH16,2026-09-23,2026-09-25,TRUE,616,644
Visit_8,720,SUBJ0021,CH16,2026-12-22,2026-12-26,TRUE,706,734
Visit_9,810,SUBJ0021,CH16,2027-03-22,2027-03-16,TRUE,796,824
Visit_10,900,SUBJ0021,CH16,2027-06-20,2027-06-23,TRUE,886,914
Visit_11,990,SUBJ0021,CH16,2027-09-18,2027-09-14,TRUE,976,1004
Visit_12,1080,SUBJ0021,CH16,2027-12-17,2027-12-13,TRUE,1066,1094
Visit_13,1170,SUBJ0021,CH16,2028-03-16,2028-03-13,TRUE,1156,1184
End_of_Study,1080,SUBJ0021,CH16,2027-12-17,2027-12-15,TRUE,1066,1094
Safety_Followup,1170,SUBJ0021,CH16,2028-03-16,2028-03-21,TRUE,1156,1184
Screening,-7,SUBJ0022,CH15,2025-02-22,2025-02-27,TRUE,-21,7
Enrollment,0,SUBJ0022,CH15,2025-03-01,2025-02-28,TRUE,-14,14
Visit_1,90,SUBJ0022,CH15,2025-05-30,2025-06-02,TRUE,76,104
Visit_2,180,SUBJ0022,CH15,2025-08-28,2025-08-25,TRUE,166,194
Visit_3,270,SUBJ0022,CH15,2025-11-26,2025-11-22,TRUE,256,284
Visit_4,360,SUBJ0022,CH15,2026-02-24,2026-02-23,TRUE,346,374
Visit_5,450,SUBJ0022,CH15,2026-05-25,2026-05-23,TRUE,436,464
Visit_6,540,SUBJ0022,CH15,2026-08-23,2026-08-18,TRUE,526,554
Visit_7,630,SUBJ0022,CH15,2026-11-21,2026-11-20,TRUE,616,644
Visit_8,720,SUBJ0022,CH15,2027-02-19,2027-02-12,TRUE,706,734
Visit_9,810,SUBJ0022,CH15,2027-05-20,2027-05-27,TRUE,796,824
Visit_10,900,SUBJ0022,CH15,2027-08-18,2027-08-11,TRUE,886,914
Visit_11,990,SUBJ0022,CH15,2027-11-16,2027-11-20,TRUE,976,1004
Visit_12,1080,SUBJ0022,CH15,2028-02-14,2028-02-19,TRUE,1066,1094
Visit_13,1170,SUBJ0022,CH15,2028-05-14,2028-05-13,TRUE,1156,1184
End_of_Study,1080,SUBJ0022,CH15,2028-02-14,2028-02-11,TRUE,1066,1094
Safety_Followup,1170,SUBJ0022,CH15,2028-05-14,2028-05-18,TRUE,1156,1184
Screening,-7,SUBJ0023,CH01,2025-01-05,2025-01-08,TRUE,-21,7
Enrollment,0,SUBJ0023,CH01,2025-01-12,2025-01-09,TRUE,-14,14
Visit_1,90,SUBJ0023,CH01,2025-04-12,2025-04-11,TRUE,76,104
Visit_2,180,SUBJ0023,CH01,2025-07-11,2025-07-17,TRUE,166,194
Visit_3,270,SUBJ0023,CH01,2025-10-09,2025-10-09,TRUE,256,284
Visit_4,360,SUBJ0023,CH01,2026-01-07,2026-01-03,TRUE,346,374
Visit_5,450,SUBJ0023,CH01,2026-04-07,2026-04-02,TRUE,436,464
Visit_6,540,SUBJ0023,CH01,2026-07-06,2026-07-09,TRUE,526,554
Visit_7,630,SUBJ0023,CH01,2026-10-04,2026-09-27,TRUE,616,644
Visit_8,720,SUBJ0023,CH01,2027-01-02,2027-01-04,TRUE,706,734
Visit_9,810,SUBJ0023,CH01,2027-04-02,2027-03-28,TRUE,796,824
Visit_10,900,SUBJ0023,CH01,2027-07-01,2027-07-03,TRUE,886,914
Visit_11,990,SUBJ0023,CH01,2027-09-29,2027-09-28,TRUE,976,1004
Visit_12,1080,SUBJ0023,CH01,2027-12-28,2027-12-21,TRUE,1066,1094
Visit_13,1170,SUBJ0023,CH01,2028-03-27,2028-03-29,TRUE,1156,1184
End_of_Study,1080,SUBJ0023,CH01,2027-12-28,2028-01-02,TRUE,1066,1094
Safety_Followup,1170,SUBJ0023,CH01,2028-03-27,2028-03-24,TRUE,1156,1184
Screening,-7,SUBJ0024,CH05,2025-03-15,2025-03-17,TRUE,-21,7
Enrollment,0,SUBJ0024,CH05,2025-03-22,2025-03-21,TRUE,-14,14
Visit_1,90,SUBJ0024,CH05,2025-06-20,2025-06-16,TRUE,76,104
Visit_2,180,SUBJ0024,CH05,2025-09-18,2025-09-22,TRUE,166,194
Visit_3,270,SUBJ0024,CH05,2025-12-17,2025-12-10,TRUE,256,284
Visit_4,360,SUBJ0024,CH05,2026-03-17,2026-03-13,TRUE,346,374
Visit_5,450,SUBJ0024,CH05,2026-06-15,2026-06-10,TRUE,436,464
Visit_6,540,SUBJ0024,CH05,2026-09-13,2026-09-12,TRUE,526,554
Visit_7,630,SUBJ0024,CH05,2026-12-12,2026-12-08,TRUE,616,644
Visit_8,720,SUBJ0024,CH05,2027-03-12,2027-03-15,TRUE,706,734
Visit_9,810,SUBJ0024,CH05,2027-06-10,2027-06-07,TRUE,796,824
Visit_10,900,SUBJ0024,CH05,2027-09-08,2027-09-13,TRUE,886,914
Visit_11,990,SUBJ0024,CH05,2027-12-07,2027-12-03,TRUE,976,1004
Visit_12,1080,SUBJ0024,CH05,2028-03-06,2028-03-12,TRUE,1066,1094
Visit_13,1170,SUBJ0024,CH05,2028-06-04,2028-05-31,TRUE,1156,1184
End_of_Study,1080,SUBJ0024,CH05,2028-03-06,2028-03-12,TRUE,1066,1094
Safety_Followup,1170,SUBJ0024,CH05,2028-06-04,2028-06-01,TRUE,1156,1184
Screening,-7,SUBJ0025,CH11,2025-04-06,2025-04-06,TRUE,-21,7
Enrollment,0,SUBJ0025,CH11,2025-04-13,2025-04-07,TRUE,-14,14
Visit_1,90,SUBJ0025,CH11,2025-07-12,2025-07-05,TRUE,76,104
Visit_2,180,SUBJ0025,CH11,2025-10-10,2025-10-10,TRUE,166,194
Visit_3,270,SUBJ0025,CH11,2026-01-08,2026-01-05,TRUE,256,284
Visit_4,360,SUBJ0025,CH11,2026-04-08,NA,FALSE,346,374
Visit_5,450,SUBJ0025,CH11,2026-07-07,NA,FALSE,436,464
Visit_6,540,SUBJ0025,CH11,2026-10-05,NA,FALSE,526,554
Visit_7,630,SUBJ0025,CH11,2027-01-03,NA,FALSE,616,644
Visit_8,720,SUBJ0025,CH11,2027-04-03,NA,FALSE,706,734
Visit_9,810,SUBJ0025,CH11,2027-07-02,NA,FALSE,796,824
Visit_10,900,SUBJ0025,CH11,2027-09-30,NA,FALSE,886,914
Visit_11,990,SUBJ0025,CH11,2027-12-29,NA,FALSE,976,1004
Visit_12,1080,SUBJ0025,CH11,2028-03-28,NA,FALSE,1066,1094
Visit_13,1170,SUBJ0025,CH11,2028-06-26,NA,FALSE,1156,1184
End_of_Study,1080,SUBJ0025,CH11,2028-03-28,NA,FALSE,1066,1094
Safety_Followup,1170,SUBJ0025,CH11,2028-06-26,NA,FALSE,1156,1184
Screening,-7,SUBJ0026,CH03,2025-05-25,2025-05-22,TRUE,-21,7
Enrollment,0,SUBJ0026,CH03,2025-06-01,2025-06-01,TRUE,-14,14
Visit_1,90,SUBJ0026,CH03,2025-08-30,2025-08-27,TRUE,76,104
Visit_2,180,SUBJ0026,CH03,2025-11-28,2025-12-01,TRUE,166,194
Visit_3,270,SUBJ0026,CH03,2026-02-26,2026-03-05,TRUE,256,284
Visit_4,360,SUBJ0026,CH03,2026-05-27,2026-05-23,TRUE,346,374
Visit_5,450,SUBJ0026,CH03,2026-08-25,2026-08-26,TRUE,436,464
Visit_6,540,SUBJ0026,CH03,2026-11-23,2026-11-18,TRUE,526,554
Visit_7,630,SUBJ0026,CH03,2027-02-21,NA,FALSE,616,644
Visit_8,720,SUBJ0026,CH03,2027-05-22,NA,FALSE,706,734
Visit_9,810,SUBJ0026,CH03,2027-08-20,NA,FALSE,796,824
Visit_10,900,SUBJ0026,CH03,2027-11-18,NA,FALSE,886,914
Visit_11,990,SUBJ0026,CH03,2028-02-16,NA,FALSE,976,1004
Visit_12,1080,SUBJ0026,CH03,2028-05-16,NA,FALSE,1066,1094
Visit_13,1170,SUBJ0026,CH03,2028-08-14,NA,FALSE,1156,1184
End_of_Study,1080,SUBJ0026,CH03,2028-05-16,NA,FALSE,1066,1094
Safety_Followup,1170,SUBJ0026,CH03,2028-08-14,NA,FALSE,1156,1184
Screening,-7,SUBJ0027,CH15,2025-02-17,2025-02-23,TRUE,-21,7
Enrollment,0,SUBJ0027,CH15,2025-02-24,2025-02-19,TRUE,-14,14
Visit_1,90,SUBJ0027,CH15,2025-05-25,2025-05-19,TRUE,76,104
Visit_2,180,SUBJ0027,CH15,2025-08-23,2025-08-20,TRUE,166,194
Visit_3,270,SUBJ0027,CH15,2025-11-21,2025-11-25,TRUE,256,284
Visit_4,360,SUBJ0027,CH15,2026-02-19,2026-02-24,TRUE,346,374
Visit_5,450,SUBJ0027,CH15,2026-05-20,2026-05-13,TRUE,436,464
Visit_6,540,SUBJ0027,CH15,2026-08-18,2026-08-21,TRUE,526,554
Visit_7,630,SUBJ0027,CH15,2026-11-16,2026-11-19,TRUE,616,644
Visit_8,720,SUBJ0027,CH15,2027-02-14,2027-02-10,TRUE,706,734
Visit_9,810,SUBJ0027,CH15,2027-05-15,2027-05-22,TRUE,796,824
Visit_10,900,SUBJ0027,CH15,2027-08-13,2027-08-15,TRUE,886,914
Visit_11,990,SUBJ0027,CH15,2027-11-11,2027-11-18,TRUE,976,1004
Visit_12,1080,SUBJ0027,CH15,2028-02-09,2028-02-12,TRUE,1066,1094
Visit_13,1170,SUBJ0027,CH15,2028-05-09,2028-05-05,TRUE,1156,1184
End_of_Study,1080,SUBJ0027,CH15,2028-02-09,2028-02-07,TRUE,1066,1094
Safety_Followup,1170,SUBJ0027,CH15,2028-05-09,2028-05-02,TRUE,1156,1184
Screening,-7,SUBJ0028,CH10,2025-06-18,2025-06-12,TRUE,-21,7
Enrollment,0,SUBJ0028,CH10,2025-06-25,2025-06-19,TRUE,-14,14
Visit_1,90,SUBJ0028,CH10,2025-09-23,2025-09-22,TRUE,76,104
Visit_2,180,SUBJ0028,CH10,2025-12-22,2025-12-29,TRUE,166,194
Visit_3,270,SUBJ0028,CH10,2026-03-22,2026-03-17,TRUE,256,284
Visit_4,360,SUBJ0028,CH10,2026-06-20,2026-06-15,TRUE,346,374
Visit_5,450,SUBJ0028,CH10,2026-09-18,2026-09-18,TRUE,436,464
Visit_6,540,SUBJ0028,CH10,2026-12-17,2026-12-18,TRUE,526,554
Visit_7,630,SUBJ0028,CH10,2027-03-17,2027-03-22,TRUE,616,644
Visit_8,720,SUBJ0028,CH10,2027-06-15,2027-06-18,TRUE,706,734
Visit_9,810,SUBJ0028,CH10,2027-09-13,2027-09-19,TRUE,796,824
Visit_10,900,SUBJ0028,CH10,2027-12-12,2027-12-05,TRUE,886,914
Visit_11,990,SUBJ0028,CH10,2028-03-11,2028-03-05,TRUE,976,1004
Visit_12,1080,SUBJ0028,CH10,2028-06-09,2028-06-14,TRUE,1066,1094
Visit_13,1170,SUBJ0028,CH10,2028-09-07,2028-08-31,TRUE,1156,1184
End_of_Study,1080,SUBJ0028,CH10,2028-06-09,2028-06-06,TRUE,1066,1094
Safety_Followup,1170,SUBJ0028,CH10,2028-09-07,2028-09-05,TRUE,1156,1184
Screening,-7,SUBJ0029,CH01,2025-04-09,2025-04-13,TRUE,-21,7
Enrollment,0,SUBJ0029,CH01,2025-04-16,2025-04-12,TRUE,-14,14
Visit_1,90,SUBJ0029,CH01,2025-07-15,2025-07-22,TRUE,76,104
Visit_2,180,SUBJ0029,CH01,2025-10-13,2025-10-06,TRUE,166,194
Visit_3,270,SUBJ0029,CH01,2026-01-11,2026-01-10,TRUE,256,284
Visit_4,360,SUBJ0029,CH01,2026-04-11,2026-04-08,TRUE,346,374
Visit_5,450,SUBJ0029,CH01,2026-07-10,2026-07-09,TRUE,436,464
Visit_6,540,SUBJ0029,CH01,2026-10-08,2026-10-07,TRUE,526,554
Visit_7,630,SUBJ0029,CH01,2027-01-06,2027-01-05,TRUE,616,644
Visit_8,720,SUBJ0029,CH01,2027-04-06,2027-04-03,TRUE,706,734
Visit_9,810,SUBJ0029,CH01,2027-07-05,2027-07-09,TRUE,796,824
Visit_10,900,SUBJ0029,CH01,2027-10-03,2027-09-26,TRUE,886,914
Visit_11,990,SUBJ0029,CH01,2028-01-01,2027-12-28,TRUE,976,1004
Visit_12,1080,SUBJ0029,CH01,2028-03-31,2028-03-26,TRUE,1066,1094
Visit_13,1170,SUBJ0029,CH01,2028-06-29,2028-06-29,TRUE,1156,1184
End_of_Study,1080,SUBJ0029,CH01,2028-03-31,2028-04-01,TRUE,1066,1094
Safety_Followup,1170,SUBJ0029,CH01,2028-06-29,2028-06-29,TRUE,1156,1184
Screening,-7,SUBJ0030,CH11,2025-03-05,2025-03-09,TRUE,-21,7
Enrollment,0,SUBJ0030,CH11,2025-03-12,2025-03-08,TRUE,-14,14
Visit_1,90,SUBJ0030,CH11,2025-06-10,2025-06-04,TRUE,76,104
Visit_2,180,SUBJ0030,CH11,2025-09-08,2025-09-01,TRUE,166,194
Visit_3,270,SUBJ0030,CH11,2025-12-07,2025-12-13,TRUE,256,284
Visit_4,360,SUBJ0030,CH11,2026-03-07,2026-03-07,TRUE,346,374
Visit_5,450,SUBJ0030,CH11,2026-06-05,2026-06-04,TRUE,436,464
Visit_6,540,SUBJ0030,CH11,2026-09-03,2026-09-06,TRUE,526,554
Visit_7,630,SUBJ0030,CH11,2026-12-02,2026-12-06,TRUE,616,644
Visit_8,720,SUBJ0030,CH11,2027-03-02,2027-02-28,TRUE,706,734
Visit_9,810,SUBJ0030,CH11,2027-05-31,2027-06-01,TRUE,796,824
Visit_10,900,SUBJ0030,CH11,2027-08-29,2027-08-30,TRUE,886,914
Visit_11,990,SUBJ0030,CH11,2027-11-27,2027-11-26,TRUE,976,1004
Visit_12,1080,SUBJ0030,CH11,2028-02-25,2028-02-26,TRUE,1066,1094
Visit_13,1170,SUBJ0030,CH11,2028-05-25,2028-05-29,TRUE,1156,1184
End_of_Study,1080,SUBJ0030,CH11,2028-02-25,2028-02-28,TRUE,1066,1094
Safety_Followup,1170,SUBJ0030,CH11,2028-05-25,2028-05-21,TRUE,1156,1184
Screening,-7,SUBJ0031,CH08,2025-04-25,2025-04-23,TRUE,-21,7
Enrollment,0,SUBJ0031,CH08,2025-05-02,2025-05-05,TRUE,-14,14
Visit_1,90,SUBJ0031,CH08,2025-07-31,2025-07-29,TRUE,76,104
Visit_2,180,SUBJ0031,CH08,2025-10-29,2025-10-25,TRUE,166,194
Visit_3,270,SUBJ0031,CH08,2026-01-27,2026-01-30,TRUE,256,284
Visit_4,360,SUBJ0031,CH08,2026-04-27,2026-05-03,TRUE,346,374
Visit_5,450,SUBJ0031,CH08,2026-07-26,2026-08-01,TRUE,436,464
Visit_6,540,SUBJ0031,CH08,2026-10-24,2026-10-26,TRUE,526,554
Visit_7,630,SUBJ0031,CH08,2027-01-22,2027-01-17,TRUE,616,644
Visit_8,720,SUBJ0031,CH08,2027-04-22,2027-04-15,TRUE,706,734
Visit_9,810,SUBJ0031,CH08,2027-07-21,2027-07-20,TRUE,796,824
Visit_10,900,SUBJ0031,CH08,2027-10-19,2027-10-24,TRUE,886,914
Visit_11,990,SUBJ0031,CH08,2028-01-17,2028-01-13,TRUE,976,1004
Visit_12,1080,SUBJ0031,CH08,2028-04-16,2028-04-18,TRUE,1066,1094
Visit_13,1170,SUBJ0031,CH08,2028-07-15,2028-07-16,TRUE,1156,1184
End_of_Study,1080,SUBJ0031,CH08,2028-04-16,2028-04-13,TRUE,1066,1094
Safety_Followup,1170,SUBJ0031,CH08,2028-07-15,2028-07-22,TRUE,1156,1184
Screening,-7,SUBJ0032,CH08,2025-04-24,2025-04-27,TRUE,-21,7
Enrollment,0,SUBJ0032,CH08,2025-05-01,2025-05-08,TRUE,-14,14
Visit_1,90,SUBJ0032,CH08,2025-07-30,2025-08-04,TRUE,76,104
Visit_2,180,SUBJ0032,CH08,2025-10-28,2025-10-29,TRUE,166,194
Visit_3,270,SUBJ0032,CH08,2026-01-26,2026-01-19,TRUE,256,284
Visit_4,360,SUBJ0032,CH08,2026-04-26,2026-04-27,TRUE,346,374
Visit_5,450,SUBJ0032,CH08,2026-07-25,2026-07-26,TRUE,436,464
Visit_6,540,SUBJ0032,CH08,2026-10-23,2026-10-18,TRUE,526,554
Visit_7,630,SUBJ0032,CH08,2027-01-21,2027-01-27,TRUE,616,644
Visit_8,720,SUBJ0032,CH08,2027-04-21,2027-04-15,TRUE,706,734
Visit_9,810,SUBJ0032,CH08,2027-07-20,2027-07-14,TRUE,796,824
Visit_10,900,SUBJ0032,CH08,2027-10-18,2027-10-19,TRUE,886,914
Visit_11,990,SUBJ0032,CH08,2028-01-16,2028-01-21,TRUE,976,1004
Visit_12,1080,SUBJ0032,CH08,2028-04-15,2028-04-10,TRUE,1066,1094
Visit_13,1170,SUBJ0032,CH08,2028-07-14,2028-07-17,TRUE,1156,1184
End_of_Study,1080,SUBJ0032,CH08,2028-04-15,2028-04-11,TRUE,1066,1094
Safety_Followup,1170,SUBJ0032,CH08,2028-07-14,2028-07-09,TRUE,1156,1184
Screening,-7,SUBJ0033,CH12,2025-03-12,2025-03-07,TRUE,-21,7
Enrollment,0,SUBJ0033,CH12,2025-03-19,2025-03-19,TRUE,-14,14
Visit_1,90,SUBJ0033,CH12,2025-06-17,2025-06-22,TRUE,76,104
Visit_2,180,SUBJ0033,CH12,2025-09-15,2025-09-18,TRUE,166,194
Visit_3,270,SUBJ0033,CH12,2025-12-14,2025-12-21,TRUE,256,284
Visit_4,360,SUBJ0033,CH12,2026-03-14,2026-03-21,TRUE,346,374
Visit_5,450,SUBJ0033,CH12,2026-06-12,2026-06-17,TRUE,436,464
Visit_6,540,SUBJ0033,CH12,2026-09-10,2026-09-07,TRUE,526,554
Visit_7,630,SUBJ0033,CH12,2026-12-09,2026-12-08,TRUE,616,644
Visit_8,720,SUBJ0033,CH12,2027-03-09,2027-03-16,TRUE,706,734
Visit_9,810,SUBJ0033,CH12,2027-06-07,2027-06-04,TRUE,796,824
Visit_10,900,SUBJ0033,CH12,2027-09-05,2027-08-30,TRUE,886,914
Visit_11,990,SUBJ0033,CH12,2027-12-04,2027-11-27,TRUE,976,1004
Visit_12,1080,SUBJ0033,CH12,2028-03-03,2028-03-10,TRUE,1066,1094
Visit_13,1170,SUBJ0033,CH12,2028-06-01,2028-05-28,TRUE,1156,1184
End_of_Study,1080,SUBJ0033,CH12,2028-03-03,2028-02-29,TRUE,1066,1094
Safety_Followup,1170,SUBJ0033,CH12,2028-06-01,2028-06-07,TRUE,1156,1184
Screening,-7,SUBJ0034,CH16,2025-04-10,2025-04-03,TRUE,-21,7
Enrollment,0,SUBJ0034,CH16,2025-04-17,2025-04-19,TRUE,-14,14
Visit_1,90,SUBJ0034,CH16,2025-07-16,2025-07-15,TRUE,76,104
Visit_2,180,SUBJ0034,CH16,2025-10-14,2025-10-11,TRUE,166,194
Visit_3,270,SUBJ0034,CH16,2026-01-12,2026-01-09,TRUE,256,284
Visit_4,360,SUBJ0034,CH16,2026-04-12,2026-04-05,TRUE,346,374
Visit_5,450,SUBJ0034,CH16,2026-07-11,2026-07-18,TRUE,436,464
Visit_6,540,SUBJ0034,CH16,2026-10-09,2026-10-04,TRUE,526,554
Visit_7,630,SUBJ0034,CH16,2027-01-07,2027-01-14,TRUE,616,644
Visit_8,720,SUBJ0034,CH16,2027-04-07,2027-03-31,TRUE,706,734
Visit_9,810,SUBJ0034,CH16,2027-07-06,2027-07-02,TRUE,796,824
Visit_10,900,SUBJ0034,CH16,2027-10-04,2027-10-01,TRUE,886,914
Visit_11,990,SUBJ0034,CH16,2028-01-02,2028-01-03,TRUE,976,1004
Visit_12,1080,SUBJ0034,CH16,2028-04-01,2028-04-04,TRUE,1066,1094
Visit_13,1170,SUBJ0034,CH16,2028-06-30,2028-06-29,TRUE,1156,1184
End_of_Study,1080,SUBJ0034,CH16,2028-04-01,2028-03-27,TRUE,1066,1094
Safety_Followup,1170,SUBJ0034,CH16,2028-06-30,2028-06-25,TRUE,1156,1184
Screening,-7,SUBJ0035,CH13,2025-03-15,2025-03-15,TRUE,-21,7
Enrollment,0,SUBJ0035,CH13,2025-03-22,2025-03-24,TRUE,-14,14
Visit_1,90,SUBJ0035,CH13,2025-06-20,2025-06-26,TRUE,76,104
Visit_2,180,SUBJ0035,CH13,2025-09-18,2025-09-18,TRUE,166,194
Visit_3,270,SUBJ0035,CH13,2025-12-17,2025-12-18,TRUE,256,284
Visit_4,360,SUBJ0035,CH13,2026-03-17,2026-03-12,TRUE,346,374
Visit_5,450,SUBJ0035,CH13,2026-06-15,2026-06-12,TRUE,436,464
Visit_6,540,SUBJ0035,CH13,2026-09-13,2026-09-07,TRUE,526,554
Visit_7,630,SUBJ0035,CH13,2026-12-12,2026-12-11,TRUE,616,644
Visit_8,720,SUBJ0035,CH13,2027-03-12,2027-03-06,TRUE,706,734
Visit_9,810,SUBJ0035,CH13,2027-06-10,2027-06-16,TRUE,796,824
Visit_10,900,SUBJ0035,CH13,2027-09-08,2027-09-14,TRUE,886,914
Visit_11,990,SUBJ0035,CH13,2027-12-07,2027-12-14,TRUE,976,1004
Visit_12,1080,SUBJ0035,CH13,2028-03-06,2028-03-07,TRUE,1066,1094
Visit_13,1170,SUBJ0035,CH13,2028-06-04,2028-06-02,TRUE,1156,1184
End_of_Study,1080,SUBJ0035,CH13,2028-03-06,2028-03-07,TRUE,1066,1094
Safety_Followup,1170,SUBJ0035,CH13,2028-06-04,2028-06-11,TRUE,1156,1184
Screening,-7,SUBJ0036,CH01,2025-05-02,2025-04-30,TRUE,-21,7
Enrollment,0,SUBJ0036,CH01,2025-05-09,2025-05-05,TRUE,-14,14
Visit_1,90,SUBJ0036,CH01,2025-08-07,2025-08-03,TRUE,76,104
Visit_2,180,SUBJ0036,CH01,2025-11-05,2025-11-01,TRUE,166,194
Visit_3,270,SUBJ0036,CH01,2026-02-03,2026-02-07,TRUE,256,284
Visit_4,360,SUBJ0036,CH01,2026-05-04,2026-05-05,TRUE,346,374
Visit_5,450,SUBJ0036,CH01,2026-08-02,2026-07-27,TRUE,436,464
Visit_6,540,SUBJ0036,CH01,2026-10-31,2026-11-07,TRUE,526,554
Visit_7,630,SUBJ0036,CH01,2027-01-29,2027-01-24,TRUE,616,644
Visit_8,720,SUBJ0036,CH01,2027-04-29,NA,FALSE,706,734
Visit_9,810,SUBJ0036,CH01,2027-07-28,NA,FALSE,796,824
Visit_10,900,SUBJ0036,CH01,2027-10-26,NA,FALSE,886,914
Visit_11,990,SUBJ0036,CH01,2028-01-24,NA,FALSE,976,1004
Visit_12,1080,SUBJ0036,CH01,2028-04-23,NA,FALSE,1066,1094
Visit_13,1170,SUBJ0036,CH01,2028-07-22,NA,FALSE,1156,1184
End_of_Study,1080,SUBJ0036,CH01,2028-04-23,NA,FALSE,1066,1094
Safety_Followup,1170,SUBJ0036,CH01,2028-07-22,NA,FALSE,1156,1184
Screening,-7,SUBJ0037,CH15,2025-06-13,2025-06-09,TRUE,-21,7
Enrollment,0,SUBJ0037,CH15,2025-06-20,2025-06-20,TRUE,-14,14
Visit_1,90,SUBJ0037,CH15,2025-09-18,2025-09-22,TRUE,76,104
Visit_2,180,SUBJ0037,CH15,2025-12-17,2025-12-15,TRUE,166,194
Visit_3,270,SUBJ0037,CH15,2026-03-17,2026-03-14,TRUE,256,284
Visit_4,360,SUBJ0037,CH15,2026-06-15,2026-06-13,TRUE,346,374
Visit_5,450,SUBJ0037,CH15,2026-09-13,2026-09-17,TRUE,436,464
Visit_6,540,SUBJ0037,CH15,2026-12-12,2026-12-10,TRUE,526,554
Visit_7,630,SUBJ0037,CH15,2027-03-12,2027-03-18,TRUE,616,644
Visit_8,720,SUBJ0037,CH15,2027-06-10,2027-06-06,TRUE,706,734
Visit_9,810,SUBJ0037,CH15,2027-09-08,NA,FALSE,796,824
Visit_10,900,SUBJ0037,CH15,2027-12-07,NA,FALSE,886,914
Visit_11,990,SUBJ0037,CH15,2028-03-06,NA,FALSE,976,1004
Visit_12,1080,SUBJ0037,CH15,2028-06-04,NA,FALSE,1066,1094
Visit_13,1170,SUBJ0037,CH15,2028-09-02,NA,FALSE,1156,1184
End_of_Study,1080,SUBJ0037,CH15,2028-06-04,NA,FALSE,1066,1094
Safety_Followup,1170,SUBJ0037,CH15,2028-09-02,NA,FALSE,1156,1184
Screening,-7,SUBJ0038,FR01,2025-03-15,2025-03-09,TRUE,-21,7
Enrollment,0,SUBJ0038,FR01,2025-03-22,2025-03-24,TRUE,-14,14
Visit_1,90,SUBJ0038,FR01,2025-06-20,2025-06-16,TRUE,76,104
Visit_2,180,SUBJ0038,FR01,2025-09-18,2025-09-23,TRUE,166,194
Visit_3,270,SUBJ0038,FR01,2025-12-17,2025-12-20,TRUE,256,284
Visit_4,360,SUBJ0038,FR01,2026-03-17,2026-03-22,TRUE,346,374
Visit_5,450,SUBJ0038,FR01,2026-06-15,2026-06-08,TRUE,436,464
Visit_6,540,SUBJ0038,FR01,2026-09-13,2026-09-09,TRUE,526,554
Visit_7,630,SUBJ0038,FR01,2026-12-12,2026-12-10,TRUE,616,644
Visit_8,720,SUBJ0038,FR01,2027-03-12,2027-03-14,TRUE,706,734
Visit_9,810,SUBJ0038,FR01,2027-06-10,2027-06-16,TRUE,796,824
Visit_10,900,SUBJ0038,FR01,2027-09-08,2027-09-09,TRUE,886,914
Visit_11,990,SUBJ0038,FR01,2027-12-07,2027-12-13,TRUE,976,1004
Visit_12,1080,SUBJ0038,FR01,2028-03-06,2028-02-29,TRUE,1066,1094
Visit_13,1170,SUBJ0038,FR01,2028-06-04,2028-06-04,TRUE,1156,1184
End_of_Study,1080,SUBJ0038,FR01,2028-03-06,2028-03-12,TRUE,1066,1094
Safety_Followup,1170,SUBJ0038,FR01,2028-06-04,2028-06-11,TRUE,1156,1184
Screening,-7,SUBJ0039,CH10,2025-04-15,2025-04-12,TRUE,-21,7
Enrollment,0,SUBJ0039,CH10,2025-04-22,2025-04-27,TRUE,-14,14
Visit_1,90,SUBJ0039,CH10,2025-07-21,2025-07-25,TRUE,76,104
Visit_2,180,SUBJ0039,CH10,2025-10-19,2025-10-21,TRUE,166,194
Visit_3,270,SUBJ0039,CH10,2026-01-17,2026-01-10,TRUE,256,284
Visit_4,360,SUBJ0039,CH10,2026-04-17,2026-04-22,TRUE,346,374
Visit_5,450,SUBJ0039,CH10,2026-07-16,2026-07-20,TRUE,436,464
Visit_6,540,SUBJ0039,CH10,2026-10-14,2026-10-12,TRUE,526,554
Visit_7,630,SUBJ0039,CH10,2027-01-12,2027-01-13,TRUE,616,644
Visit_8,720,SUBJ0039,CH10,2027-04-12,2027-04-10,TRUE,706,734
Visit_9,810,SUBJ0039,CH10,2027-07-11,2027-07-14,TRUE,796,824
Visit_10,900,SUBJ0039,CH10,2027-10-09,2027-10-13,TRUE,886,914
Visit_11,990,SUBJ0039,CH10,2028-01-07,2028-01-09,TRUE,976,1004
Visit_12,1080,SUBJ0039,CH10,2028-04-06,2028-04-11,TRUE,1066,1094
Visit_13,1170,SUBJ0039,CH10,2028-07-05,2028-06-30,TRUE,1156,1184
End_of_Study,1080,SUBJ0039,CH10,2028-04-06,2028-03-31,TRUE,1066,1094
Safety_Followup,1170,SUBJ0039,CH10,2028-07-05,2028-06-28,TRUE,1156,1184
Screening,-7,SUBJ0040,CH03,2025-03-16,2025-03-22,TRUE,-21,7
Enrollment,0,SUBJ0040,CH03,2025-03-23,2025-03-25,TRUE,-14,14
Visit_1,90,SUBJ0040,CH03,2025-06-21,2025-06-15,TRUE,76,104
Visit_2,180,SUBJ0040,CH03,2025-09-19,2025-09-21,TRUE,166,194
Visit_3,270,SUBJ0040,CH03,2025-12-18,2025-12-14,TRUE,256,284
Visit_4,360,SUBJ0040,CH03,2026-03-18,2026-03-25,TRUE,346,374
Visit_5,450,SUBJ0040,CH03,2026-06-16,2026-06-12,TRUE,436,464
Visit_6,540,SUBJ0040,CH03,2026-09-14,2026-09-17,TRUE,526,554
Visit_7,630,SUBJ0040,CH03,2026-12-13,2026-12-10,TRUE,616,644
Visit_8,720,SUBJ0040,CH03,2027-03-13,2027-03-14,TRUE,706,734
Visit_9,810,SUBJ0040,CH03,2027-06-11,2027-06-09,TRUE,796,824
Visit_10,900,SUBJ0040,CH03,2027-09-09,2027-09-07,TRUE,886,914
Visit_11,990,SUBJ0040,CH03,2027-12-08,2027-12-13,TRUE,976,1004
Visit_12,1080,SUBJ0040,CH03,2028-03-07,2028-03-08,TRUE,1066,1094
Visit_13,1170,SUBJ0040,CH03,2028-06-05,2028-06-10,TRUE,1156,1184
End_of_Study,1080,SUBJ0040,CH03,2028-03-07,2028-03-03,TRUE,1066,1094
Safety_Followup,1170,SUBJ0040,CH03,2028-06-05,2028-06-09,TRUE,1156,1184
Screening,-7,SUBJ0041,CH16,2025-06-12,2025-06-06,TRUE,-21,7
Enrollment,0,SUBJ0041,CH16,2025-06-19,2025-06-18,TRUE,-14,14
Visit_1,90,SUBJ0041,CH16,2025-09-17,2025-09-18,TRUE,76,104
Visit_2,180,SUBJ0041,CH16,2025-12-16,2025-12-15,TRUE,166,194
Visit_3,270,SUBJ0041,CH16,2026-03-16,2026-03-12,TRUE,256,284
Visit_4,360,SUBJ0041,CH16,2026-06-14,2026-06-19,TRUE,346,374
Visit_5,450,SUBJ0041,CH16,2026-09-12,2026-09-05,TRUE,436,464
Visit_6,540,SUBJ0041,CH16,2026-12-11,2026-12-15,TRUE,526,554
Visit_7,630,SUBJ0041,CH16,2027-03-11,2027-03-06,TRUE,616,644
Visit_8,720,SUBJ0041,CH16,2027-06-09,2027-06-16,TRUE,706,734
Visit_9,810,SUBJ0041,CH16,2027-09-07,2027-09-11,TRUE,796,824
Visit_10,900,SUBJ0041,CH16,2027-12-06,2027-12-04,TRUE,886,914
Visit_11,990,SUBJ0041,CH16,2028-03-05,2028-03-07,TRUE,976,1004
Visit_12,1080,SUBJ0041,CH16,2028-06-03,2028-06-09,TRUE,1066,1094
Visit_13,1170,SUBJ0041,CH16,2028-09-01,2028-08-28,TRUE,1156,1184
End_of_Study,1080,SUBJ0041,CH16,2028-06-03,2028-06-09,TRUE,1066,1094
Safety_Followup,1170,SUBJ0041,CH16,2028-09-01,2028-09-01,TRUE,1156,1184
Screening,-7,SUBJ0042,CH15,2025-05-10,2025-05-10,TRUE,-21,7
Enrollment,0,SUBJ0042,CH15,2025-05-17,2025-05-21,TRUE,-14,14
Visit_1,90,SUBJ0042,CH15,2025-08-15,2025-08-11,TRUE,76,104
Visit_2,180,SUBJ0042,CH15,2025-11-13,2025-11-16,TRUE,166,194
Visit_3,270,SUBJ0042,CH15,2026-02-11,2026-02-18,TRUE,256,284
Visit_4,360,SUBJ0042,CH15,2026-05-12,2026-05-17,TRUE,346,374
Visit_5,450,SUBJ0042,CH15,2026-08-10,2026-08-12,TRUE,436,464
Visit_6,540,SUBJ0042,CH15,2026-11-08,2026-11-09,TRUE,526,554
Visit_7,630,SUBJ0042,CH15,2027-02-06,2027-01-30,TRUE,616,644
Visit_8,720,SUBJ0042,CH15,2027-05-07,2027-05-10,TRUE,706,734
Visit_9,810,SUBJ0042,CH15,2027-08-05,2027-08-09,TRUE,796,824
Visit_10,900,SUBJ0042,CH15,2027-11-03,2027-10-29,TRUE,886,914
Visit_11,990,SUBJ0042,CH15,2028-02-01,2028-02-02,TRUE,976,1004
Visit_12,1080,SUBJ0042,CH15,2028-05-01,2028-04-28,TRUE,1066,1094
Visit_13,1170,SUBJ0042,CH15,2028-07-30,2028-07-24,TRUE,1156,1184
End_of_Study,1080,SUBJ0042,CH15,2028-05-01,2028-05-06,TRUE,1066,1094
Safety_Followup,1170,SUBJ0042,CH15,2028-07-30,2028-08-04,TRUE,1156,1184
Screening,-7,SUBJ0043,CH08,2024-12-25,2024-12-19,TRUE,-21,7
Enrollment,0,SUBJ0043,CH08,2025-01-01,2025-01-04,TRUE,-14,14
Visit_1,90,SUBJ0043,CH08,2025-04-01,2025-03-28,TRUE,76,104
Visit_2,180,SUBJ0043,CH08,2025-06-30,2025-07-05,TRUE,166,194
Visit_3,270,SUBJ0043,CH08,2025-09-28,2025-09-26,TRUE,256,284
Visit_4,360,SUBJ0043,CH08,2025-12-27,2025-12-28,TRUE,346,374
Visit_5,450,SUBJ0043,CH08,2026-03-27,2026-03-23,TRUE,436,464
Visit_6,540,SUBJ0043,CH08,2026-06-25,2026-06-20,TRUE,526,554
Visit_7,630,SUBJ0043,CH08,2026-09-23,2026-09-26,TRUE,616,644
Visit_8,720,SUBJ0043,CH08,2026-12-22,2026-12-28,TRUE,706,734
Visit_9,810,SUBJ0043,CH08,2027-03-22,2027-03-19,TRUE,796,824
Visit_10,900,SUBJ0043,CH08,2027-06-20,2027-06-24,TRUE,886,914
Visit_11,990,SUBJ0043,CH08,2027-09-18,2027-09-24,TRUE,976,1004
Visit_12,1080,SUBJ0043,CH08,2027-12-17,2027-12-17,TRUE,1066,1094
Visit_13,1170,SUBJ0043,CH08,2028-03-16,2028-03-11,TRUE,1156,1184
End_of_Study,1080,SUBJ0043,CH08,2027-12-17,2027-12-16,TRUE,1066,1094
Safety_Followup,1170,SUBJ0043,CH08,2028-03-16,2028-03-13,TRUE,1156,1184
Screening,-7,SUBJ0044,CH06,2025-05-08,2025-05-06,TRUE,-21,7
Enrollment,0,SUBJ0044,CH06,2025-05-15,2025-05-11,TRUE,-14,14
Visit_1,90,SUBJ0044,CH06,2025-08-13,2025-08-17,TRUE,76,104
Visit_2,180,SUBJ0044,CH06,2025-11-11,2025-11-10,TRUE,166,194
Visit_3,270,SUBJ0044,CH06,2026-02-09,2026-02-12,TRUE,256,284
Visit_4,360,SUBJ0044,CH06,2026-05-10,2026-05-14,TRUE,346,374
Visit_5,450,SUBJ0044,CH06,2026-08-08,2026-08-04,TRUE,436,464
Visit_6,540,SUBJ0044,CH06,2026-11-06,2026-11-04,TRUE,526,554
Visit_7,630,SUBJ0044,CH06,2027-02-04,2027-02-01,TRUE,616,644
Visit_8,720,SUBJ0044,CH06,2027-05-05,2027-04-30,TRUE,706,734
Visit_9,810,SUBJ0044,CH06,2027-08-03,2027-07-30,TRUE,796,824
Visit_10,900,SUBJ0044,CH06,2027-11-01,2027-10-31,TRUE,886,914
Visit_11,990,SUBJ0044,CH06,2028-01-30,2028-01-23,TRUE,976,1004
Visit_12,1080,SUBJ0044,CH06,2028-04-29,2028-04-25,TRUE,1066,1094
Visit_13,1170,SUBJ0044,CH06,2028-07-28,2028-07-28,TRUE,1156,1184
End_of_Study,1080,SUBJ0044,CH06,2028-04-29,2028-05-05,TRUE,1066,1094
Safety_Followup,1170,SUBJ0044,CH06,2028-07-28,2028-07-24,TRUE,1156,1184
Screening,-7,SUBJ0045,CH10,2025-03-16,2025-03-17,TRUE,-21,7
Enrollment,0,SUBJ0045,CH10,2025-03-23,2025-03-16,TRUE,-14,14
Visit_1,90,SUBJ0045,CH10,2025-06-21,2025-06-18,TRUE,76,104
Visit_2,180,SUBJ0045,CH10,2025-09-19,2025-09-24,TRUE,166,194
Visit_3,270,SUBJ0045,CH10,2025-12-18,2025-12-23,TRUE,256,284
Visit_4,360,SUBJ0045,CH10,2026-03-18,2026-03-15,TRUE,346,374
Visit_5,450,SUBJ0045,CH10,2026-06-16,2026-06-17,TRUE,436,464
Visit_6,540,SUBJ0045,CH10,2026-09-14,2026-09-12,TRUE,526,554
Visit_7,630,SUBJ0045,CH10,2026-12-13,2026-12-10,TRUE,616,644
Visit_8,720,SUBJ0045,CH10,2027-03-13,2027-03-07,TRUE,706,734
Visit_9,810,SUBJ0045,CH10,2027-06-11,2027-06-18,TRUE,796,824
Visit_10,900,SUBJ0045,CH10,2027-09-09,2027-09-07,TRUE,886,914
Visit_11,990,SUBJ0045,CH10,2027-12-08,2027-12-01,TRUE,976,1004
Visit_12,1080,SUBJ0045,CH10,2028-03-07,2028-02-29,TRUE,1066,1094
Visit_13,1170,SUBJ0045,CH10,2028-06-05,2028-06-03,TRUE,1156,1184
End_of_Study,1080,SUBJ0045,CH10,2028-03-07,2028-03-13,TRUE,1066,1094
Safety_Followup,1170,SUBJ0045,CH10,2028-06-05,2028-05-31,TRUE,1156,1184
Screening,-7,SUBJ0046,CH03,2025-05-18,2025-05-16,TRUE,-21,7
Enrollment,0,SUBJ0046,CH03,2025-05-25,2025-05-20,TRUE,-14,14
Visit_1,90,SUBJ0046,CH03,2025-08-23,2025-08-20,TRUE,76,104
Visit_2,180,SUBJ0046,CH03,2025-11-21,2025-11-18,TRUE,166,194
Visit_3,270,SUBJ0046,CH03,2026-02-19,2026-02-14,TRUE,256,284
Visit_4,360,SUBJ0046,CH03,2026-05-20,2026-05-23,TRUE,346,374
Visit_5,450,SUBJ0046,CH03,2026-08-18,2026-08-16,TRUE,436,464
Visit_6,540,SUBJ0046,CH03,2026-11-16,2026-11-15,TRUE,526,554
Visit_7,630,SUBJ0046,CH03,2027-02-14,2027-02-16,TRUE,616,644
Visit_8,720,SUBJ0046,CH03,2027-05-15,2027-05-20,TRUE,706,734
Visit_9,810,SUBJ0046,CH03,2027-08-13,2027-08-09,TRUE,796,824
Visit_10,900,SUBJ0046,CH03,2027-11-11,2027-11-04,TRUE,886,914
Visit_11,990,SUBJ0046,CH03,2028-02-09,2028-02-05,TRUE,976,1004
Visit_12,1080,SUBJ0046,CH03,2028-05-09,2028-05-12,TRUE,1066,1094
Visit_13,1170,SUBJ0046,CH03,2028-08-07,2028-08-06,TRUE,1156,1184
End_of_Study,1080,SUBJ0046,CH03,2028-05-09,2028-05-08,TRUE,1066,1094
Safety_Followup,1170,SUBJ0046,CH03,2028-08-07,2028-08-14,TRUE,1156,1184
Screening,-7,SUBJ0047,DE01,2025-02-18,2025-02-14,TRUE,-21,7
Enrollment,0,SUBJ0047,DE01,2025-02-25,2025-02-25,TRUE,-14,14
Visit_1,90,SUBJ0047,DE01,2025-05-26,2025-05-29,TRUE,76,104
Visit_2,180,SUBJ0047,DE01,2025-08-24,2025-08-30,TRUE,166,194
Visit_3,270,SUBJ0047,DE01,2025-11-22,2025-11-28,TRUE,256,284
Visit_4,360,SUBJ0047,DE01,2026-02-20,2026-02-13,TRUE,346,374
Visit_5,450,SUBJ0047,DE01,2026-05-21,2026-05-23,TRUE,436,464
Visit_6,540,SUBJ0047,DE01,2026-08-19,NA,FALSE,526,554
Visit_7,630,SUBJ0047,DE01,2026-11-17,NA,FALSE,616,644
Visit_8,720,SUBJ0047,DE01,2027-02-15,NA,FALSE,706,734
Visit_9,810,SUBJ0047,DE01,2027-05-16,NA,FALSE,796,824
Visit_10,900,SUBJ0047,DE01,2027-08-14,NA,FALSE,886,914
Visit_11,990,SUBJ0047,DE01,2027-11-12,NA,FALSE,976,1004
Visit_12,1080,SUBJ0047,DE01,2028-02-10,NA,FALSE,1066,1094
Visit_13,1170,SUBJ0047,DE01,2028-05-10,NA,FALSE,1156,1184
End_of_Study,1080,SUBJ0047,DE01,2028-02-10,NA,FALSE,1066,1094
Safety_Followup,1170,SUBJ0047,DE01,2028-05-10,NA,FALSE,1156,1184
Screening,-7,SUBJ0048,CH13,2025-05-30,2025-05-24,TRUE,-21,7
Enrollment,0,SUBJ0048,CH13,2025-06-06,2025-06-10,TRUE,-14,14
Visit_1,90,SUBJ0048,CH13,2025-09-04,2025-09-04,TRUE,76,104
Visit_2,180,SUBJ0048,CH13,2025-12-03,2025-12-03,TRUE,166,194
Visit_3,270,SUBJ0048,CH13,2026-03-03,2026-02-25,TRUE,256,284
Visit_4,360,SUBJ0048,CH13,2026-06-01,2026-06-07,TRUE,346,374
Visit_5,450,SUBJ0048,CH13,2026-08-30,2026-08-27,TRUE,436,464
Visit_6,540,SUBJ0048,CH13,2026-11-28,2026-12-02,TRUE,526,554
Visit_7,630,SUBJ0048,CH13,2027-02-26,2027-02-19,TRUE,616,644
Visit_8,720,SUBJ0048,CH13,2027-05-27,2027-05-26,TRUE,706,734
Visit_9,810,SUBJ0048,CH13,2027-08-25,2027-08-19,TRUE,796,824
Visit_10,900,SUBJ0048,CH13,2027-11-23,2027-11-30,TRUE,886,914
Visit_11,990,SUBJ0048,CH13,2028-02-21,2028-02-22,TRUE,976,1004
Visit_12,1080,SUBJ0048,CH13,2028-05-21,2028-05-20,TRUE,1066,1094
Visit_13,1170,SUBJ0048,CH13,2028-08-19,2028-08-15,TRUE,1156,1184
End_of_Study,1080,SUBJ0048,CH13,2028-05-21,2028-05-25,TRUE,1066,1094
Safety_Followup,1170,SUBJ0048,CH13,2028-08-19,2028-08-26,TRUE,1156,1184
Screening,-7,SUBJ0049,CH02,2025-03-11,2025-03-17,TRUE,-21,7
Enrollment,0,SUBJ0049,CH02,2025-03-18,2025-03-12,TRUE,-14,14
Visit_1,90,SUBJ0049,CH02,2025-06-16,2025-06-22,TRUE,76,104
Visit_2,180,SUBJ0049,CH02,2025-09-14,2025-09-16,TRUE,166,194
Visit_3,270,SUBJ0049,CH02,2025-12-13,2025-12-11,TRUE,256,284
Visit_4,360,SUBJ0049,CH02,2026-03-13,2026-03-09,TRUE,346,374
Visit_5,450,SUBJ0049,CH02,2026-06-11,2026-06-13,TRUE,436,464
Visit_6,540,SUBJ0049,CH02,2026-09-09,2026-09-16,TRUE,526,554
Visit_7,630,SUBJ0049,CH02,2026-12-08,2026-12-14,TRUE,616,644
Visit_8,720,SUBJ0049,CH02,2027-03-08,2027-03-03,TRUE,706,734
Visit_9,810,SUBJ0049,CH02,2027-06-06,2027-06-13,TRUE,796,824
Visit_10,900,SUBJ0049,CH02,2027-09-04,2027-09-09,TRUE,886,914
Visit_11,990,SUBJ0049,CH02,2027-12-03,2027-12-01,TRUE,976,1004
Visit_12,1080,SUBJ0049,CH02,2028-03-02,2028-03-02,TRUE,1066,1094
Visit_13,1170,SUBJ0049,CH02,2028-05-31,2028-06-02,TRUE,1156,1184
End_of_Study,1080,SUBJ0049,CH02,2028-03-02,2028-03-02,TRUE,1066,1094
Safety_Followup,1170,SUBJ0049,CH02,2028-05-31,2028-06-01,TRUE,1156,1184
Screening,-7,SUBJ0050,CH03,2025-01-10,2025-01-06,TRUE,-21,7
Enrollment,0,SUBJ0050,CH03,2025-01-17,2025-01-11,TRUE,-14,14
Visit_1,90,SUBJ0050,CH03,2025-04-17,2025-04-23,TRUE,76,104
Visit_2,180,SUBJ0050,CH03,2025-07-16,2025-07-19,TRUE,166,194
Visit_3,270,SUBJ0050,CH03,2025-10-14,2025-10-09,TRUE,256,284
Visit_4,360,SUBJ0050,CH03,2026-01-12,2026-01-12,TRUE,346,374
Visit_5,450,SUBJ0050,CH03,2026-04-12,2026-04-09,TRUE,436,464
Visit_6,540,SUBJ0050,CH03,2026-07-11,2026-07-17,TRUE,526,554
Visit_7,630,SUBJ0050,CH03,2026-10-09,2026-10-15,TRUE,616,644
Visit_8,720,SUBJ0050,CH03,2027-01-07,2027-01-04,TRUE,706,734
Visit_9,810,SUBJ0050,CH03,2027-04-07,2027-04-12,TRUE,796,824
Visit_10,900,SUBJ0050,CH03,2027-07-06,2027-06-29,TRUE,886,914
Visit_11,990,SUBJ0050,CH03,2027-10-04,2027-10-11,TRUE,976,1004
Visit_12,1080,SUBJ0050,CH03,2028-01-02,2028-01-02,TRUE,1066,1094
Visit_13,1170,SUBJ0050,CH03,2028-04-01,2028-04-06,TRUE,1156,1184
End_of_Study,1080,SUBJ0050,CH03,2028-01-02,2028-01-06,TRUE,1066,1094
Safety_Followup,1170,SUBJ0050,CH03,2028-04-01,2028-03-27,TRUE,1156,1184
Screening,-7,SUBJ0051,CH11,2025-06-09,2025-06-12,TRUE,-21,7
Enrollment,0,SUBJ0051,CH11,2025-06-16,2025-06-22,TRUE,-14,14
Visit_1,90,SUBJ0051,CH11,2025-09-14,2025-09-13,TRUE,76,104
Visit_2,180,SUBJ0051,CH11,2025-12-13,2025-12-08,TRUE,166,194
Visit_3,270,SUBJ0051,CH11,2026-03-13,2026-03-11,TRUE,256,284
Visit_4,360,SUBJ0051,CH11,2026-06-11,2026-06-04,TRUE,346,374
Visit_5,450,SUBJ0051,CH11,2026-09-09,2026-09-04,TRUE,436,464
Visit_6,540,SUBJ0051,CH11,2026-12-08,2026-12-04,TRUE,526,554
Visit_7,630,SUBJ0051,CH11,2027-03-08,2027-03-04,TRUE,616,644
Visit_8,720,SUBJ0051,CH11,2027-06-06,2027-06-08,TRUE,706,734
Visit_9,810,SUBJ0051,CH11,2027-09-04,2027-08-28,TRUE,796,824
Visit_10,900,SUBJ0051,CH11,2027-12-03,2027-12-02,TRUE,886,914
Visit_11,990,SUBJ0051,CH11,2028-03-02,2028-02-26,TRUE,976,1004
Visit_12,1080,SUBJ0051,CH11,2028-05-31,2028-05-24,TRUE,1066,1094
Visit_13,1170,SUBJ0051,CH11,2028-08-29,2028-08-24,TRUE,1156,1184
End_of_Study,1080,SUBJ0051,CH11,2028-05-31,2028-05-24,TRUE,1066,1094
Safety_Followup,1170,SUBJ0051,CH11,2028-08-29,2028-08-22,TRUE,1156,1184
Screening,-7,SUBJ0052,CH17,2025-05-12,2025-05-10,TRUE,-21,7
Enrollment,0,SUBJ0052,CH17,2025-05-19,2025-05-19,TRUE,-14,14
Visit_1,90,SUBJ0052,CH17,2025-08-17,2025-08-11,TRUE,76,104
Visit_2,180,SUBJ0052,CH17,2025-11-15,2025-11-22,TRUE,166,194
Visit_3,270,SUBJ0052,CH17,2026-02-13,2026-02-16,TRUE,256,284
Visit_4,360,SUBJ0052,CH17,2026-05-14,2026-05-08,TRUE,346,374
Visit_5,450,SUBJ0052,CH17,2026-08-12,2026-08-11,TRUE,436,464
Visit_6,540,SUBJ0052,CH17,2026-11-10,2026-11-13,TRUE,526,554
Visit_7,630,SUBJ0052,CH17,2027-02-08,2027-02-07,TRUE,616,644
Visit_8,720,SUBJ0052,CH17,2027-05-09,2027-05-12,TRUE,706,734
Visit_9,810,SUBJ0052,CH17,2027-08-07,2027-08-03,TRUE,796,824
Visit_10,900,SUBJ0052,CH17,2027-11-05,2027-10-30,TRUE,886,914
Visit_11,990,SUBJ0052,CH17,2028-02-03,2028-01-29,TRUE,976,1004
Visit_12,1080,SUBJ0052,CH17,2028-05-03,2028-05-02,TRUE,1066,1094
Visit_13,1170,SUBJ0052,CH17,2028-08-01,2028-08-08,TRUE,1156,1184
End_of_Study,1080,SUBJ0052,CH17,2028-05-03,2028-05-07,TRUE,1066,1094
Safety_Followup,1170,SUBJ0052,CH17,2028-08-01,2028-08-07,TRUE,1156,1184
Screening,-7,SUBJ0053,CH13,2025-03-23,2025-03-20,TRUE,-21,7
Enrollment,0,SUBJ0053,CH13,2025-03-30,2025-04-02,TRUE,-14,14
Visit_1,90,SUBJ0053,CH13,2025-06-28,2025-06-28,TRUE,76,104
Visit_2,180,SUBJ0053,CH13,2025-09-26,2025-10-03,TRUE,166,194
Visit_3,270,SUBJ0053,CH13,2025-12-25,2025-12-20,TRUE,256,284
Visit_4,360,SUBJ0053,CH13,2026-03-25,2026-03-30,TRUE,346,374
Visit_5,450,SUBJ0053,CH13,2026-06-23,2026-06-23,TRUE,436,464
Visit_6,540,SUBJ0053,CH13,2026-09-21,2026-09-27,TRUE,526,554
Visit_7,630,SUBJ0053,CH13,2026-12-20,2026-12-16,TRUE,616,644
Visit_8,720,SUBJ0053,CH13,2027-03-20,2027-03-13,TRUE,706,734
Visit_9,810,SUBJ0053,CH13,2027-06-18,2027-06-22,TRUE,796,824
Visit_10,900,SUBJ0053,CH13,2027-09-16,2027-09-19,TRUE,886,914
Visit_11,990,SUBJ0053,CH13,2027-12-15,2027-12-17,TRUE,976,1004
Visit_12,1080,SUBJ0053,CH13,2028-03-14,2028-03-20,TRUE,1066,1094
Visit_13,1170,SUBJ0053,CH13,2028-06-12,2028-06-15,TRUE,1156,1184
End_of_Study,1080,SUBJ0053,CH13,2028-03-14,2028-03-07,TRUE,1066,1094
Safety_Followup,1170,SUBJ0053,CH13,2028-06-12,2028-06-10,TRUE,1156,1184
Screening,-7,SUBJ0054,CH17,2025-01-25,2025-01-22,TRUE,-21,7
Enrollment,0,SUBJ0054,CH17,2025-02-01,2025-02-08,TRUE,-14,14
Visit_1,90,SUBJ0054,CH17,2025-05-02,2025-04-26,TRUE,76,104
Visit_2,180,SUBJ0054,CH17,2025-07-31,2025-08-02,TRUE,166,194
Visit_3,270,SUBJ0054,CH17,2025-10-29,2025-10-27,TRUE,256,284
Visit_4,360,SUBJ0054,CH17,2026-01-27,2026-01-26,TRUE,346,374
Visit_5,450,SUBJ0054,CH17,2026-04-27,2026-04-26,TRUE,436,464
Visit_6,540,SUBJ0054,CH17,2026-07-26,2026-07-25,TRUE,526,554
Visit_7,630,SUBJ0054,CH17,2026-10-24,2026-10-21,TRUE,616,644
Visit_8,720,SUBJ0054,CH17,2027-01-22,2027-01-25,TRUE,706,734
Visit_9,810,SUBJ0054,CH17,2027-04-22,2027-04-18,TRUE,796,824
Visit_10,900,SUBJ0054,CH17,2027-07-21,2027-07-22,TRUE,886,914
Visit_11,990,SUBJ0054,CH17,2027-10-19,2027-10-16,TRUE,976,1004
Visit_12,1080,SUBJ0054,CH17,2028-01-17,2028-01-18,TRUE,1066,1094
Visit_13,1170,SUBJ0054,CH17,2028-04-16,2028-04-11,TRUE,1156,1184
End_of_Study,1080,SUBJ0054,CH17,2028-01-17,2028-01-14,TRUE,1066,1094
Safety_Followup,1170,SUBJ0054,CH17,2028-04-16,2028-04-18,TRUE,1156,1184
Screening,-7,SUBJ0055,CH12,2025-03-23,2025-03-19,TRUE,-21,7
Enrollment,0,SUBJ0055,CH12,2025-03-30,2025-03-31,TRUE,-14,14
Visit_1,90,SUBJ0055,CH12,2025-06-28,2025-07-03,TRUE,76,104
Visit_2,180,SUBJ0055,CH12,2025-09-26,2025-09-23,TRUE,166,194
Visit_3,270,SUBJ0055,CH12,2025-12-25,2025-12-28,TRUE,256,284
Visit_4,360,SUBJ0055,CH12,2026-03-25,2026-03-31,TRUE,346,374
Visit_5,450,SUBJ0055,CH12,2026-06-23,2026-06-23,TRUE,436,464
Visit_6,540,SUBJ0055,CH12,2026-09-21,2026-09-25,TRUE,526,554
Visit_7,630,SUBJ0055,CH12,2026-12-20,2026-12-16,TRUE,616,644
Visit_8,720,SUBJ0055,CH12,2027-03-20,2027-03-14,TRUE,706,734
Visit_9,810,SUBJ0055,CH12,2027-06-18,2027-06-24,TRUE,796,824
Visit_10,900,SUBJ0055,CH12,2027-09-16,2027-09-18,TRUE,886,914
Visit_11,990,SUBJ0055,CH12,2027-12-15,2027-12-18,TRUE,976,1004
Visit_12,1080,SUBJ0055,CH12,2028-03-14,2028-03-07,TRUE,1066,1094
Visit_13,1170,SUBJ0055,CH12,2028-06-12,2028-06-16,TRUE,1156,1184
End_of_Study,1080,SUBJ0055,CH12,2028-03-14,2028-03-11,TRUE,1066,1094
Safety_Followup,1170,SUBJ0055,CH12,2028-06-12,2028-06-07,TRUE,1156,1184
Screening,-7,SUBJ0056,CH09,2025-02-19,2025-02-14,TRUE,-21,7
Enrollment,0,SUBJ0056,CH09,2025-02-26,2025-03-04,TRUE,-14,14
Visit_1,90,SUBJ0056,CH09,2025-05-27,2025-05-30,TRUE,76,104
Visit_2,180,SUBJ0056,CH09,2025-08-25,2025-08-27,TRUE,166,194
Visit_3,270,SUBJ0056,CH09,2025-11-23,2025-11-19,TRUE,256,284
Visit_4,360,SUBJ0056,CH09,2026-02-21,2026-02-26,TRUE,346,374
Visit_5,450,SUBJ0056,CH09,2026-05-22,2026-05-28,TRUE,436,464
Visit_6,540,SUBJ0056,CH09,2026-08-20,2026-08-24,TRUE,526,554
Visit_7,630,SUBJ0056,CH09,2026-11-18,2026-11-12,TRUE,616,644
Visit_8,720,SUBJ0056,CH09,2027-02-16,2027-02-15,TRUE,706,734
Visit_9,810,SUBJ0056,CH09,2027-05-17,2027-05-20,TRUE,796,824
Visit_10,900,SUBJ0056,CH09,2027-08-15,2027-08-19,TRUE,886,914
Visit_11,990,SUBJ0056,CH09,2027-11-13,2027-11-07,TRUE,976,1004
Visit_12,1080,SUBJ0056,CH09,2028-02-11,2028-02-17,TRUE,1066,1094
Visit_13,1170,SUBJ0056,CH09,2028-05-11,2028-05-05,TRUE,1156,1184
End_of_Study,1080,SUBJ0056,CH09,2028-02-11,2028-02-14,TRUE,1066,1094
Safety_Followup,1170,SUBJ0056,CH09,2028-05-11,2028-05-13,TRUE,1156,1184
Screening,-7,SUBJ0057,CH06,2025-01-12,2025-01-09,TRUE,-21,7
Enrollment,0,SUBJ0057,CH06,2025-01-19,2025-01-21,TRUE,-14,14
Visit_1,90,SUBJ0057,CH06,2025-04-19,2025-04-14,TRUE,76,104
Visit_2,180,SUBJ0057,CH06,2025-07-18,2025-07-20,TRUE,166,194
Visit_3,270,SUBJ0057,CH06,2025-10-16,2025-10-14,TRUE,256,284
Visit_4,360,SUBJ0057,CH06,2026-01-14,2026-01-10,TRUE,346,374
Visit_5,450,SUBJ0057,CH06,2026-04-14,2026-04-17,TRUE,436,464
Visit_6,540,SUBJ0057,CH06,2026-07-13,2026-07-17,TRUE,526,554
Visit_7,630,SUBJ0057,CH06,2026-10-11,2026-10-06,TRUE,616,644
Visit_8,720,SUBJ0057,CH06,2027-01-09,2027-01-02,TRUE,706,734
Visit_9,810,SUBJ0057,CH06,2027-04-09,2027-04-05,TRUE,796,824
Visit_10,900,SUBJ0057,CH06,2027-07-08,2027-07-12,TRUE,886,914
Visit_11,990,SUBJ0057,CH06,2027-10-06,2027-10-06,TRUE,976,1004
Visit_12,1080,SUBJ0057,CH06,2028-01-04,2028-01-08,TRUE,1066,1094
Visit_13,1170,SUBJ0057,CH06,2028-04-03,2028-04-06,TRUE,1156,1184
End_of_Study,1080,SUBJ0057,CH06,2028-01-04,2028-01-10,TRUE,1066,1094
Safety_Followup,1170,SUBJ0057,CH06,2028-04-03,2028-04-02,TRUE,1156,1184
Screening,-7,SUBJ0058,IT01,2025-05-27,2025-05-31,TRUE,-21,7
Enrollment,0,SUBJ0058,IT01,2025-06-03,2025-06-08,TRUE,-14,14
Visit_1,90,SUBJ0058,IT01,2025-09-01,2025-08-29,TRUE,76,104
Visit_2,180,SUBJ0058,IT01,2025-11-30,2025-12-03,TRUE,166,194
Visit_3,270,SUBJ0058,IT01,2026-02-28,2026-02-23,TRUE,256,284
Visit_4,360,SUBJ0058,IT01,2026-05-29,2026-05-31,TRUE,346,374
Visit_5,450,SUBJ0058,IT01,2026-08-27,2026-08-22,TRUE,436,464
Visit_6,540,SUBJ0058,IT01,2026-11-25,2026-11-30,TRUE,526,554
Visit_7,630,SUBJ0058,IT01,2027-02-23,2027-02-18,TRUE,616,644
Visit_8,720,SUBJ0058,IT01,2027-05-24,2027-05-30,TRUE,706,734
Visit_9,810,SUBJ0058,IT01,2027-08-22,2027-08-25,TRUE,796,824
Visit_10,900,SUBJ0058,IT01,2027-11-20,2027-11-22,TRUE,886,914
Visit_11,990,SUBJ0058,IT01,2028-02-18,2028-02-23,TRUE,976,1004
Visit_12,1080,SUBJ0058,IT01,2028-05-18,2028-05-24,TRUE,1066,1094
Visit_13,1170,SUBJ0058,IT01,2028-08-16,2028-08-15,TRUE,1156,1184
End_of_Study,1080,SUBJ0058,IT01,2028-05-18,2028-05-18,TRUE,1066,1094
Safety_Followup,1170,SUBJ0058,IT01,2028-08-16,2028-08-18,TRUE,1156,1184
Screening,-7,SUBJ0059,CH03,2025-03-29,2025-03-25,TRUE,-21,7
Enrollment,0,SUBJ0059,CH03,2025-04-05,2025-04-12,TRUE,-14,14
Visit_1,90,SUBJ0059,CH03,2025-07-04,2025-07-11,TRUE,76,104
Visit_2,180,SUBJ0059,CH03,2025-10-02,2025-10-03,TRUE,166,194
Visit_3,270,SUBJ0059,CH03,2025-12-31,2025-12-26,TRUE,256,284
Visit_4,360,SUBJ0059,CH03,2026-03-31,2026-03-27,TRUE,346,374
Visit_5,450,SUBJ0059,CH03,2026-06-29,2026-06-25,TRUE,436,464
Visit_6,540,SUBJ0059,CH03,2026-09-27,2026-09-24,TRUE,526,554
Visit_7,630,SUBJ0059,CH03,2026-12-26,2026-12-24,TRUE,616,644
Visit_8,720,SUBJ0059,CH03,2027-03-26,2027-03-23,TRUE,706,734
Visit_9,810,SUBJ0059,CH03,2027-06-24,2027-07-01,TRUE,796,824
Visit_10,900,SUBJ0059,CH03,2027-09-22,2027-09-20,TRUE,886,914
Visit_11,990,SUBJ0059,CH03,2027-12-21,2027-12-19,TRUE,976,1004
Visit_12,1080,SUBJ0059,CH03,2028-03-20,2028-03-23,TRUE,1066,1094
Visit_13,1170,SUBJ0059,CH03,2028-06-18,2028-06-16,TRUE,1156,1184
End_of_Study,1080,SUBJ0059,CH03,2028-03-20,2028-03-23,TRUE,1066,1094
Safety_Followup,1170,SUBJ0059,CH03,2028-06-18,2028-06-20,TRUE,1156,1184
Screening,-7,SUBJ0060,CH06,2025-02-10,2025-02-16,TRUE,-21,7
Enrollment,0,SUBJ0060,CH06,2025-02-17,2025-02-20,TRUE,-14,14
Visit_1,90,SUBJ0060,CH06,2025-05-18,2025-05-17,TRUE,76,104
Visit_2,180,SUBJ0060,CH06,2025-08-16,2025-08-15,TRUE,166,194
Visit_3,270,SUBJ0060,CH06,2025-11-14,2025-11-19,TRUE,256,284
Visit_4,360,SUBJ0060,CH06,2026-02-12,2026-02-16,TRUE,346,374
Visit_5,450,SUBJ0060,CH06,2026-05-13,2026-05-06,TRUE,436,464
Visit_6,540,SUBJ0060,CH06,2026-08-11,2026-08-07,TRUE,526,554
Visit_7,630,SUBJ0060,CH06,2026-11-09,2026-11-16,TRUE,616,644
Visit_8,720,SUBJ0060,CH06,2027-02-07,2027-02-11,TRUE,706,734
Visit_9,810,SUBJ0060,CH06,2027-05-08,2027-05-13,TRUE,796,824
Visit_10,900,SUBJ0060,CH06,2027-08-06,2027-08-12,TRUE,886,914
Visit_11,990,SUBJ0060,CH06,2027-11-04,2027-11-01,TRUE,976,1004
Visit_12,1080,SUBJ0060,CH06,2028-02-02,2028-01-26,TRUE,1066,1094
Visit_13,1170,SUBJ0060,CH06,2028-05-02,2028-04-29,TRUE,1156,1184
End_of_Study,1080,SUBJ0060,CH06,2028-02-02,2028-02-07,TRUE,1066,1094
Safety_Followup,1170,SUBJ0060,CH06,2028-05-02,2028-04-25,TRUE,1156,1184
Screening,-7,SUBJ0061,CH08,2025-05-05,2025-05-10,TRUE,-21,7
Enrollment,0,SUBJ0061,CH08,2025-05-12,2025-05-11,TRUE,-14,14
Visit_1,90,SUBJ0061,CH08,2025-08-10,2025-08-09,TRUE,76,104
Visit_2,180,SUBJ0061,CH08,2025-11-08,2025-11-02,TRUE,166,194
Visit_3,270,SUBJ0061,CH08,2026-02-06,2026-02-03,TRUE,256,284
Visit_4,360,SUBJ0061,CH08,2026-05-07,2026-05-01,TRUE,346,374
Visit_5,450,SUBJ0061,CH08,2026-08-05,2026-08-09,TRUE,436,464
Visit_6,540,SUBJ0061,CH08,2026-11-03,2026-11-07,TRUE,526,554
Visit_7,630,SUBJ0061,CH08,2027-02-01,2027-01-29,TRUE,616,644
Visit_8,720,SUBJ0061,CH08,2027-05-02,2027-05-09,TRUE,706,734
Visit_9,810,SUBJ0061,CH08,2027-07-31,2027-08-01,TRUE,796,824
Visit_10,900,SUBJ0061,CH08,2027-10-29,2027-11-04,TRUE,886,914
Visit_11,990,SUBJ0061,CH08,2028-01-27,2028-01-28,TRUE,976,1004
Visit_12,1080,SUBJ0061,CH08,2028-04-26,2028-05-03,TRUE,1066,1094
Visit_13,1170,SUBJ0061,CH08,2028-07-25,2028-07-30,TRUE,1156,1184
End_of_Study,1080,SUBJ0061,CH08,2028-04-26,2028-04-20,TRUE,1066,1094
Safety_Followup,1170,SUBJ0061,CH08,2028-07-25,2028-07-26,TRUE,1156,1184
Screening,-7,SUBJ0062,CH08,2025-04-27,2025-04-30,TRUE,-21,7
Enrollment,0,SUBJ0062,CH08,2025-05-04,2025-05-08,TRUE,-14,14
Visit_1,90,SUBJ0062,CH08,2025-08-02,2025-07-30,TRUE,76,104
Visit_2,180,SUBJ0062,CH08,2025-10-31,2025-10-24,TRUE,166,194
Visit_3,270,SUBJ0062,CH08,2026-01-29,2026-01-24,TRUE,256,284
Visit_4,360,SUBJ0062,CH08,2026-04-29,2026-05-02,TRUE,346,374
Visit_5,450,SUBJ0062,CH08,2026-07-28,2026-07-25,TRUE,436,464
Visit_6,540,SUBJ0062,CH08,2026-10-26,2026-10-19,TRUE,526,554
Visit_7,630,SUBJ0062,CH08,2027-01-24,2027-01-18,TRUE,616,644
Visit_8,720,SUBJ0062,CH08,2027-04-24,2027-04-19,TRUE,706,734
Visit_9,810,SUBJ0062,CH08,2027-07-23,2027-07-22,TRUE,796,824
Visit_10,900,SUBJ0062,CH08,2027-10-21,2027-10-28,TRUE,886,914
Visit_11,990,SUBJ0062,CH08,2028-01-19,2028-01-18,TRUE,976,1004
Visit_12,1080,SUBJ0062,CH08,2028-04-18,2028-04-12,TRUE,1066,1094
Visit_13,1170,SUBJ0062,CH08,2028-07-17,2028-07-20,TRUE,1156,1184
End_of_Study,1080,SUBJ0062,CH08,2028-04-18,2028-04-19,TRUE,1066,1094
Safety_Followup,1170,SUBJ0062,CH08,2028-07-17,2028-07-24,TRUE,1156,1184
Screening,-7,SUBJ0063,CH10,2025-03-15,2025-03-13,TRUE,-21,7
Enrollment,0,SUBJ0063,CH10,2025-03-22,2025-03-26,TRUE,-14,14
Visit_1,90,SUBJ0063,CH10,2025-06-20,2025-06-15,TRUE,76,104
Visit_2,180,SUBJ0063,CH10,2025-09-18,2025-09-20,TRUE,166,194
Visit_3,270,SUBJ0063,CH10,2025-12-17,2025-12-21,TRUE,256,284
Visit_4,360,SUBJ0063,CH10,2026-03-17,2026-03-10,TRUE,346,374
Visit_5,450,SUBJ0063,CH10,2026-06-15,2026-06-20,TRUE,436,464
Visit_6,540,SUBJ0063,CH10,2026-09-13,2026-09-20,TRUE,526,554
Visit_7,630,SUBJ0063,CH10,2026-12-12,2026-12-07,TRUE,616,644
Visit_8,720,SUBJ0063,CH10,2027-03-12,2027-03-10,TRUE,706,734
Visit_9,810,SUBJ0063,CH10,2027-06-10,2027-06-16,TRUE,796,824
Visit_10,900,SUBJ0063,CH10,2027-09-08,2027-09-08,TRUE,886,914
Visit_11,990,SUBJ0063,CH10,2027-12-07,2027-12-05,TRUE,976,1004
Visit_12,1080,SUBJ0063,CH10,2028-03-06,2028-03-04,TRUE,1066,1094
Visit_13,1170,SUBJ0063,CH10,2028-06-04,2028-06-07,TRUE,1156,1184
End_of_Study,1080,SUBJ0063,CH10,2028-03-06,2028-02-29,TRUE,1066,1094
Safety_Followup,1170,SUBJ0063,CH10,2028-06-04,2028-06-05,TRUE,1156,1184
Screening,-7,SUBJ0064,CH03,2025-05-22,2025-05-16,TRUE,-21,7
Enrollment,0,SUBJ0064,CH03,2025-05-29,2025-06-05,TRUE,-14,14
Visit_1,90,SUBJ0064,CH03,2025-08-27,2025-08-31,TRUE,76,104
Visit_2,180,SUBJ0064,CH03,2025-11-25,2025-11-26,TRUE,166,194
Visit_3,270,SUBJ0064,CH03,2026-02-23,2026-02-26,TRUE,256,284
Visit_4,360,SUBJ0064,CH03,2026-05-24,2026-05-23,TRUE,346,374
Visit_5,450,SUBJ0064,CH03,2026-08-22,2026-08-26,TRUE,436,464
Visit_6,540,SUBJ0064,CH03,2026-11-20,2026-11-24,TRUE,526,554
Visit_7,630,SUBJ0064,CH03,2027-02-18,2027-02-17,TRUE,616,644
Visit_8,720,SUBJ0064,CH03,2027-05-19,2027-05-15,TRUE,706,734
Visit_9,810,SUBJ0064,CH03,2027-08-17,2027-08-15,TRUE,796,824
Visit_10,900,SUBJ0064,CH03,2027-11-15,2027-11-15,TRUE,886,914
Visit_11,990,SUBJ0064,CH03,2028-02-13,2028-02-12,TRUE,976,1004
Visit_12,1080,SUBJ0064,CH03,2028-05-13,2028-05-16,TRUE,1066,1094
Visit_13,1170,SUBJ0064,CH03,2028-08-11,2028-08-05,TRUE,1156,1184
End_of_Study,1080,SUBJ0064,CH03,2028-05-13,2028-05-16,TRUE,1066,1094
Safety_Followup,1170,SUBJ0064,CH03,2028-08-11,2028-08-05,TRUE,1156,1184
Screening,-7,SUBJ0065,CH11,2025-03-13,2025-03-08,TRUE,-21,7
Enrollment,0,SUBJ0065,CH11,2025-03-20,2025-03-23,TRUE,-14,14
Visit_1,90,SUBJ0065,CH11,2025-06-18,2025-06-20,TRUE,76,104
Visit_2,180,SUBJ0065,CH11,2025-09-16,2025-09-14,TRUE,166,194
Visit_3,270,SUBJ0065,CH11,2025-12-15,2025-12-18,TRUE,256,284
Visit_4,360,SUBJ0065,CH11,2026-03-15,2026-03-10,TRUE,346,374
Visit_5,450,SUBJ0065,CH11,2026-06-13,2026-06-11,TRUE,436,464
Visit_6,540,SUBJ0065,CH11,2026-09-11,2026-09-12,TRUE,526,554
Visit_7,630,SUBJ0065,CH11,2026-12-10,2026-12-08,TRUE,616,644
Visit_8,720,SUBJ0065,CH11,2027-03-10,2027-03-03,TRUE,706,734
Visit_9,810,SUBJ0065,CH11,2027-06-08,2027-06-05,TRUE,796,824
Visit_10,900,SUBJ0065,CH11,2027-09-06,2027-09-07,TRUE,886,914
Visit_11,990,SUBJ0065,CH11,2027-12-05,2027-12-07,TRUE,976,1004
Visit_12,1080,SUBJ0065,CH11,2028-03-04,2028-03-06,TRUE,1066,1094
Visit_13,1170,SUBJ0065,CH11,2028-06-02,2028-05-30,TRUE,1156,1184
End_of_Study,1080,SUBJ0065,CH11,2028-03-04,2028-03-03,TRUE,1066,1094
Safety_Followup,1170,SUBJ0065,CH11,2028-06-02,2028-05-27,TRUE,1156,1184
Screening,-7,SUBJ0066,CH17,2025-06-19,2025-06-22,TRUE,-21,7
Enrollment,0,SUBJ0066,CH17,2025-06-26,2025-07-02,TRUE,-14,14
Visit_1,90,SUBJ0066,CH17,2025-09-24,2025-09-18,TRUE,76,104
Visit_2,180,SUBJ0066,CH17,2025-12-23,2025-12-30,TRUE,166,194
Visit_3,270,SUBJ0066,CH17,2026-03-23,2026-03-29,TRUE,256,284
Visit_4,360,SUBJ0066,CH17,2026-06-21,2026-06-16,TRUE,346,374
Visit_5,450,SUBJ0066,CH17,2026-09-19,2026-09-15,TRUE,436,464
Visit_6,540,SUBJ0066,CH17,2026-12-18,2026-12-19,TRUE,526,554
Visit_7,630,SUBJ0066,CH17,2027-03-18,2027-03-18,TRUE,616,644
Visit_8,720,SUBJ0066,CH17,2027-06-16,2027-06-20,TRUE,706,734
Visit_9,810,SUBJ0066,CH17,2027-09-14,2027-09-16,TRUE,796,824
Visit_10,900,SUBJ0066,CH17,2027-12-13,2027-12-06,TRUE,886,914
Visit_11,990,SUBJ0066,CH17,2028-03-12,2028-03-16,TRUE,976,1004
Visit_12,1080,SUBJ0066,CH17,2028-06-10,2028-06-11,TRUE,1066,1094
Visit_13,1170,SUBJ0066,CH17,2028-09-08,2028-09-02,TRUE,1156,1184
End_of_Study,1080,SUBJ0066,CH17,2028-06-10,2028-06-10,TRUE,1066,1094
Safety_Followup,1170,SUBJ0066,CH17,2028-09-08,2028-09-01,TRUE,1156,1184
Screening,-7,SUBJ0067,FR02,2025-02-11,2025-02-04,TRUE,-21,7
Enrollment,0,SUBJ0067,FR02,2025-02-18,2025-02-15,TRUE,-14,14
Visit_1,90,SUBJ0067,FR02,2025-05-19,2025-05-18,TRUE,76,104
Visit_2,180,SUBJ0067,FR02,2025-08-17,2025-08-20,TRUE,166,194
Visit_3,270,SUBJ0067,FR02,2025-11-15,2025-11-13,TRUE,256,284
Visit_4,360,SUBJ0067,FR02,2026-02-13,2026-02-18,TRUE,346,374
Visit_5,450,SUBJ0067,FR02,2026-05-14,2026-05-20,TRUE,436,464
Visit_6,540,SUBJ0067,FR02,2026-08-12,2026-08-14,TRUE,526,554
Visit_7,630,SUBJ0067,FR02,2026-11-10,2026-11-17,TRUE,616,644
Visit_8,720,SUBJ0067,FR02,2027-02-08,2027-02-10,TRUE,706,734
Visit_9,810,SUBJ0067,FR02,2027-05-09,2027-05-15,TRUE,796,824
Visit_10,900,SUBJ0067,FR02,2027-08-07,2027-08-02,TRUE,886,914
Visit_11,990,SUBJ0067,FR02,2027-11-05,2027-11-10,TRUE,976,1004
Visit_12,1080,SUBJ0067,FR02,2028-02-03,2028-02-10,TRUE,1066,1094
Visit_13,1170,SUBJ0067,FR02,2028-05-03,2028-04-30,TRUE,1156,1184
End_of_Study,1080,SUBJ0067,FR02,2028-02-03,2028-02-02,TRUE,1066,1094
Safety_Followup,1170,SUBJ0067,FR02,2028-05-03,2028-05-07,TRUE,1156,1184
Screening,-7,SUBJ0068,CH08,2025-02-20,2025-02-27,TRUE,-21,7
Enrollment,0,SUBJ0068,CH08,2025-02-27,2025-03-06,TRUE,-14,14
Visit_1,90,SUBJ0068,CH08,2025-05-28,2025-05-26,TRUE,76,104
Visit_2,180,SUBJ0068,CH08,2025-08-26,2025-08-23,TRUE,166,194
Visit_3,270,SUBJ0068,CH08,2025-11-24,2025-12-01,TRUE,256,284
Visit_4,360,SUBJ0068,CH08,2026-02-22,2026-02-18,TRUE,346,374
Visit_5,450,SUBJ0068,CH08,2026-05-23,2026-05-19,TRUE,436,464
Visit_6,540,SUBJ0068,CH08,2026-08-21,2026-08-28,TRUE,526,554
Visit_7,630,SUBJ0068,CH08,2026-11-19,2026-11-24,TRUE,616,644
Visit_8,720,SUBJ0068,CH08,2027-02-17,2027-02-14,TRUE,706,734
Visit_9,810,SUBJ0068,CH08,2027-05-18,2027-05-15,TRUE,796,824
Visit_10,900,SUBJ0068,CH08,2027-08-16,2027-08-11,TRUE,886,914
Visit_11,990,SUBJ0068,CH08,2027-11-14,2027-11-19,TRUE,976,1004
Visit_12,1080,SUBJ0068,CH08,2028-02-12,2028-02-19,TRUE,1066,1094
Visit_13,1170,SUBJ0068,CH08,2028-05-12,2028-05-13,TRUE,1156,1184
End_of_Study,1080,SUBJ0068,CH08,2028-02-12,2028-02-16,TRUE,1066,1094
Safety_Followup,1170,SUBJ0068,CH08,2028-05-12,2028-05-05,TRUE,1156,1184
Screening,-7,SUBJ0069,CH09,2025-01-09,2025-01-03,TRUE,-21,7
Enrollment,0,SUBJ0069,CH09,2025-01-16,2025-01-11,TRUE,-14,14
Visit_1,90,SUBJ0069,CH09,2025-04-16,2025-04-22,TRUE,76,104
Visit_2,180,SUBJ0069,CH09,2025-07-15,2025-07-18,TRUE,166,194
Visit_3,270,SUBJ0069,CH09,2025-10-13,2025-10-14,TRUE,256,284
Visit_4,360,SUBJ0069,CH09,2026-01-11,2026-01-15,TRUE,346,374
Visit_5,450,SUBJ0069,CH09,2026-04-11,2026-04-13,TRUE,436,464
Visit_6,540,SUBJ0069,CH09,2026-07-10,2026-07-07,TRUE,526,554
Visit_7,630,SUBJ0069,CH09,2026-10-08,2026-10-08,TRUE,616,644
Visit_8,720,SUBJ0069,CH09,2027-01-06,2027-01-05,TRUE,706,734
Visit_9,810,SUBJ0069,CH09,2027-04-06,2027-04-05,TRUE,796,824
Visit_10,900,SUBJ0069,CH09,2027-07-05,2027-07-09,TRUE,886,914
Visit_11,990,SUBJ0069,CH09,2027-10-03,2027-09-27,TRUE,976,1004
Visit_12,1080,SUBJ0069,CH09,2028-01-01,2028-01-04,TRUE,1066,1094
Visit_13,1170,SUBJ0069,CH09,2028-03-31,2028-03-28,TRUE,1156,1184
End_of_Study,1080,SUBJ0069,CH09,2028-01-01,2027-12-30,TRUE,1066,1094
Safety_Followup,1170,SUBJ0069,CH09,2028-03-31,2028-04-05,TRUE,1156,1184
Screening,-7,SUBJ0070,CH12,2025-04-29,2025-04-24,TRUE,-21,7
Enrollment,0,SUBJ0070,CH12,2025-05-06,2025-05-02,TRUE,-14,14
Visit_1,90,SUBJ0070,CH12,2025-08-04,2025-08-07,TRUE,76,104
Visit_2,180,SUBJ0070,CH12,2025-11-02,2025-11-03,TRUE,166,194
Visit_3,270,SUBJ0070,CH12,2026-01-31,2026-02-03,TRUE,256,284
Visit_4,360,SUBJ0070,CH12,2026-05-01,2026-04-28,TRUE,346,374
Visit_5,450,SUBJ0070,CH12,2026-07-30,2026-08-06,TRUE,436,464
Visit_6,540,SUBJ0070,CH12,2026-10-28,2026-10-26,TRUE,526,554
Visit_7,630,SUBJ0070,CH12,2027-01-26,2027-01-20,TRUE,616,644
Visit_8,720,SUBJ0070,CH12,2027-04-26,2027-04-27,TRUE,706,734
Visit_9,810,SUBJ0070,CH12,2027-07-25,2027-07-21,TRUE,796,824
Visit_10,900,SUBJ0070,CH12,2027-10-23,2027-10-20,TRUE,886,914
Visit_11,990,SUBJ0070,CH12,2028-01-21,2028-01-21,TRUE,976,1004
Visit_12,1080,SUBJ0070,CH12,2028-04-20,2028-04-16,TRUE,1066,1094
Visit_13,1170,SUBJ0070,CH12,2028-07-19,2028-07-24,TRUE,1156,1184
End_of_Study,1080,SUBJ0070,CH12,2028-04-20,2028-04-16,TRUE,1066,1094
Safety_Followup,1170,SUBJ0070,CH12,2028-07-19,2028-07-18,TRUE,1156,1184
Screening,-7,SUBJ0071,CH14,2024-12-30,2024-12-29,TRUE,-21,7
Enrollment,0,SUBJ0071,CH14,2025-01-06,2025-01-10,TRUE,-14,14
Visit_1,90,SUBJ0071,CH14,2025-04-06,2025-04-10,TRUE,76,104
Visit_2,180,SUBJ0071,CH14,2025-07-05,2025-07-10,TRUE,166,194
Visit_3,270,SUBJ0071,CH14,2025-10-03,2025-10-10,TRUE,256,284
Visit_4,360,SUBJ0071,CH14,2026-01-01,2025-12-31,TRUE,346,374
Visit_5,450,SUBJ0071,CH14,2026-04-01,2026-04-02,TRUE,436,464
Visit_6,540,SUBJ0071,CH14,2026-06-30,2026-06-28,TRUE,526,554
Visit_7,630,SUBJ0071,CH14,2026-09-28,2026-09-25,TRUE,616,644
Visit_8,720,SUBJ0071,CH14,2026-12-27,2026-12-29,TRUE,706,734
Visit_9,810,SUBJ0071,CH14,2027-03-27,2027-03-28,TRUE,796,824
Visit_10,900,SUBJ0071,CH14,2027-06-25,2027-06-24,TRUE,886,914
Visit_11,990,SUBJ0071,CH14,2027-09-23,2027-09-17,TRUE,976,1004
Visit_12,1080,SUBJ0071,CH14,2027-12-22,2027-12-19,TRUE,1066,1094
Visit_13,1170,SUBJ0071,CH14,2028-03-21,2028-03-19,TRUE,1156,1184
End_of_Study,1080,SUBJ0071,CH14,2027-12-22,2027-12-25,TRUE,1066,1094
Safety_Followup,1170,SUBJ0071,CH14,2028-03-21,2028-03-19,TRUE,1156,1184
Screening,-7,SUBJ0072,CH16,2025-02-12,2025-02-13,TRUE,-21,7
Enrollment,0,SUBJ0072,CH16,2025-02-19,2025-02-26,TRUE,-14,14
Visit_1,90,SUBJ0072,CH16,2025-05-20,2025-05-15,TRUE,76,104
Visit_2,180,SUBJ0072,CH16,2025-08-18,2025-08-25,TRUE,166,194
Visit_3,270,SUBJ0072,CH16,2025-11-16,2025-11-19,TRUE,256,284
Visit_4,360,SUBJ0072,CH16,2026-02-14,2026-02-21,TRUE,346,374
Visit_5,450,SUBJ0072,CH16,2026-05-15,2026-05-18,TRUE,436,464
Visit_6,540,SUBJ0072,CH16,2026-08-13,2026-08-20,TRUE,526,554
Visit_7,630,SUBJ0072,CH16,2026-11-11,2026-11-08,TRUE,616,644
Visit_8,720,SUBJ0072,CH16,2027-02-09,2027-02-03,TRUE,706,734
Visit_9,810,SUBJ0072,CH16,2027-05-10,2027-05-03,TRUE,796,824
Visit_10,900,SUBJ0072,CH16,2027-08-08,2027-08-04,TRUE,886,914
Visit_11,990,SUBJ0072,CH16,2027-11-06,2027-11-07,TRUE,976,1004
Visit_12,1080,SUBJ0072,CH16,2028-02-04,2028-01-28,TRUE,1066,1094
Visit_13,1170,SUBJ0072,CH16,2028-05-04,2028-05-10,TRUE,1156,1184
End_of_Study,1080,SUBJ0072,CH16,2028-02-04,2028-02-03,TRUE,1066,1094
Safety_Followup,1170,SUBJ0072,CH16,2028-05-04,2028-05-11,TRUE,1156,1184
Screening,-7,SUBJ0073,CH16,2025-05-23,2025-05-17,TRUE,-21,7
Enrollment,0,SUBJ0073,CH16,2025-05-30,2025-05-25,TRUE,-14,14
Visit_1,90,SUBJ0073,CH16,2025-08-28,2025-08-23,TRUE,76,104
Visit_2,180,SUBJ0073,CH16,2025-11-26,2025-11-19,TRUE,166,194
Visit_3,270,SUBJ0073,CH16,2026-02-24,2026-02-20,TRUE,256,284
Visit_4,360,SUBJ0073,CH16,2026-05-25,2026-05-30,TRUE,346,374
Visit_5,450,SUBJ0073,CH16,2026-08-23,2026-08-28,TRUE,436,464
Visit_6,540,SUBJ0073,CH16,2026-11-21,2026-11-27,TRUE,526,554
Visit_7,630,SUBJ0073,CH16,2027-02-19,2027-02-16,TRUE,616,644
Visit_8,720,SUBJ0073,CH16,2027-05-20,2027-05-22,TRUE,706,734
Visit_9,810,SUBJ0073,CH16,2027-08-18,2027-08-15,TRUE,796,824
Visit_10,900,SUBJ0073,CH16,2027-11-16,2027-11-19,TRUE,886,914
Visit_11,990,SUBJ0073,CH16,2028-02-14,2028-02-16,TRUE,976,1004
Visit_12,1080,SUBJ0073,CH16,2028-05-14,2028-05-13,TRUE,1066,1094
Visit_13,1170,SUBJ0073,CH16,2028-08-12,2028-08-19,TRUE,1156,1184
End_of_Study,1080,SUBJ0073,CH16,2028-05-14,2028-05-10,TRUE,1066,1094
Safety_Followup,1170,SUBJ0073,CH16,2028-08-12,2028-08-14,TRUE,1156,1184
Screening,-7,SUBJ0074,CH14,2025-02-23,2025-02-23,TRUE,-21,7
Enrollment,0,SUBJ0074,CH14,2025-03-02,2025-02-25,TRUE,-14,14
Visit_1,90,SUBJ0074,CH14,2025-05-31,2025-05-31,TRUE,76,104
Visit_2,180,SUBJ0074,CH14,2025-08-29,2025-08-23,TRUE,166,194
Visit_3,270,SUBJ0074,CH14,2025-11-27,2025-12-02,TRUE,256,284
Visit_4,360,SUBJ0074,CH14,2026-02-25,2026-03-04,TRUE,346,374
Visit_5,450,SUBJ0074,CH14,2026-05-26,2026-05-31,TRUE,436,464
Visit_6,540,SUBJ0074,CH14,2026-08-24,2026-08-21,TRUE,526,554
Visit_7,630,SUBJ0074,CH14,2026-11-22,2026-11-16,TRUE,616,644
Visit_8,720,SUBJ0074,CH14,2027-02-20,2027-02-21,TRUE,706,734
Visit_9,810,SUBJ0074,CH14,2027-05-21,2027-05-15,TRUE,796,824
Visit_10,900,SUBJ0074,CH14,2027-08-19,2027-08-17,TRUE,886,914
Visit_11,990,SUBJ0074,CH14,2027-11-17,2027-11-12,TRUE,976,1004
Visit_12,1080,SUBJ0074,CH14,2028-02-15,2028-02-13,TRUE,1066,1094
Visit_13,1170,SUBJ0074,CH14,2028-05-15,2028-05-08,TRUE,1156,1184
End_of_Study,1080,SUBJ0074,CH14,2028-02-15,2028-02-16,TRUE,1066,1094
Safety_Followup,1170,SUBJ0074,CH14,2028-05-15,2028-05-09,TRUE,1156,1184
Screening,-7,SUBJ0075,CH06,2025-03-12,2025-03-13,TRUE,-21,7
Enrollment,0,SUBJ0075,CH06,2025-03-19,2025-03-15,TRUE,-14,14
Visit_1,90,SUBJ0075,CH06,2025-06-17,2025-06-10,TRUE,76,104
Visit_2,180,SUBJ0075,CH06,2025-09-15,2025-09-19,TRUE,166,194
Visit_3,270,SUBJ0075,CH06,2025-12-14,NA,FALSE,256,284
Visit_4,360,SUBJ0075,CH06,2026-03-14,NA,FALSE,346,374
Visit_5,450,SUBJ0075,CH06,2026-06-12,NA,FALSE,436,464
Visit_6,540,SUBJ0075,CH06,2026-09-10,NA,FALSE,526,554
Visit_7,630,SUBJ0075,CH06,2026-12-09,NA,FALSE,616,644
Visit_8,720,SUBJ0075,CH06,2027-03-09,NA,FALSE,706,734
Visit_9,810,SUBJ0075,CH06,2027-06-07,NA,FALSE,796,824
Visit_10,900,SUBJ0075,CH06,2027-09-05,NA,FALSE,886,914
Visit_11,990,SUBJ0075,CH06,2027-12-04,NA,FALSE,976,1004
Visit_12,1080,SUBJ0075,CH06,2028-03-03,NA,FALSE,1066,1094
Visit_13,1170,SUBJ0075,CH06,2028-06-01,NA,FALSE,1156,1184
End_of_Study,1080,SUBJ0075,CH06,2028-03-03,NA,FALSE,1066,1094
Safety_Followup,1170,SUBJ0075,CH06,2028-06-01,NA,FALSE,1156,1184
Screening,-7,SUBJ0076,CH13,2025-06-23,2025-06-20,TRUE,-21,7
Enrollment,0,SUBJ0076,CH13,2025-06-30,2025-06-25,TRUE,-14,14
Visit_1,90,SUBJ0076,CH13,2025-09-28,2025-09-28,TRUE,76,104
Visit_2,180,SUBJ0076,CH13,2025-12-27,2025-12-29,TRUE,166,194
Visit_3,270,SUBJ0076,CH13,2026-03-27,2026-03-25,TRUE,256,284
Visit_4,360,SUBJ0076,CH13,2026-06-25,2026-06-19,TRUE,346,374
Visit_5,450,SUBJ0076,CH13,2026-09-23,2026-09-29,TRUE,436,464
Visit_6,540,SUBJ0076,CH13,2026-12-22,2026-12-19,TRUE,526,554
Visit_7,630,SUBJ0076,CH13,2027-03-22,2027-03-26,TRUE,616,644
Visit_8,720,SUBJ0076,CH13,2027-06-20,2027-06-20,TRUE,706,734
Visit_9,810,SUBJ0076,CH13,2027-09-18,2027-09-16,TRUE,796,824
Visit_10,900,SUBJ0076,CH13,2027-12-17,2027-12-16,TRUE,886,914
Visit_11,990,SUBJ0076,CH13,2028-03-16,2028-03-19,TRUE,976,1004
Visit_12,1080,SUBJ0076,CH13,2028-06-14,2028-06-21,TRUE,1066,1094
Visit_13,1170,SUBJ0076,CH13,2028-09-12,2028-09-13,TRUE,1156,1184
End_of_Study,1080,SUBJ0076,CH13,2028-06-14,2028-06-12,TRUE,1066,1094
Safety_Followup,1170,SUBJ0076,CH13,2028-09-12,2028-09-09,TRUE,1156,1184
Screening,-7,SUBJ0077,FR02,2025-03-21,2025-03-17,TRUE,-21,7
Enrollment,0,SUBJ0077,FR02,2025-03-28,2025-03-27,TRUE,-14,14
Visit_1,90,SUBJ0077,FR02,2025-06-26,2025-07-01,TRUE,76,104
Visit_2,180,SUBJ0077,FR02,2025-09-24,2025-09-29,TRUE,166,194
Visit_3,270,SUBJ0077,FR02,2025-12-23,2025-12-27,TRUE,256,284
Visit_4,360,SUBJ0077,FR02,2026-03-23,NA,FALSE,346,374
Visit_5,450,SUBJ0077,FR02,2026-06-21,NA,FALSE,436,464
Visit_6,540,SUBJ0077,FR02,2026-09-19,NA,FALSE,526,554
Visit_7,630,SUBJ0077,FR02,2026-12-18,NA,FALSE,616,644
Visit_8,720,SUBJ0077,FR02,2027-03-18,NA,FALSE,706,734
Visit_9,810,SUBJ0077,FR02,2027-06-16,NA,FALSE,796,824
Visit_10,900,SUBJ0077,FR02,2027-09-14,NA,FALSE,886,914
Visit_11,990,SUBJ0077,FR02,2027-12-13,NA,FALSE,976,1004
Visit_12,1080,SUBJ0077,FR02,2028-03-12,NA,FALSE,1066,1094
Visit_13,1170,SUBJ0077,FR02,2028-06-10,NA,FALSE,1156,1184
End_of_Study,1080,SUBJ0077,FR02,2028-03-12,NA,FALSE,1066,1094
Safety_Followup,1170,SUBJ0077,FR02,2028-06-10,NA,FALSE,1156,1184
Screening,-7,SUBJ0078,CH01,2025-05-12,2025-05-11,TRUE,-21,7
Enrollment,0,SUBJ0078,CH01,2025-05-19,2025-05-13,TRUE,-14,14
Visit_1,90,SUBJ0078,CH01,2025-08-17,2025-08-14,TRUE,76,104
Visit_2,180,SUBJ0078,CH01,2025-11-15,2025-11-12,TRUE,166,194
Visit_3,270,SUBJ0078,CH01,2026-02-13,2026-02-18,TRUE,256,284
Visit_4,360,SUBJ0078,CH01,2026-05-14,2026-05-21,TRUE,346,374
Visit_5,450,SUBJ0078,CH01,2026-08-12,2026-08-14,TRUE,436,464
Visit_6,540,SUBJ0078,CH01,2026-11-10,2026-11-15,TRUE,526,554
Visit_7,630,SUBJ0078,CH01,2027-02-08,2027-02-08,TRUE,616,644
Visit_8,720,SUBJ0078,CH01,2027-05-09,NA,FALSE,706,734
Visit_9,810,SUBJ0078,CH01,2027-08-07,NA,FALSE,796,824
Visit_10,900,SUBJ0078,CH01,2027-11-05,NA,FALSE,886,914
Visit_11,990,SUBJ0078,CH01,2028-02-03,NA,FALSE,976,1004
Visit_12,1080,SUBJ0078,CH01,2028-05-03,NA,FALSE,1066,1094
Visit_13,1170,SUBJ0078,CH01,2028-08-01,NA,FALSE,1156,1184
End_of_Study,1080,SUBJ0078,CH01,2028-05-03,NA,FALSE,1066,1094
Safety_Followup,1170,SUBJ0078,CH01,2028-08-01,NA,FALSE,1156,1184
Screening,-7,SUBJ0079,CH16,2025-03-29,2025-03-24,TRUE,-21,7
Enrollment,0,SUBJ0079,CH16,2025-04-05,2025-04-04,TRUE,-14,14
Visit_1,90,SUBJ0079,CH16,2025-07-04,2025-07-09,TRUE,76,104
Visit_2,180,SUBJ0079,CH16,2025-10-02,2025-10-09,TRUE,166,194
Visit_3,270,SUBJ0079,CH16,2025-12-31,2025-12-27,TRUE,256,284
Visit_4,360,SUBJ0079,CH16,2026-03-31,2026-03-31,TRUE,346,374
Visit_5,450,SUBJ0079,CH16,2026-06-29,2026-06-23,TRUE,436,464
Visit_6,540,SUBJ0079,CH16,2026-09-27,2026-10-02,TRUE,526,554
Visit_7,630,SUBJ0079,CH16,2026-12-26,2026-12-19,TRUE,616,644
Visit_8,720,SUBJ0079,CH16,2027-03-26,2027-03-23,TRUE,706,734
Visit_9,810,SUBJ0079,CH16,2027-06-24,2027-06-25,TRUE,796,824
Visit_10,900,SUBJ0079,CH16,2027-09-22,2027-09-18,TRUE,886,914
Visit_11,990,SUBJ0079,CH16,2027-12-21,2027-12-27,TRUE,976,1004
Visit_12,1080,SUBJ0079,CH16,2028-03-20,2028-03-25,TRUE,1066,1094
Visit_13,1170,SUBJ0079,CH16,2028-06-18,2028-06-25,TRUE,1156,1184
End_of_Study,1080,SUBJ0079,CH16,2028-03-20,2028-03-14,TRUE,1066,1094
Safety_Followup,1170,SUBJ0079,CH16,2028-06-18,2028-06-14,TRUE,1156,1184
Screening,-7,SUBJ0080,CH02,2025-01-05,2024-12-30,TRUE,-21,7
Enrollment,0,SUBJ0080,CH02,2025-01-12,2025-01-15,TRUE,-14,14
Visit_1,90,SUBJ0080,CH02,2025-04-12,2025-04-08,TRUE,76,104
Visit_2,180,SUBJ0080,CH02,2025-07-11,2025-07-18,TRUE,166,194
Visit_3,270,SUBJ0080,CH02,2025-10-09,2025-10-02,TRUE,256,284
Visit_4,360,SUBJ0080,CH02,2026-01-07,2026-01-08,TRUE,346,374
Visit_5,450,SUBJ0080,CH02,2026-04-07,2026-04-14,TRUE,436,464
Visit_6,540,SUBJ0080,CH02,2026-07-06,2026-06-29,TRUE,526,554
Visit_7,630,SUBJ0080,CH02,2026-10-04,NA,FALSE,616,644
Visit_8,720,SUBJ0080,CH02,2027-01-02,NA,FALSE,706,734
Visit_9,810,SUBJ0080,CH02,2027-04-02,NA,FALSE,796,824
Visit_10,900,SUBJ0080,CH02,2027-07-01,NA,FALSE,886,914
Visit_11,990,SUBJ0080,CH02,2027-09-29,NA,FALSE,976,1004
Visit_12,1080,SUBJ0080,CH02,2027-12-28,NA,FALSE,1066,1094
Visit_13,1170,SUBJ0080,CH02,2028-03-27,NA,FALSE,1156,1184
End_of_Study,1080,SUBJ0080,CH02,2027-12-28,NA,FALSE,1066,1094
Safety_Followup,1170,SUBJ0080,CH02,2028-03-27,NA,FALSE,1156,1184
Screening,-7,SUBJ0081,CH16,2025-06-02,2025-05-28,TRUE,-21,7
Enrollment,0,SUBJ0081,CH16,2025-06-09,2025-06-11,TRUE,-14,14
Visit_1,90,SUBJ0081,CH16,2025-09-07,2025-09-08,TRUE,76,104
Visit_2,180,SUBJ0081,CH16,2025-12-06,2025-12-07,TRUE,166,194
Visit_3,270,SUBJ0081,CH16,2026-03-06,2026-03-06,TRUE,256,284
Visit_4,360,SUBJ0081,CH16,2026-06-04,2026-06-04,TRUE,346,374
Visit_5,450,SUBJ0081,CH16,2026-09-02,2026-09-01,TRUE,436,464
Visit_6,540,SUBJ0081,CH16,2026-12-01,2026-11-30,TRUE,526,554
Visit_7,630,SUBJ0081,CH16,2027-03-01,2027-03-02,TRUE,616,644
Visit_8,720,SUBJ0081,CH16,2027-05-30,2027-05-31,TRUE,706,734
Visit_9,810,SUBJ0081,CH16,2027-08-28,2027-08-26,TRUE,796,824
Visit_10,900,SUBJ0081,CH16,2027-11-26,2027-11-22,TRUE,886,914
Visit_11,990,SUBJ0081,CH16,2028-02-24,2028-02-23,TRUE,976,1004
Visit_12,1080,SUBJ0081,CH16,2028-05-24,2028-05-31,TRUE,1066,1094
Visit_13,1170,SUBJ0081,CH16,2028-08-22,2028-08-26,TRUE,1156,1184
End_of_Study,1080,SUBJ0081,CH16,2028-05-24,2028-05-20,TRUE,1066,1094
Safety_Followup,1170,SUBJ0081,CH16,2028-08-22,2028-08-25,TRUE,1156,1184
Screening,-7,SUBJ0082,CH17,2025-02-22,2025-02-18,TRUE,-21,7
Enrollment,0,SUBJ0082,CH17,2025-03-01,2025-03-05,TRUE,-14,14
Visit_1,90,SUBJ0082,CH17,2025-05-30,2025-06-04,TRUE,76,104
Visit_2,180,SUBJ0082,CH17,2025-08-28,2025-09-03,TRUE,166,194
Visit_3,270,SUBJ0082,CH17,2025-11-26,2025-11-20,TRUE,256,284
Visit_4,360,SUBJ0082,CH17,2026-02-24,2026-02-26,TRUE,346,374
Visit_5,450,SUBJ0082,CH17,2026-05-25,2026-05-20,TRUE,436,464
Visit_6,540,SUBJ0082,CH17,2026-08-23,2026-08-23,TRUE,526,554
Visit_7,630,SUBJ0082,CH17,2026-11-21,2026-11-17,TRUE,616,644
Visit_8,720,SUBJ0082,CH17,2027-02-19,2027-02-14,TRUE,706,734
Visit_9,810,SUBJ0082,CH17,2027-05-20,2027-05-18,TRUE,796,824
Visit_10,900,SUBJ0082,CH17,2027-08-18,2027-08-23,TRUE,886,914
Visit_11,990,SUBJ0082,CH17,2027-11-16,2027-11-16,TRUE,976,1004
Visit_12,1080,SUBJ0082,CH17,2028-02-14,2028-02-09,TRUE,1066,1094
Visit_13,1170,SUBJ0082,CH17,2028-05-14,2028-05-12,TRUE,1156,1184
End_of_Study,1080,SUBJ0082,CH17,2028-02-14,2028-02-12,TRUE,1066,1094
Safety_Followup,1170,SUBJ0082,CH17,2028-05-14,2028-05-08,TRUE,1156,1184
Screening,-7,SUBJ0083,CH02,2025-02-28,2025-03-07,TRUE,-21,7
Enrollment,0,SUBJ0083,CH02,2025-03-07,2025-03-03,TRUE,-14,14
Visit_1,90,SUBJ0083,CH02,2025-06-05,2025-06-06,TRUE,76,104
Visit_2,180,SUBJ0083,CH02,2025-09-03,2025-09-05,TRUE,166,194
Visit_3,270,SUBJ0083,CH02,2025-12-02,2025-12-07,TRUE,256,284
Visit_4,360,SUBJ0083,CH02,2026-03-02,2026-03-05,TRUE,346,374
Visit_5,450,SUBJ0083,CH02,2026-05-31,2026-06-06,TRUE,436,464
Visit_6,540,SUBJ0083,CH02,2026-08-29,2026-09-02,TRUE,526,554
Visit_7,630,SUBJ0083,CH02,2026-11-27,2026-11-22,TRUE,616,644
Visit_8,720,SUBJ0083,CH02,2027-02-25,2027-02-24,TRUE,706,734
Visit_9,810,SUBJ0083,CH02,2027-05-26,2027-06-01,TRUE,796,824
Visit_10,900,SUBJ0083,CH02,2027-08-24,2027-08-31,TRUE,886,914
Visit_11,990,SUBJ0083,CH02,2027-11-22,2027-11-28,TRUE,976,1004
Visit_12,1080,SUBJ0083,CH02,2028-02-20,2028-02-16,TRUE,1066,1094
Visit_13,1170,SUBJ0083,CH02,2028-05-20,2028-05-16,TRUE,1156,1184
End_of_Study,1080,SUBJ0083,CH02,2028-02-20,2028-02-26,TRUE,1066,1094
Safety_Followup,1170,SUBJ0083,CH02,2028-05-20,2028-05-20,TRUE,1156,1184
Screening,-7,SUBJ0084,CH13,2025-01-02,2024-12-27,TRUE,-21,7
Enrollment,0,SUBJ0084,CH13,2025-01-09,2025-01-12,TRUE,-14,14
Visit_1,90,SUBJ0084,CH13,2025-04-09,2025-04-08,TRUE,76,104
Visit_2,180,SUBJ0084,CH13,2025-07-08,2025-07-11,TRUE,166,194
Visit_3,270,SUBJ0084,CH13,2025-10-06,2025-09-30,TRUE,256,284
Visit_4,360,SUBJ0084,CH13,2026-01-04,2026-01-05,TRUE,346,374
Visit_5,450,SUBJ0084,CH13,2026-04-04,2026-03-31,TRUE,436,464
Visit_6,540,SUBJ0084,CH13,2026-07-03,2026-06-26,TRUE,526,554
Visit_7,630,SUBJ0084,CH13,2026-10-01,2026-10-08,TRUE,616,644
Visit_8,720,SUBJ0084,CH13,2026-12-30,NA,FALSE,706,734
Visit_9,810,SUBJ0084,CH13,2027-03-30,NA,FALSE,796,824
Visit_10,900,SUBJ0084,CH13,2027-06-28,NA,FALSE,886,914
Visit_11,990,SUBJ0084,CH13,2027-09-26,NA,FALSE,976,1004
Visit_12,1080,SUBJ0084,CH13,2027-12-25,NA,FALSE,1066,1094
Visit_13,1170,SUBJ0084,CH13,2028-03-24,NA,FALSE,1156,1184
End_of_Study,1080,SUBJ0084,CH13,2027-12-25,NA,FALSE,1066,1094
Safety_Followup,1170,SUBJ0084,CH13,2028-03-24,NA,FALSE,1156,1184
Screening,-7,SUBJ0085,IT01,2025-01-11,2025-01-05,TRUE,-21,7
Enrollment,0,SUBJ0085,IT01,2025-01-18,2025-01-20,TRUE,-14,14
Visit_1,90,SUBJ0085,IT01,2025-04-18,2025-04-21,TRUE,76,104
Visit_2,180,SUBJ0085,IT01,2025-07-17,2025-07-13,TRUE,166,194
Visit_3,270,SUBJ0085,IT01,2025-10-15,2025-10-21,TRUE,256,284
Visit_4,360,SUBJ0085,IT01,2026-01-13,2026-01-12,TRUE,346,374
Visit_5,450,SUBJ0085,IT01,2026-04-13,2026-04-08,TRUE,436,464
Visit_6,540,SUBJ0085,IT01,2026-07-12,2026-07-06,TRUE,526,554
Visit_7,630,SUBJ0085,IT01,2026-10-10,2026-10-10,TRUE,616,644
Visit_8,720,SUBJ0085,IT01,2027-01-08,2027-01-03,TRUE,706,734
Visit_9,810,SUBJ0085,IT01,2027-04-08,2027-04-06,TRUE,796,824
Visit_10,900,SUBJ0085,IT01,2027-07-07,2027-07-06,TRUE,886,914
Visit_11,990,SUBJ0085,IT01,2027-10-05,2027-09-28,TRUE,976,1004
Visit_12,1080,SUBJ0085,IT01,2028-01-03,2028-01-06,TRUE,1066,1094
Visit_13,1170,SUBJ0085,IT01,2028-04-02,2028-04-02,TRUE,1156,1184
End_of_Study,1080,SUBJ0085,IT01,2028-01-03,2028-01-05,TRUE,1066,1094
Safety_Followup,1170,SUBJ0085,IT01,2028-04-02,2028-03-27,TRUE,1156,1184
Screening,-7,SUBJ0086,CH17,2025-03-04,2025-03-10,TRUE,-21,7
Enrollment,0,SUBJ0086,CH17,2025-03-11,2025-03-07,TRUE,-14,14
Visit_1,90,SUBJ0086,CH17,2025-06-09,2025-06-06,TRUE,76,104
Visit_2,180,SUBJ0086,CH17,2025-09-07,2025-09-05,TRUE,166,194
Visit_3,270,SUBJ0086,CH17,2025-12-06,2025-12-06,TRUE,256,284
Visit_4,360,SUBJ0086,CH17,2026-03-06,2026-03-04,TRUE,346,374
Visit_5,450,SUBJ0086,CH17,2026-06-04,2026-06-09,TRUE,436,464
Visit_6,540,SUBJ0086,CH17,2026-09-02,2026-09-03,TRUE,526,554
Visit_7,630,SUBJ0086,CH17,2026-12-01,2026-11-24,TRUE,616,644
Visit_8,720,SUBJ0086,CH17,2027-03-01,2027-03-01,TRUE,706,734
Visit_9,810,SUBJ0086,CH17,2027-05-30,2027-05-31,TRUE,796,824
Visit_10,900,SUBJ0086,CH17,2027-08-28,2027-09-01,TRUE,886,914
Visit_11,990,SUBJ0086,CH17,2027-11-26,2027-11-27,TRUE,976,1004
Visit_12,1080,SUBJ0086,CH17,2028-02-24,2028-02-26,TRUE,1066,1094
Visit_13,1170,SUBJ0086,CH17,2028-05-24,2028-05-18,TRUE,1156,1184
End_of_Study,1080,SUBJ0086,CH17,2028-02-24,2028-02-26,TRUE,1066,1094
Safety_Followup,1170,SUBJ0086,CH17,2028-05-24,2028-05-28,TRUE,1156,1184
Screening,-7,SUBJ0087,CH01,2025-06-13,2025-06-20,TRUE,-21,7
Enrollment,0,SUBJ0087,CH01,2025-06-20,2025-06-23,TRUE,-14,14
Visit_1,90,SUBJ0087,CH01,2025-09-18,2025-09-16,TRUE,76,104
Visit_2,180,SUBJ0087,CH01,2025-12-17,2025-12-20,TRUE,166,194
Visit_3,270,SUBJ0087,CH01,2026-03-17,2026-03-17,TRUE,256,284
Visit_4,360,SUBJ0087,CH01,2026-06-15,2026-06-18,TRUE,346,374
Visit_5,450,SUBJ0087,CH01,2026-09-13,2026-09-15,TRUE,436,464
Visit_6,540,SUBJ0087,CH01,2026-12-12,NA,FALSE,526,554
Visit_7,630,SUBJ0087,CH01,2027-03-12,NA,FALSE,616,644
Visit_8,720,SUBJ0087,CH01,2027-06-10,NA,FALSE,706,734
Visit_9,810,SUBJ0087,CH01,2027-09-08,NA,FALSE,796,824
Visit_10,900,SUBJ0087,CH01,2027-12-07,NA,FALSE,886,914
Visit_11,990,SUBJ0087,CH01,2028-03-06,NA,FALSE,976,1004
Visit_12,1080,SUBJ0087,CH01,2028-06-04,NA,FALSE,1066,1094
Visit_13,1170,SUBJ0087,CH01,2028-09-02,NA,FALSE,1156,1184
End_of_Study,1080,SUBJ0087,CH01,2028-06-04,NA,FALSE,1066,1094
Safety_Followup,1170,SUBJ0087,CH01,2028-09-02,NA,FALSE,1156,1184
Screening,-7,SUBJ0088,CH15,2025-05-11,2025-05-09,TRUE,-21,7
Enrollment,0,SUBJ0088,CH15,2025-05-18,2025-05-17,TRUE,-14,14
Visit_1,90,SUBJ0088,CH15,2025-08-16,2025-08-19,TRUE,76,104
Visit_2,180,SUBJ0088,CH15,2025-11-14,2025-11-12,TRUE,166,194
Visit_3,270,SUBJ0088,CH15,2026-02-12,2026-02-09,TRUE,256,284
Visit_4,360,SUBJ0088,CH15,2026-05-13,2026-05-14,TRUE,346,374
Visit_5,450,SUBJ0088,CH15,2026-08-11,2026-08-04,TRUE,436,464
Visit_6,540,SUBJ0088,CH15,2026-11-09,2026-11-02,TRUE,526,554
Visit_7,630,SUBJ0088,CH15,2027-02-07,2027-02-08,TRUE,616,644
Visit_8,720,SUBJ0088,CH15,2027-05-08,2027-05-14,TRUE,706,734
Visit_9,810,SUBJ0088,CH15,2027-08-06,2027-08-01,TRUE,796,824
Visit_10,900,SUBJ0088,CH15,2027-11-04,2027-10-29,TRUE,886,914
Visit_11,990,SUBJ0088,CH15,2028-02-02,2028-01-26,TRUE,976,1004
Visit_12,1080,SUBJ0088,CH15,2028-05-02,2028-05-07,TRUE,1066,1094
Visit_13,1170,SUBJ0088,CH15,2028-07-31,2028-08-03,TRUE,1156,1184
End_of_Study,1080,SUBJ0088,CH15,2028-05-02,2028-04-30,TRUE,1066,1094
Safety_Followup,1170,SUBJ0088,CH15,2028-07-31,2028-07-27,TRUE,1156,1184
Screening,-7,SUBJ0089,CH16,2025-05-28,2025-05-22,TRUE,-21,7
Enrollment,0,SUBJ0089,CH16,2025-06-04,2025-05-28,TRUE,-14,14
Visit_1,90,SUBJ0089,CH16,2025-09-02,2025-09-01,TRUE,76,104
Visit_2,180,SUBJ0089,CH16,2025-12-01,2025-11-24,TRUE,166,194
Visit_3,270,SUBJ0089,CH16,2026-03-01,2026-02-24,TRUE,256,284
Visit_4,360,SUBJ0089,CH16,2026-05-30,2026-06-01,TRUE,346,374
Visit_5,450,SUBJ0089,CH16,2026-08-28,2026-08-26,TRUE,436,464
Visit_6,540,SUBJ0089,CH16,2026-11-26,2026-12-01,TRUE,526,554
Visit_7,630,SUBJ0089,CH16,2027-02-24,2027-02-26,TRUE,616,644
Visit_8,720,SUBJ0089,CH16,2027-05-25,2027-05-23,TRUE,706,734
Visit_9,810,SUBJ0089,CH16,2027-08-23,2027-08-19,TRUE,796,824
Visit_10,900,SUBJ0089,CH16,2027-11-21,2027-11-22,TRUE,886,914
Visit_11,990,SUBJ0089,CH16,2028-02-19,2028-02-15,TRUE,976,1004
Visit_12,1080,SUBJ0089,CH16,2028-05-19,2028-05-12,TRUE,1066,1094
Visit_13,1170,SUBJ0089,CH16,2028-08-17,2028-08-10,TRUE,1156,1184
End_of_Study,1080,SUBJ0089,CH16,2028-05-19,2028-05-15,TRUE,1066,1094
Safety_Followup,1170,SUBJ0089,CH16,2028-08-17,2028-08-24,TRUE,1156,1184
Screening,-7,SUBJ0090,CH10,2025-02-11,2025-02-07,TRUE,-21,7
Enrollment,0,SUBJ0090,CH10,2025-02-18,2025-02-25,TRUE,-14,14
Visit_1,90,SUBJ0090,CH10,2025-05-19,2025-05-12,TRUE,76,104
Visit_2,180,SUBJ0090,CH10,2025-08-17,2025-08-16,TRUE,166,194
Visit_3,270,SUBJ0090,CH10,2025-11-15,2025-11-22,TRUE,256,284
Visit_4,360,SUBJ0090,CH10,2026-02-13,2026-02-20,TRUE,346,374
Visit_5,450,SUBJ0090,CH10,2026-05-14,2026-05-07,TRUE,436,464
Visit_6,540,SUBJ0090,CH10,2026-08-12,2026-08-13,TRUE,526,554
Visit_7,630,SUBJ0090,CH10,2026-11-10,2026-11-07,TRUE,616,644
Visit_8,720,SUBJ0090,CH10,2027-02-08,2027-02-05,TRUE,706,734
Visit_9,810,SUBJ0090,CH10,2027-05-09,2027-05-08,TRUE,796,824
Visit_10,900,SUBJ0090,CH10,2027-08-07,2027-08-09,TRUE,886,914
Visit_11,990,SUBJ0090,CH10,2027-11-05,2027-11-04,TRUE,976,1004
Visit_12,1080,SUBJ0090,CH10,2028-02-03,2028-02-02,TRUE,1066,1094
Visit_13,1170,SUBJ0090,CH10,2028-05-03,2028-04-27,TRUE,1156,1184
End_of_Study,1080,SUBJ0090,CH10,2028-02-03,2028-02-03,TRUE,1066,1094
Safety_Followup,1170,SUBJ0090,CH10,2028-05-03,2028-05-09,TRUE,1156,1184
Screening,-7,SUBJ0091,CH01,2025-05-10,2025-05-17,TRUE,-21,7
Enrollment,0,SUBJ0091,CH01,2025-05-17,2025-05-21,TRUE,-14,14
Visit_1,90,SUBJ0091,CH01,2025-08-15,2025-08-20,TRUE,76,104
Visit_2,180,SUBJ0091,CH01,2025-11-13,2025-11-08,TRUE,166,194
Visit_3,270,SUBJ0091,CH01,2026-02-11,2026-02-10,TRUE,256,284
Visit_4,360,SUBJ0091,CH01,2026-05-12,2026-05-17,TRUE,346,374
Visit_5,450,SUBJ0091,CH01,2026-08-10,2026-08-06,TRUE,436,464
Visit_6,540,SUBJ0091,CH01,2026-11-08,2026-11-05,TRUE,526,554
Visit_7,630,SUBJ0091,CH01,2027-02-06,2027-01-31,TRUE,616,644
Visit_8,720,SUBJ0091,CH01,2027-05-07,2027-05-05,TRUE,706,734
Visit_9,810,SUBJ0091,CH01,2027-08-05,2027-07-29,TRUE,796,824
Visit_10,900,SUBJ0091,CH01,2027-11-03,2027-11-05,TRUE,886,914
Visit_11,990,SUBJ0091,CH01,2028-02-01,2028-01-29,TRUE,976,1004
Visit_12,1080,SUBJ0091,CH01,2028-05-01,2028-04-27,TRUE,1066,1094
Visit_13,1170,SUBJ0091,CH01,2028-07-30,2028-07-30,TRUE,1156,1184
End_of_Study,1080,SUBJ0091,CH01,2028-05-01,2028-05-07,TRUE,1066,1094
Safety_Followup,1170,SUBJ0091,CH01,2028-07-30,2028-07-23,TRUE,1156,1184
Screening,-7,SUBJ0092,CH06,2025-03-20,2025-03-22,TRUE,-21,7
Enrollment,0,SUBJ0092,CH06,2025-03-27,2025-03-22,TRUE,-14,14
Visit_1,90,SUBJ0092,CH06,2025-06-25,2025-06-23,TRUE,76,104
Visit_2,180,SUBJ0092,CH06,2025-09-23,2025-09-19,TRUE,166,194
Visit_3,270,SUBJ0092,CH06,2025-12-22,2025-12-15,TRUE,256,284
Visit_4,360,SUBJ0092,CH06,2026-03-22,2026-03-29,TRUE,346,374
Visit_5,450,SUBJ0092,CH06,2026-06-20,2026-06-15,TRUE,436,464
Visit_6,540,SUBJ0092,CH06,2026-09-18,2026-09-24,TRUE,526,554
Visit_7,630,SUBJ0092,CH06,2026-12-17,2026-12-13,TRUE,616,644
Visit_8,720,SUBJ0092,CH06,2027-03-17,2027-03-24,TRUE,706,734
Visit_9,810,SUBJ0092,CH06,2027-06-15,2027-06-15,TRUE,796,824
Visit_10,900,SUBJ0092,CH06,2027-09-13,2027-09-14,TRUE,886,914
Visit_11,990,SUBJ0092,CH06,2027-12-12,2027-12-15,TRUE,976,1004
Visit_12,1080,SUBJ0092,CH06,2028-03-11,2028-03-15,TRUE,1066,1094
Visit_13,1170,SUBJ0092,CH06,2028-06-09,2028-06-09,TRUE,1156,1184
End_of_Study,1080,SUBJ0092,CH06,2028-03-11,2028-03-14,TRUE,1066,1094
Safety_Followup,1170,SUBJ0092,CH06,2028-06-09,2028-06-06,TRUE,1156,1184
Screening,-7,SUBJ0093,CH15,2025-04-10,2025-04-03,TRUE,-21,7
Enrollment,0,SUBJ0093,CH15,2025-04-17,2025-04-13,TRUE,-14,14
Visit_1,90,SUBJ0093,CH15,2025-07-16,2025-07-23,TRUE,76,104
Visit_2,180,SUBJ0093,CH15,2025-10-14,2025-10-20,TRUE,166,194
Visit_3,270,SUBJ0093,CH15,2026-01-12,2026-01-07,TRUE,256,284
Visit_4,360,SUBJ0093,CH15,2026-04-12,2026-04-16,TRUE,346,374
Visit_5,450,SUBJ0093,CH15,2026-07-11,2026-07-09,TRUE,436,464
Visit_6,540,SUBJ0093,CH15,2026-10-09,2026-10-07,TRUE,526,554
Visit_7,630,SUBJ0093,CH15,2027-01-07,2027-01-07,TRUE,616,644
Visit_8,720,SUBJ0093,CH15,2027-04-07,NA,FALSE,706,734
Visit_9,810,SUBJ0093,CH15,2027-07-06,NA,FALSE,796,824
Visit_10,900,SUBJ0093,CH15,2027-10-04,NA,FALSE,886,914
Visit_11,990,SUBJ0093,CH15,2028-01-02,NA,FALSE,976,1004
Visit_12,1080,SUBJ0093,CH15,2028-04-01,NA,FALSE,1066,1094
Visit_13,1170,SUBJ0093,CH15,2028-06-30,NA,FALSE,1156,1184
End_of_Study,1080,SUBJ0093,CH15,2028-04-01,NA,FALSE,1066,1094
Safety_Followup,1170,SUBJ0093,CH15,2028-06-30,NA,FALSE,1156,1184
Screening,-7,SUBJ0094,CH05,2025-05-31,2025-05-30,TRUE,-21,7
Enrollment,0,SUBJ0094,CH05,2025-06-07,2025-06-05,TRUE,-14,14
Visit_1,90,SUBJ0094,CH05,2025-09-05,2025-09-10,TRUE,76,104
Visit_2,180,SUBJ0094,CH05,2025-12-04,2025-12-08,TRUE,166,194
Visit_3,270,SUBJ0094,CH05,2026-03-04,2026-02-28,TRUE,256,284
Visit_4,360,SUBJ0094,CH05,2026-06-02,2026-05-29,TRUE,346,374
Visit_5,450,SUBJ0094,CH05,2026-08-31,2026-09-05,TRUE,436,464
Visit_6,540,SUBJ0094,CH05,2026-11-29,2026-11-22,TRUE,526,554
Visit_7,630,SUBJ0094,CH05,2027-02-27,2027-03-02,TRUE,616,644
Visit_8,720,SUBJ0094,CH05,2027-05-28,2027-06-02,TRUE,706,734
Visit_9,810,SUBJ0094,CH05,2027-08-26,2027-08-24,TRUE,796,824
Visit_10,900,SUBJ0094,CH05,2027-11-24,2027-11-24,TRUE,886,914
Visit_11,990,SUBJ0094,CH05,2028-02-22,2028-02-23,TRUE,976,1004
Visit_12,1080,SUBJ0094,CH05,2028-05-22,2028-05-22,TRUE,1066,1094
Visit_13,1170,SUBJ0094,CH05,2028-08-20,2028-08-16,TRUE,1156,1184
End_of_Study,1080,SUBJ0094,CH05,2028-05-22,2028-05-19,TRUE,1066,1094
Safety_Followup,1170,SUBJ0094,CH05,2028-08-20,2028-08-14,TRUE,1156,1184
Screening,-7,SUBJ0095,CH10,2025-03-30,2025-03-23,TRUE,-21,7
Enrollment,0,SUBJ0095,CH10,2025-04-06,2025-04-06,TRUE,-14,14
Visit_1,90,SUBJ0095,CH10,2025-07-05,2025-07-06,TRUE,76,104
Visit_2,180,SUBJ0095,CH10,2025-10-03,2025-10-09,TRUE,166,194
Visit_3,270,SUBJ0095,CH10,2026-01-01,2026-01-01,TRUE,256,284
Visit_4,360,SUBJ0095,CH10,2026-04-01,2026-03-29,TRUE,346,374
Visit_5,450,SUBJ0095,CH10,2026-06-30,2026-06-25,TRUE,436,464
Visit_6,540,SUBJ0095,CH10,2026-09-28,2026-09-30,TRUE,526,554
Visit_7,630,SUBJ0095,CH10,2026-12-27,2026-12-28,TRUE,616,644
Visit_8,720,SUBJ0095,CH10,2027-03-27,2027-04-01,TRUE,706,734
Visit_9,810,SUBJ0095,CH10,2027-06-25,NA,FALSE,796,824
Visit_10,900,SUBJ0095,CH10,2027-09-23,NA,FALSE,886,914
Visit_11,990,SUBJ0095,CH10,2027-12-22,NA,FALSE,976,1004
Visit_12,1080,SUBJ0095,CH10,2028-03-21,NA,FALSE,1066,1094
Visit_13,1170,SUBJ0095,CH10,2028-06-19,NA,FALSE,1156,1184
End_of_Study,1080,SUBJ0095,CH10,2028-03-21,NA,FALSE,1066,1094
Safety_Followup,1170,SUBJ0095,CH10,2028-06-19,NA,FALSE,1156,1184
Screening,-7,SUBJ0096,CH15,2025-01-18,2025-01-11,TRUE,-21,7
Enrollment,0,SUBJ0096,CH15,2025-01-25,2025-01-25,TRUE,-14,14
Visit_1,90,SUBJ0096,CH15,2025-04-25,2025-04-18,TRUE,76,104
Visit_2,180,SUBJ0096,CH15,2025-07-24,2025-07-23,TRUE,166,194
Visit_3,270,SUBJ0096,CH15,2025-10-22,2025-10-18,TRUE,256,284
Visit_4,360,SUBJ0096,CH15,2026-01-20,2026-01-19,TRUE,346,374
Visit_5,450,SUBJ0096,CH15,2026-04-20,2026-04-17,TRUE,436,464
Visit_6,540,SUBJ0096,CH15,2026-07-19,2026-07-14,TRUE,526,554
Visit_7,630,SUBJ0096,CH15,2026-10-17,2026-10-12,TRUE,616,644
Visit_8,720,SUBJ0096,CH15,2027-01-15,2027-01-12,TRUE,706,734
Visit_9,810,SUBJ0096,CH15,2027-04-15,2027-04-10,TRUE,796,824
Visit_10,900,SUBJ0096,CH15,2027-07-14,2027-07-13,TRUE,886,914
Visit_11,990,SUBJ0096,CH15,2027-10-12,2027-10-09,TRUE,976,1004
Visit_12,1080,SUBJ0096,CH15,2028-01-10,2028-01-17,TRUE,1066,1094
Visit_13,1170,SUBJ0096,CH15,2028-04-09,2028-04-03,TRUE,1156,1184
End_of_Study,1080,SUBJ0096,CH15,2028-01-10,2028-01-14,TRUE,1066,1094
Safety_Followup,1170,SUBJ0096,CH15,2028-04-09,2028-04-16,TRUE,1156,1184
Screening,-7,SUBJ0097,CH14,2025-04-03,2025-03-28,TRUE,-21,7
Enrollment,0,SUBJ0097,CH14,2025-04-10,2025-04-16,TRUE,-14,14
Visit_1,90,SUBJ0097,CH14,2025-07-09,2025-07-13,TRUE,76,104
Visit_2,180,SUBJ0097,CH14,2025-10-07,2025-10-05,TRUE,166,194
Visit_3,270,SUBJ0097,CH14,2026-01-05,2026-01-09,TRUE,256,284
Visit_4,360,SUBJ0097,CH14,2026-04-05,2026-04-09,TRUE,346,374
Visit_5,450,SUBJ0097,CH14,2026-07-04,2026-07-08,TRUE,436,464
Visit_6,540,SUBJ0097,CH14,2026-10-02,2026-10-09,TRUE,526,554
Visit_7,630,SUBJ0097,CH14,2026-12-31,2027-01-04,TRUE,616,644
Visit_8,720,SUBJ0097,CH14,2027-03-31,2027-03-26,TRUE,706,734
Visit_9,810,SUBJ0097,CH14,2027-06-29,2027-07-04,TRUE,796,824
Visit_10,900,SUBJ0097,CH14,2027-09-27,2027-09-24,TRUE,886,914
Visit_11,990,SUBJ0097,CH14,2027-12-26,2027-12-31,TRUE,976,1004
Visit_12,1080,SUBJ0097,CH14,2028-03-25,2028-03-21,TRUE,1066,1094
Visit_13,1170,SUBJ0097,CH14,2028-06-23,2028-06-24,TRUE,1156,1184
End_of_Study,1080,SUBJ0097,CH14,2028-03-25,2028-03-29,TRUE,1066,1094
Safety_Followup,1170,SUBJ0097,CH14,2028-06-23,2028-06-19,TRUE,1156,1184
Screening,-7,SUBJ0098,CH15,2025-03-07,2025-03-08,TRUE,-21,7
Enrollment,0,SUBJ0098,CH15,2025-03-14,2025-03-09,TRUE,-14,14
Visit_1,90,SUBJ0098,CH15,2025-06-12,2025-06-11,TRUE,76,104
Visit_2,180,SUBJ0098,CH15,2025-09-10,2025-09-15,TRUE,166,194
Visit_3,270,SUBJ0098,CH15,2025-12-09,2025-12-08,TRUE,256,284
Visit_4,360,SUBJ0098,CH15,2026-03-09,2026-03-12,TRUE,346,374
Visit_5,450,SUBJ0098,CH15,2026-06-07,2026-06-10,TRUE,436,464
Visit_6,540,SUBJ0098,CH15,2026-09-05,2026-09-11,TRUE,526,554
Visit_7,630,SUBJ0098,CH15,2026-12-04,2026-12-05,TRUE,616,644
Visit_8,720,SUBJ0098,CH15,2027-03-04,2027-03-05,TRUE,706,734
Visit_9,810,SUBJ0098,CH15,2027-06-02,2027-05-28,TRUE,796,824
Visit_10,900,SUBJ0098,CH15,2027-08-31,2027-09-07,TRUE,886,914
Visit_11,990,SUBJ0098,CH15,2027-11-29,2027-11-22,TRUE,976,1004
Visit_12,1080,SUBJ0098,CH15,2028-02-27,2028-02-27,TRUE,1066,1094
Visit_13,1170,SUBJ0098,CH15,2028-05-27,2028-05-21,TRUE,1156,1184
End_of_Study,1080,SUBJ0098,CH15,2028-02-27,2028-02-29,TRUE,1066,1094
Safety_Followup,1170,SUBJ0098,CH15,2028-05-27,2028-05-30,TRUE,1156,1184
Screening,-7,SUBJ0099,CH12,2025-02-07,2025-02-02,TRUE,-21,7
Enrollment,0,SUBJ0099,CH12,2025-02-14,2025-02-20,TRUE,-14,14
Visit_1,90,SUBJ0099,CH12,2025-05-15,2025-05-19,TRUE,76,104
Visit_2,180,SUBJ0099,CH12,2025-08-13,2025-08-16,TRUE,166,194
Visit_3,270,SUBJ0099,CH12,2025-11-11,2025-11-17,TRUE,256,284
Visit_4,360,SUBJ0099,CH12,2026-02-09,2026-02-02,TRUE,346,374
Visit_5,450,SUBJ0099,CH12,2026-05-10,2026-05-10,TRUE,436,464
Visit_6,540,SUBJ0099,CH12,2026-08-08,2026-08-09,TRUE,526,554
Visit_7,630,SUBJ0099,CH12,2026-11-06,2026-11-07,TRUE,616,644
Visit_8,720,SUBJ0099,CH12,2027-02-04,2027-02-06,TRUE,706,734
Visit_9,810,SUBJ0099,CH12,2027-05-05,2027-05-11,TRUE,796,824
Visit_10,900,SUBJ0099,CH12,2027-08-03,2027-07-31,TRUE,886,914
Visit_11,990,SUBJ0099,CH12,2027-11-01,2027-11-02,TRUE,976,1004
Visit_12,1080,SUBJ0099,CH12,2028-01-30,2028-01-27,TRUE,1066,1094
Visit_13,1170,SUBJ0099,CH12,2028-04-29,2028-04-29,TRUE,1156,1184
End_of_Study,1080,SUBJ0099,CH12,2028-01-30,2028-01-28,TRUE,1066,1094
Safety_Followup,1170,SUBJ0099,CH12,2028-04-29,2028-04-25,TRUE,1156,1184
Screening,-7,SUBJ0100,CH14,2025-03-10,2025-03-05,TRUE,-21,7
Enrollment,0,SUBJ0100,CH14,2025-03-17,2025-03-14,TRUE,-14,14
Visit_1,90,SUBJ0100,CH14,2025-06-15,2025-06-10,TRUE,76,104
Visit_2,180,SUBJ0100,CH14,2025-09-13,2025-09-07,TRUE,166,194
Visit_3,270,SUBJ0100,CH14,2025-12-12,2025-12-16,TRUE,256,284
Visit_4,360,SUBJ0100,CH14,2026-03-12,2026-03-10,TRUE,346,374
Visit_5,450,SUBJ0100,CH14,2026-06-10,2026-06-06,TRUE,436,464
Visit_6,540,SUBJ0100,CH14,2026-09-08,2026-09-12,TRUE,526,554
Visit_7,630,SUBJ0100,CH14,2026-12-07,2026-12-07,TRUE,616,644
Visit_8,720,SUBJ0100,CH14,2027-03-07,2027-03-11,TRUE,706,734
Visit_9,810,SUBJ0100,CH14,2027-06-05,2027-06-08,TRUE,796,824
Visit_10,900,SUBJ0100,CH14,2027-09-03,2027-09-02,TRUE,886,914
Visit_11,990,SUBJ0100,CH14,2027-12-02,2027-12-04,TRUE,976,1004
Visit_12,1080,SUBJ0100,CH14,2028-03-01,2028-03-02,TRUE,1066,1094
Visit_13,1170,SUBJ0100,CH14,2028-05-30,2028-06-03,TRUE,1156,1184
End_of_Study,1080,SUBJ0100,CH14,2028-03-01,2028-02-26,TRUE,1066,1094
Safety_Followup,1170,SUBJ0100,CH14,2028-05-30,2028-06-03,TRUE,1156,1184
Screening,-7,SUBJ0101,CH15,2025-01-27,2025-01-20,TRUE,-21,7
Enrollment,0,SUBJ0101,CH15,2025-02-03,2025-01-27,TRUE,-14,14
Visit_1,90,SUBJ0101,CH15,2025-05-04,2025-05-06,TRUE,76,104
Visit_2,180,SUBJ0101,CH15,2025-08-02,2025-08-04,TRUE,166,194
Visit_3,270,SUBJ0101,CH15,2025-10-31,2025-10-24,TRUE,256,284
Visit_4,360,SUBJ0101,CH15,2026-01-29,2026-02-01,TRUE,346,374
Visit_5,450,SUBJ0101,CH15,2026-04-29,2026-04-28,TRUE,436,464
Visit_6,540,SUBJ0101,CH15,2026-07-28,2026-08-02,TRUE,526,554
Visit_7,630,SUBJ0101,CH15,2026-10-26,2026-10-24,TRUE,616,644
Visit_8,720,SUBJ0101,CH15,2027-01-24,2027-01-23,TRUE,706,734
Visit_9,810,SUBJ0101,CH15,2027-04-24,2027-04-25,TRUE,796,824
Visit_10,900,SUBJ0101,CH15,2027-07-23,2027-07-30,TRUE,886,914
Visit_11,990,SUBJ0101,CH15,2027-10-21,2027-10-26,TRUE,976,1004
Visit_12,1080,SUBJ0101,CH15,2028-01-19,2028-01-25,TRUE,1066,1094
Visit_13,1170,SUBJ0101,CH15,2028-04-18,2028-04-14,TRUE,1156,1184
End_of_Study,1080,SUBJ0101,CH15,2028-01-19,2028-01-16,TRUE,1066,1094
Safety_Followup,1170,SUBJ0101,CH15,2028-04-18,2028-04-16,TRUE,1156,1184
Screening,-7,SUBJ0102,CH09,2025-03-26,2025-03-30,TRUE,-21,7
Enrollment,0,SUBJ0102,CH09,2025-04-02,2025-03-26,TRUE,-14,14
Visit_1,90,SUBJ0102,CH09,2025-07-01,2025-07-04,TRUE,76,104
Visit_2,180,SUBJ0102,CH09,2025-09-29,2025-10-02,TRUE,166,194
Visit_3,270,SUBJ0102,CH09,2025-12-28,2026-01-02,TRUE,256,284
Visit_4,360,SUBJ0102,CH09,2026-03-28,2026-03-21,TRUE,346,374
Visit_5,450,SUBJ0102,CH09,2026-06-26,2026-07-03,TRUE,436,464
Visit_6,540,SUBJ0102,CH09,2026-09-24,2026-09-18,TRUE,526,554
Visit_7,630,SUBJ0102,CH09,2026-12-23,2026-12-30,TRUE,616,644
Visit_8,720,SUBJ0102,CH09,2027-03-23,2027-03-30,TRUE,706,734
Visit_9,810,SUBJ0102,CH09,2027-06-21,2027-06-15,TRUE,796,824
Visit_10,900,SUBJ0102,CH09,2027-09-19,2027-09-25,TRUE,886,914
Visit_11,990,SUBJ0102,CH09,2027-12-18,2027-12-25,TRUE,976,1004
Visit_12,1080,SUBJ0102,CH09,2028-03-17,2028-03-17,TRUE,1066,1094
Visit_13,1170,SUBJ0102,CH09,2028-06-15,2028-06-19,TRUE,1156,1184
End_of_Study,1080,SUBJ0102,CH09,2028-03-17,2028-03-20,TRUE,1066,1094
Safety_Followup,1170,SUBJ0102,CH09,2028-06-15,2028-06-09,TRUE,1156,1184
Screening,-7,SUBJ0103,CH09,2025-04-12,2025-04-15,TRUE,-21,7
Enrollment,0,SUBJ0103,CH09,2025-04-19,2025-04-22,TRUE,-14,14
Visit_1,90,SUBJ0103,CH09,2025-07-18,2025-07-22,TRUE,76,104
Visit_2,180,SUBJ0103,CH09,2025-10-16,2025-10-22,TRUE,166,194
Visit_3,270,SUBJ0103,CH09,2026-01-14,2026-01-12,TRUE,256,284
Visit_4,360,SUBJ0103,CH09,2026-04-14,2026-04-07,TRUE,346,374
Visit_5,450,SUBJ0103,CH09,2026-07-13,NA,FALSE,436,464
Visit_6,540,SUBJ0103,CH09,2026-10-11,NA,FALSE,526,554
Visit_7,630,SUBJ0103,CH09,2027-01-09,NA,FALSE,616,644
Visit_8,720,SUBJ0103,CH09,2027-04-09,NA,FALSE,706,734
Visit_9,810,SUBJ0103,CH09,2027-07-08,NA,FALSE,796,824
Visit_10,900,SUBJ0103,CH09,2027-10-06,NA,FALSE,886,914
Visit_11,990,SUBJ0103,CH09,2028-01-04,NA,FALSE,976,1004
Visit_12,1080,SUBJ0103,CH09,2028-04-03,NA,FALSE,1066,1094
Visit_13,1170,SUBJ0103,CH09,2028-07-02,NA,FALSE,1156,1184
End_of_Study,1080,SUBJ0103,CH09,2028-04-03,NA,FALSE,1066,1094
Safety_Followup,1170,SUBJ0103,CH09,2028-07-02,NA,FALSE,1156,1184
Screening,-7,SUBJ0104,CH01,2025-01-14,2025-01-19,TRUE,-21,7
Enrollment,0,SUBJ0104,CH01,2025-01-21,2025-01-25,TRUE,-14,14
Visit_1,90,SUBJ0104,CH01,2025-04-21,2025-04-20,TRUE,76,104
Visit_2,180,SUBJ0104,CH01,2025-07-20,2025-07-17,TRUE,166,194
Visit_3,270,SUBJ0104,CH01,2025-10-18,2025-10-20,TRUE,256,284
Visit_4,360,SUBJ0104,CH01,2026-01-16,2026-01-12,TRUE,346,374
Visit_5,450,SUBJ0104,CH01,2026-04-16,2026-04-14,TRUE,436,464
Visit_6,540,SUBJ0104,CH01,2026-07-15,2026-07-13,TRUE,526,554
Visit_7,630,SUBJ0104,CH01,2026-10-13,2026-10-16,TRUE,616,644
Visit_8,720,SUBJ0104,CH01,2027-01-11,2027-01-17,TRUE,706,734
Visit_9,810,SUBJ0104,CH01,2027-04-11,2027-04-18,TRUE,796,824
Visit_10,900,SUBJ0104,CH01,2027-07-10,2027-07-16,TRUE,886,914
Visit_11,990,SUBJ0104,CH01,2027-10-08,2027-10-13,TRUE,976,1004
Visit_12,1080,SUBJ0104,CH01,2028-01-06,2028-01-08,TRUE,1066,1094
Visit_13,1170,SUBJ0104,CH01,2028-04-05,2028-04-07,TRUE,1156,1184
End_of_Study,1080,SUBJ0104,CH01,2028-01-06,2028-01-05,TRUE,1066,1094
Safety_Followup,1170,SUBJ0104,CH01,2028-04-05,2028-04-06,TRUE,1156,1184
Screening,-7,SUBJ0105,CH15,2025-03-19,2025-03-15,TRUE,-21,7
Enrollment,0,SUBJ0105,CH15,2025-03-26,2025-03-27,TRUE,-14,14
Visit_1,90,SUBJ0105,CH15,2025-06-24,2025-06-29,TRUE,76,104
Visit_2,180,SUBJ0105,CH15,2025-09-22,2025-09-22,TRUE,166,194
Visit_3,270,SUBJ0105,CH15,2025-12-21,2025-12-14,TRUE,256,284
Visit_4,360,SUBJ0105,CH15,2026-03-21,2026-03-27,TRUE,346,374
Visit_5,450,SUBJ0105,CH15,2026-06-19,2026-06-12,TRUE,436,464
Visit_6,540,SUBJ0105,CH15,2026-09-17,2026-09-20,TRUE,526,554
Visit_7,630,SUBJ0105,CH15,2026-12-16,2026-12-17,TRUE,616,644
Visit_8,720,SUBJ0105,CH15,2027-03-16,2027-03-18,TRUE,706,734
Visit_9,810,SUBJ0105,CH15,2027-06-14,2027-06-13,TRUE,796,824
Visit_10,900,SUBJ0105,CH15,2027-09-12,2027-09-19,TRUE,886,914
Visit_11,990,SUBJ0105,CH15,2027-12-11,2027-12-04,TRUE,976,1004
Visit_12,1080,SUBJ0105,CH15,2028-03-10,2028-03-12,TRUE,1066,1094
Visit_13,1170,SUBJ0105,CH15,2028-06-08,2028-06-10,TRUE,1156,1184
End_of_Study,1080,SUBJ0105,CH15,2028-03-10,2028-03-08,TRUE,1066,1094
Safety_Followup,1170,SUBJ0105,CH15,2028-06-08,2028-06-05,TRUE,1156,1184
Screening,-7,SUBJ0106,CH04,2025-05-06,2025-05-09,TRUE,-21,7
Enrollment,0,SUBJ0106,CH04,2025-05-13,2025-05-17,TRUE,-14,14
Visit_1,90,SUBJ0106,CH04,2025-08-11,2025-08-05,TRUE,76,104
Visit_2,180,SUBJ0106,CH04,2025-11-09,2025-11-09,TRUE,166,194
Visit_3,270,SUBJ0106,CH04,2026-02-07,2026-02-02,TRUE,256,284
Visit_4,360,SUBJ0106,CH04,2026-05-08,2026-05-04,TRUE,346,374
Visit_5,450,SUBJ0106,CH04,2026-08-06,2026-08-06,TRUE,436,464
Visit_6,540,SUBJ0106,CH04,2026-11-04,2026-10-30,TRUE,526,554
Visit_7,630,SUBJ0106,CH04,2027-02-02,2027-02-02,TRUE,616,644
Visit_8,720,SUBJ0106,CH04,2027-05-03,2027-05-10,TRUE,706,734
Visit_9,810,SUBJ0106,CH04,2027-08-01,2027-07-28,TRUE,796,824
Visit_10,900,SUBJ0106,CH04,2027-10-30,2027-10-31,TRUE,886,914
Visit_11,990,SUBJ0106,CH04,2028-01-28,2028-01-29,TRUE,976,1004
Visit_12,1080,SUBJ0106,CH04,2028-04-27,2028-04-27,TRUE,1066,1094
Visit_13,1170,SUBJ0106,CH04,2028-07-26,2028-07-24,TRUE,1156,1184
End_of_Study,1080,SUBJ0106,CH04,2028-04-27,2028-04-27,TRUE,1066,1094
Safety_Followup,1170,SUBJ0106,CH04,2028-07-26,2028-07-27,TRUE,1156,1184
Screening,-7,SUBJ0107,CH14,2025-06-22,2025-06-29,TRUE,-21,7
Enrollment,0,SUBJ0107,CH14,2025-06-29,2025-07-01,TRUE,-14,14
Visit_1,90,SUBJ0107,CH14,2025-09-27,2025-09-28,TRUE,76,104
Visit_2,180,SUBJ0107,CH14,2025-12-26,2025-12-26,TRUE,166,194
Visit_3,270,SUBJ0107,CH14,2026-03-26,2026-03-28,TRUE,256,284
Visit_4,360,SUBJ0107,CH14,2026-06-24,2026-06-17,TRUE,346,374
Visit_5,450,SUBJ0107,CH14,2026-09-22,2026-09-18,TRUE,436,464
Visit_6,540,SUBJ0107,CH14,2026-12-21,2026-12-19,TRUE,526,554
Visit_7,630,SUBJ0107,CH14,2027-03-21,2027-03-20,TRUE,616,644
Visit_8,720,SUBJ0107,CH14,2027-06-19,2027-06-26,TRUE,706,734
Visit_9,810,SUBJ0107,CH14,2027-09-17,2027-09-21,TRUE,796,824
Visit_10,900,SUBJ0107,CH14,2027-12-16,2027-12-17,TRUE,886,914
Visit_11,990,SUBJ0107,CH14,2028-03-15,2028-03-11,TRUE,976,1004
Visit_12,1080,SUBJ0107,CH14,2028-06-13,2028-06-14,TRUE,1066,1094
Visit_13,1170,SUBJ0107,CH14,2028-09-11,2028-09-12,TRUE,1156,1184
End_of_Study,1080,SUBJ0107,CH14,2028-06-13,2028-06-14,TRUE,1066,1094
Safety_Followup,1170,SUBJ0107,CH14,2028-09-11,2028-09-04,TRUE,1156,1184
Screening,-7,SUBJ0108,CH10,2025-06-04,2025-06-10,TRUE,-21,7
Enrollment,0,SUBJ0108,CH10,2025-06-11,2025-06-04,TRUE,-14,14
Visit_1,90,SUBJ0108,CH10,2025-09-09,2025-09-08,TRUE,76,104
Visit_2,180,SUBJ0108,CH10,2025-12-08,2025-12-10,TRUE,166,194
Visit_3,270,SUBJ0108,CH10,2026-03-08,2026-03-05,TRUE,256,284
Visit_4,360,SUBJ0108,CH10,2026-06-06,2026-05-31,TRUE,346,374
Visit_5,450,SUBJ0108,CH10,2026-09-04,2026-09-06,TRUE,436,464
Visit_6,540,SUBJ0108,CH10,2026-12-03,2026-12-04,TRUE,526,554
Visit_7,630,SUBJ0108,CH10,2027-03-03,2027-03-08,TRUE,616,644
Visit_8,720,SUBJ0108,CH10,2027-06-01,2027-05-27,TRUE,706,734
Visit_9,810,SUBJ0108,CH10,2027-08-30,2027-09-04,TRUE,796,824
Visit_10,900,SUBJ0108,CH10,2027-11-28,2027-12-01,TRUE,886,914
Visit_11,990,SUBJ0108,CH10,2028-02-26,2028-03-04,TRUE,976,1004
Visit_12,1080,SUBJ0108,CH10,2028-05-26,2028-05-23,TRUE,1066,1094
Visit_13,1170,SUBJ0108,CH10,2028-08-24,2028-08-23,TRUE,1156,1184
End_of_Study,1080,SUBJ0108,CH10,2028-05-26,2028-06-02,TRUE,1066,1094
Safety_Followup,1170,SUBJ0108,CH10,2028-08-24,2028-08-18,TRUE,1156,1184
Screening,-7,SUBJ0109,CH02,2025-03-12,2025-03-10,TRUE,-21,7
Enrollment,0,SUBJ0109,CH02,2025-03-19,2025-03-17,TRUE,-14,14
Visit_1,90,SUBJ0109,CH02,2025-06-17,2025-06-24,TRUE,76,104
Visit_2,180,SUBJ0109,CH02,2025-09-15,2025-09-22,TRUE,166,194
Visit_3,270,SUBJ0109,CH02,2025-12-14,2025-12-13,TRUE,256,284
Visit_4,360,SUBJ0109,CH02,2026-03-14,2026-03-14,TRUE,346,374
Visit_5,450,SUBJ0109,CH02,2026-06-12,2026-06-19,TRUE,436,464
Visit_6,540,SUBJ0109,CH02,2026-09-10,2026-09-06,TRUE,526,554
Visit_7,630,SUBJ0109,CH02,2026-12-09,2026-12-10,TRUE,616,644
Visit_8,720,SUBJ0109,CH02,2027-03-09,2027-03-07,TRUE,706,734
Visit_9,810,SUBJ0109,CH02,2027-06-07,2027-06-14,TRUE,796,824
Visit_10,900,SUBJ0109,CH02,2027-09-05,NA,FALSE,886,914
Visit_11,990,SUBJ0109,CH02,2027-12-04,NA,FALSE,976,1004
Visit_12,1080,SUBJ0109,CH02,2028-03-03,NA,FALSE,1066,1094
Visit_13,1170,SUBJ0109,CH02,2028-06-01,NA,FALSE,1156,1184
End_of_Study,1080,SUBJ0109,CH02,2028-03-03,NA,FALSE,1066,1094
Safety_Followup,1170,SUBJ0109,CH02,2028-06-01,NA,FALSE,1156,1184
Screening,-7,SUBJ0110,CH08,2025-02-23,2025-02-25,TRUE,-21,7
Enrollment,0,SUBJ0110,CH08,2025-03-02,2025-03-07,TRUE,-14,14
Visit_1,90,SUBJ0110,CH08,2025-05-31,2025-05-25,TRUE,76,104
Visit_2,180,SUBJ0110,CH08,2025-08-29,2025-09-04,TRUE,166,194
Visit_3,270,SUBJ0110,CH08,2025-11-27,2025-12-01,TRUE,256,284
Visit_4,360,SUBJ0110,CH08,2026-02-25,2026-02-21,TRUE,346,374
Visit_5,450,SUBJ0110,CH08,2026-05-26,2026-05-28,TRUE,436,464
Visit_6,540,SUBJ0110,CH08,2026-08-24,2026-08-23,TRUE,526,554
Visit_7,630,SUBJ0110,CH08,2026-11-22,2026-11-28,TRUE,616,644
Visit_8,720,SUBJ0110,CH08,2027-02-20,2027-02-27,TRUE,706,734
Visit_9,810,SUBJ0110,CH08,2027-05-21,2027-05-28,TRUE,796,824
Visit_10,900,SUBJ0110,CH08,2027-08-19,2027-08-20,TRUE,886,914
Visit_11,990,SUBJ0110,CH08,2027-11-17,2027-11-13,TRUE,976,1004
Visit_12,1080,SUBJ0110,CH08,2028-02-15,2028-02-10,TRUE,1066,1094
Visit_13,1170,SUBJ0110,CH08,2028-05-15,2028-05-08,TRUE,1156,1184
End_of_Study,1080,SUBJ0110,CH08,2028-02-15,2028-02-17,TRUE,1066,1094
Safety_Followup,1170,SUBJ0110,CH08,2028-05-15,2028-05-18,TRUE,1156,1184
Screening,-7,SUBJ0111,CH13,2025-02-26,2025-02-24,TRUE,-21,7
Enrollment,0,SUBJ0111,CH13,2025-03-05,2025-03-01,TRUE,-14,14
Visit_1,90,SUBJ0111,CH13,2025-06-03,2025-06-02,TRUE,76,104
Visit_2,180,SUBJ0111,CH13,2025-09-01,2025-08-25,TRUE,166,194
Visit_3,270,SUBJ0111,CH13,2025-11-30,2025-11-24,TRUE,256,284
Visit_4,360,SUBJ0111,CH13,2026-02-28,2026-03-06,TRUE,346,374
Visit_5,450,SUBJ0111,CH13,2026-05-29,2026-05-26,TRUE,436,464
Visit_6,540,SUBJ0111,CH13,2026-08-27,2026-08-27,TRUE,526,554
Visit_7,630,SUBJ0111,CH13,2026-11-25,2026-12-01,TRUE,616,644
Visit_8,720,SUBJ0111,CH13,2027-02-23,2027-02-25,TRUE,706,734
Visit_9,810,SUBJ0111,CH13,2027-05-24,2027-05-23,TRUE,796,824
Visit_10,900,SUBJ0111,CH13,2027-08-22,2027-08-19,TRUE,886,914
Visit_11,990,SUBJ0111,CH13,2027-11-20,2027-11-26,TRUE,976,1004
Visit_12,1080,SUBJ0111,CH13,2028-02-18,2028-02-23,TRUE,1066,1094
Visit_13,1170,SUBJ0111,CH13,2028-05-18,2028-05-21,TRUE,1156,1184
End_of_Study,1080,SUBJ0111,CH13,2028-02-18,2028-02-17,TRUE,1066,1094
Safety_Followup,1170,SUBJ0111,CH13,2028-05-18,2028-05-12,TRUE,1156,1184
Screening,-7,SUBJ0112,FR02,2025-01-18,2025-01-20,TRUE,-21,7
Enrollment,0,SUBJ0112,FR02,2025-01-25,2025-01-27,TRUE,-14,14
Visit_1,90,SUBJ0112,FR02,2025-04-25,2025-04-20,TRUE,76,104
Visit_2,180,SUBJ0112,FR02,2025-07-24,2025-07-20,TRUE,166,194
Visit_3,270,SUBJ0112,FR02,2025-10-22,2025-10-16,TRUE,256,284
Visit_4,360,SUBJ0112,FR02,2026-01-20,2026-01-20,TRUE,346,374
Visit_5,450,SUBJ0112,FR02,2026-04-20,2026-04-15,TRUE,436,464
Visit_6,540,SUBJ0112,FR02,2026-07-19,2026-07-16,TRUE,526,554
Visit_7,630,SUBJ0112,FR02,2026-10-17,2026-10-15,TRUE,616,644
Visit_8,720,SUBJ0112,FR02,2027-01-15,2027-01-17,TRUE,706,734
Visit_9,810,SUBJ0112,FR02,2027-04-15,2027-04-11,TRUE,796,824
Visit_10,900,SUBJ0112,FR02,2027-07-14,2027-07-18,TRUE,886,914
Visit_11,990,SUBJ0112,FR02,2027-10-12,2027-10-06,TRUE,976,1004
Visit_12,1080,SUBJ0112,FR02,2028-01-10,2028-01-14,TRUE,1066,1094
Visit_13,1170,SUBJ0112,FR02,2028-04-09,2028-04-05,TRUE,1156,1184
End_of_Study,1080,SUBJ0112,FR02,2028-01-10,2028-01-06,TRUE,1066,1094
Safety_Followup,1170,SUBJ0112,FR02,2028-04-09,2028-04-10,TRUE,1156,1184
Screening,-7,SUBJ0113,CH01,2025-04-20,2025-04-13,TRUE,-21,7
Enrollment,0,SUBJ0113,CH01,2025-04-27,2025-04-30,TRUE,-14,14
Visit_1,90,SUBJ0113,CH01,2025-07-26,2025-07-21,TRUE,76,104
Visit_2,180,SUBJ0113,CH01,2025-10-24,2025-10-25,TRUE,166,194
Visit_3,270,SUBJ0113,CH01,2026-01-22,2026-01-26,TRUE,256,284
Visit_4,360,SUBJ0113,CH01,2026-04-22,2026-04-18,TRUE,346,374
Visit_5,450,SUBJ0113,CH01,2026-07-21,2026-07-26,TRUE,436,464
Visit_6,540,SUBJ0113,CH01,2026-10-19,2026-10-24,TRUE,526,554
Visit_7,630,SUBJ0113,CH01,2027-01-17,2027-01-19,TRUE,616,644
Visit_8,720,SUBJ0113,CH01,2027-04-17,2027-04-12,TRUE,706,734
Visit_9,810,SUBJ0113,CH01,2027-07-16,NA,FALSE,796,824
Visit_10,900,SUBJ0113,CH01,2027-10-14,NA,FALSE,886,914
Visit_11,990,SUBJ0113,CH01,2028-01-12,NA,FALSE,976,1004
Visit_12,1080,SUBJ0113,CH01,2028-04-11,NA,FALSE,1066,1094
Visit_13,1170,SUBJ0113,CH01,2028-07-10,NA,FALSE,1156,1184
End_of_Study,1080,SUBJ0113,CH01,2028-04-11,NA,FALSE,1066,1094
Safety_Followup,1170,SUBJ0113,CH01,2028-07-10,NA,FALSE,1156,1184
Screening,-7,SUBJ0114,CH08,2025-02-10,2025-02-09,TRUE,-21,7
Enrollment,0,SUBJ0114,CH08,2025-02-17,2025-02-10,TRUE,-14,14
Visit_1,90,SUBJ0114,CH08,2025-05-18,2025-05-24,TRUE,76,104
Visit_2,180,SUBJ0114,CH08,2025-08-16,2025-08-19,TRUE,166,194
Visit_3,270,SUBJ0114,CH08,2025-11-14,2025-11-09,TRUE,256,284
Visit_4,360,SUBJ0114,CH08,2026-02-12,2026-02-12,TRUE,346,374
Visit_5,450,SUBJ0114,CH08,2026-05-13,2026-05-14,TRUE,436,464
Visit_6,540,SUBJ0114,CH08,2026-08-11,NA,FALSE,526,554
Visit_7,630,SUBJ0114,CH08,2026-11-09,NA,FALSE,616,644
Visit_8,720,SUBJ0114,CH08,2027-02-07,NA,FALSE,706,734
Visit_9,810,SUBJ0114,CH08,2027-05-08,NA,FALSE,796,824
Visit_10,900,SUBJ0114,CH08,2027-08-06,NA,FALSE,886,914
Visit_11,990,SUBJ0114,CH08,2027-11-04,NA,FALSE,976,1004
Visit_12,1080,SUBJ0114,CH08,2028-02-02,NA,FALSE,1066,1094
Visit_13,1170,SUBJ0114,CH08,2028-05-02,NA,FALSE,1156,1184
End_of_Study,1080,SUBJ0114,CH08,2028-02-02,NA,FALSE,1066,1094
Safety_Followup,1170,SUBJ0114,CH08,2028-05-02,NA,FALSE,1156,1184
Screening,-7,SUBJ0115,CH15,2025-03-16,2025-03-17,TRUE,-21,7
Enrollment,0,SUBJ0115,CH15,2025-03-23,2025-03-18,TRUE,-14,14
Visit_1,90,SUBJ0115,CH15,2025-06-21,2025-06-27,TRUE,76,104
Visit_2,180,SUBJ0115,CH15,2025-09-19,2025-09-15,TRUE,166,194
Visit_3,270,SUBJ0115,CH15,2025-12-18,2025-12-21,TRUE,256,284
Visit_4,360,SUBJ0115,CH15,2026-03-18,2026-03-25,TRUE,346,374
Visit_5,450,SUBJ0115,CH15,2026-06-16,2026-06-20,TRUE,436,464
Visit_6,540,SUBJ0115,CH15,2026-09-14,2026-09-16,TRUE,526,554
Visit_7,630,SUBJ0115,CH15,2026-12-13,2026-12-16,TRUE,616,644
Visit_8,720,SUBJ0115,CH15,2027-03-13,2027-03-16,TRUE,706,734
Visit_9,810,SUBJ0115,CH15,2027-06-11,2027-06-13,TRUE,796,824
Visit_10,900,SUBJ0115,CH15,2027-09-09,2027-09-15,TRUE,886,914
Visit_11,990,SUBJ0115,CH15,2027-12-08,2027-12-04,TRUE,976,1004
Visit_12,1080,SUBJ0115,CH15,2028-03-07,2028-03-09,TRUE,1066,1094
Visit_13,1170,SUBJ0115,CH15,2028-06-05,2028-06-05,TRUE,1156,1184
End_of_Study,1080,SUBJ0115,CH15,2028-03-07,2028-03-01,TRUE,1066,1094
Safety_Followup,1170,SUBJ0115,CH15,2028-06-05,2028-05-29,TRUE,1156,1184
Screening,-7,SUBJ0116,CH05,2025-01-02,2024-12-30,TRUE,-21,7
Enrollment,0,SUBJ0116,CH05,2025-01-09,2025-01-16,TRUE,-14,14
Visit_1,90,SUBJ0116,CH05,2025-04-09,2025-04-04,TRUE,76,104
Visit_2,180,SUBJ0116,CH05,2025-07-08,2025-07-14,TRUE,166,194
Visit_3,270,SUBJ0116,CH05,2025-10-06,2025-10-02,TRUE,256,284
Visit_4,360,SUBJ0116,CH05,2026-01-04,2026-01-06,TRUE,346,374
Visit_5,450,SUBJ0116,CH05,2026-04-04,2026-04-05,TRUE,436,464
Visit_6,540,SUBJ0116,CH05,2026-07-03,2026-07-07,TRUE,526,554
Visit_7,630,SUBJ0116,CH05,2026-10-01,2026-10-02,TRUE,616,644
Visit_8,720,SUBJ0116,CH05,2026-12-30,2026-12-24,TRUE,706,734
Visit_9,810,SUBJ0116,CH05,2027-03-30,2027-03-24,TRUE,796,824
Visit_10,900,SUBJ0116,CH05,2027-06-28,2027-06-21,TRUE,886,914
Visit_11,990,SUBJ0116,CH05,2027-09-26,2027-09-24,TRUE,976,1004
Visit_12,1080,SUBJ0116,CH05,2027-12-25,2027-12-21,TRUE,1066,1094
Visit_13,1170,SUBJ0116,CH05,2028-03-24,2028-03-24,TRUE,1156,1184
End_of_Study,1080,SUBJ0116,CH05,2027-12-25,2027-12-25,TRUE,1066,1094
Safety_Followup,1170,SUBJ0116,CH05,2028-03-24,2028-03-31,TRUE,1156,1184
Screening,-7,SUBJ0117,CH09,2025-02-17,2025-02-18,TRUE,-21,7
Enrollment,0,SUBJ0117,CH09,2025-02-24,2025-02-22,TRUE,-14,14
Visit_1,90,SUBJ0117,CH09,2025-05-25,2025-05-23,TRUE,76,104
Visit_2,180,SUBJ0117,CH09,2025-08-23,2025-08-19,TRUE,166,194
Visit_3,270,SUBJ0117,CH09,2025-11-21,2025-11-24,TRUE,256,284
Visit_4,360,SUBJ0117,CH09,2026-02-19,2026-02-24,TRUE,346,374
Visit_5,450,SUBJ0117,CH09,2026-05-20,2026-05-18,TRUE,436,464
Visit_6,540,SUBJ0117,CH09,2026-08-18,2026-08-13,TRUE,526,554
Visit_7,630,SUBJ0117,CH09,2026-11-16,2026-11-11,TRUE,616,644
Visit_8,720,SUBJ0117,CH09,2027-02-14,2027-02-13,TRUE,706,734
Visit_9,810,SUBJ0117,CH09,2027-05-15,2027-05-15,TRUE,796,824
Visit_10,900,SUBJ0117,CH09,2027-08-13,2027-08-07,TRUE,886,914
Visit_11,990,SUBJ0117,CH09,2027-11-11,2027-11-14,TRUE,976,1004
Visit_12,1080,SUBJ0117,CH09,2028-02-09,2028-02-14,TRUE,1066,1094
Visit_13,1170,SUBJ0117,CH09,2028-05-09,2028-05-02,TRUE,1156,1184
End_of_Study,1080,SUBJ0117,CH09,2028-02-09,2028-02-16,TRUE,1066,1094
Safety_Followup,1170,SUBJ0117,CH09,2028-05-09,2028-05-02,TRUE,1156,1184
Screening,-7,SUBJ0118,CH06,2025-04-19,2025-04-19,TRUE,-21,7
Enrollment,0,SUBJ0118,CH06,2025-04-26,2025-04-30,TRUE,-14,14
Visit_1,90,SUBJ0118,CH06,2025-07-25,2025-07-20,TRUE,76,104
Visit_2,180,SUBJ0118,CH06,2025-10-23,2025-10-21,TRUE,166,194
Visit_3,270,SUBJ0118,CH06,2026-01-21,2026-01-19,TRUE,256,284
Visit_4,360,SUBJ0118,CH06,2026-04-21,2026-04-22,TRUE,346,374
Visit_5,450,SUBJ0118,CH06,2026-07-20,NA,FALSE,436,464
Visit_6,540,SUBJ0118,CH06,2026-10-18,NA,FALSE,526,554
Visit_7,630,SUBJ0118,CH06,2027-01-16,NA,FALSE,616,644
Visit_8,720,SUBJ0118,CH06,2027-04-16,NA,FALSE,706,734
Visit_9,810,SUBJ0118,CH06,2027-07-15,NA,FALSE,796,824
Visit_10,900,SUBJ0118,CH06,2027-10-13,NA,FALSE,886,914
Visit_11,990,SUBJ0118,CH06,2028-01-11,NA,FALSE,976,1004
Visit_12,1080,SUBJ0118,CH06,2028-04-10,NA,FALSE,1066,1094
Visit_13,1170,SUBJ0118,CH06,2028-07-09,NA,FALSE,1156,1184
End_of_Study,1080,SUBJ0118,CH06,2028-04-10,NA,FALSE,1066,1094
Safety_Followup,1170,SUBJ0118,CH06,2028-07-09,NA,FALSE,1156,1184
Screening,-7,SUBJ0119,FR02,2025-04-25,2025-04-21,TRUE,-21,7
Enrollment,0,SUBJ0119,FR02,2025-05-02,2025-05-02,TRUE,-14,14
Visit_1,90,SUBJ0119,FR02,2025-07-31,2025-08-05,TRUE,76,104
Visit_2,180,SUBJ0119,FR02,2025-10-29,2025-10-25,TRUE,166,194
Visit_3,270,SUBJ0119,FR02,2026-01-27,2026-01-30,TRUE,256,284
Visit_4,360,SUBJ0119,FR02,2026-04-27,2026-04-29,TRUE,346,374
Visit_5,450,SUBJ0119,FR02,2026-07-26,2026-07-26,TRUE,436,464
Visit_6,540,SUBJ0119,FR02,2026-10-24,2026-10-19,TRUE,526,554
Visit_7,630,SUBJ0119,FR02,2027-01-22,2027-01-20,TRUE,616,644
Visit_8,720,SUBJ0119,FR02,2027-04-22,2027-04-16,TRUE,706,734
Visit_9,810,SUBJ0119,FR02,2027-07-21,2027-07-23,TRUE,796,824
Visit_10,900,SUBJ0119,FR02,2027-10-19,2027-10-25,TRUE,886,914
Visit_11,990,SUBJ0119,FR02,2028-01-17,2028-01-15,TRUE,976,1004
Visit_12,1080,SUBJ0119,FR02,2028-04-16,2028-04-19,TRUE,1066,1094
Visit_13,1170,SUBJ0119,FR02,2028-07-15,2028-07-22,TRUE,1156,1184
End_of_Study,1080,SUBJ0119,FR02,2028-04-16,2028-04-11,TRUE,1066,1094
Safety_Followup,1170,SUBJ0119,FR02,2028-07-15,2028-07-16,TRUE,1156,1184
Screening,-7,SUBJ0120,CH10,2025-05-15,2025-05-14,TRUE,-21,7
Enrollment,0,SUBJ0120,CH10,2025-05-22,2025-05-22,TRUE,-14,14
Visit_1,90,SUBJ0120,CH10,2025-08-20,2025-08-25,TRUE,76,104
Visit_2,180,SUBJ0120,CH10,2025-11-18,2025-11-25,TRUE,166,194
Visit_3,270,SUBJ0120,CH10,2026-02-16,2026-02-17,TRUE,256,284
Visit_4,360,SUBJ0120,CH10,2026-05-17,2026-05-22,TRUE,346,374
Visit_5,450,SUBJ0120,CH10,2026-08-15,2026-08-17,TRUE,436,464
Visit_6,540,SUBJ0120,CH10,2026-11-13,2026-11-16,TRUE,526,554
Visit_7,630,SUBJ0120,CH10,2027-02-11,2027-02-15,TRUE,616,644
Visit_8,720,SUBJ0120,CH10,2027-05-12,2027-05-16,TRUE,706,734
Visit_9,810,SUBJ0120,CH10,2027-08-10,2027-08-16,TRUE,796,824
Visit_10,900,SUBJ0120,CH10,2027-11-08,2027-11-15,TRUE,886,914
Visit_11,990,SUBJ0120,CH10,2028-02-06,2028-02-06,TRUE,976,1004
Visit_12,1080,SUBJ0120,CH10,2028-05-06,2028-05-11,TRUE,1066,1094
Visit_13,1170,SUBJ0120,CH10,2028-08-04,2028-08-02,TRUE,1156,1184
End_of_Study,1080,SUBJ0120,CH10,2028-05-06,2028-05-12,TRUE,1066,1094
Safety_Followup,1170,SUBJ0120,CH10,2028-08-04,2028-08-04,TRUE,1156,1184
Screening,-7,SUBJ0121,CH14,2025-02-03,2025-02-07,TRUE,-21,7
Enrollment,0,SUBJ0121,CH14,2025-02-10,2025-02-16,TRUE,-14,14
Visit_1,90,SUBJ0121,CH14,2025-05-11,2025-05-04,TRUE,76,104
Visit_2,180,SUBJ0121,CH14,2025-08-09,2025-08-13,TRUE,166,194
Visit_3,270,SUBJ0121,CH14,2025-11-07,2025-11-04,TRUE,256,284
Visit_4,360,SUBJ0121,CH14,2026-02-05,2026-02-10,TRUE,346,374
Visit_5,450,SUBJ0121,CH14,2026-05-06,2026-05-13,TRUE,436,464
Visit_6,540,SUBJ0121,CH14,2026-08-04,2026-07-31,TRUE,526,554
Visit_7,630,SUBJ0121,CH14,2026-11-02,2026-11-06,TRUE,616,644
Visit_8,720,SUBJ0121,CH14,2027-01-31,2027-02-03,TRUE,706,734
Visit_9,810,SUBJ0121,CH14,2027-05-01,2027-04-30,TRUE,796,824
Visit_10,900,SUBJ0121,CH14,2027-07-30,2027-08-01,TRUE,886,914
Visit_11,990,SUBJ0121,CH14,2027-10-28,2027-10-27,TRUE,976,1004
Visit_12,1080,SUBJ0121,CH14,2028-01-26,2028-01-28,TRUE,1066,1094
Visit_13,1170,SUBJ0121,CH14,2028-04-25,2028-04-20,TRUE,1156,1184
End_of_Study,1080,SUBJ0121,CH14,2028-01-26,2028-01-25,TRUE,1066,1094
Safety_Followup,1170,SUBJ0121,CH14,2028-04-25,2028-04-21,TRUE,1156,1184
Screening,-7,SUBJ0122,CH04,2025-02-05,2025-02-08,TRUE,-21,7
Enrollment,0,SUBJ0122,CH04,2025-02-12,2025-02-11,TRUE,-14,14
Visit_1,90,SUBJ0122,CH04,2025-05-13,2025-05-11,TRUE,76,104
Visit_2,180,SUBJ0122,CH04,2025-08-11,2025-08-07,TRUE,166,194
Visit_3,270,SUBJ0122,CH04,2025-11-09,2025-11-05,TRUE,256,284
Visit_4,360,SUBJ0122,CH04,2026-02-07,2026-02-07,TRUE,346,374
Visit_5,450,SUBJ0122,CH04,2026-05-08,2026-05-03,TRUE,436,464
Visit_6,540,SUBJ0122,CH04,2026-08-06,2026-08-13,TRUE,526,554
Visit_7,630,SUBJ0122,CH04,2026-11-04,2026-11-07,TRUE,616,644
Visit_8,720,SUBJ0122,CH04,2027-02-02,2027-02-01,TRUE,706,734
Visit_9,810,SUBJ0122,CH04,2027-05-03,2027-04-28,TRUE,796,824
Visit_10,900,SUBJ0122,CH04,2027-08-01,2027-07-30,TRUE,886,914
Visit_11,990,SUBJ0122,CH04,2027-10-30,2027-11-04,TRUE,976,1004
Visit_12,1080,SUBJ0122,CH04,2028-01-28,2028-01-23,TRUE,1066,1094
Visit_13,1170,SUBJ0122,CH04,2028-04-27,2028-04-22,TRUE,1156,1184
End_of_Study,1080,SUBJ0122,CH04,2028-01-28,2028-01-21,TRUE,1066,1094
Safety_Followup,1170,SUBJ0122,CH04,2028-04-27,2028-05-01,TRUE,1156,1184
Screening,-7,SUBJ0123,CH08,2025-06-22,2025-06-20,TRUE,-21,7
Enrollment,0,SUBJ0123,CH08,2025-06-29,2025-06-29,TRUE,-14,14
Visit_1,90,SUBJ0123,CH08,2025-09-27,2025-09-29,TRUE,76,104
Visit_2,180,SUBJ0123,CH08,2025-12-26,2026-01-02,TRUE,166,194
Visit_3,270,SUBJ0123,CH08,2026-03-26,2026-03-29,TRUE,256,284
Visit_4,360,SUBJ0123,CH08,2026-06-24,2026-07-01,TRUE,346,374
Visit_5,450,SUBJ0123,CH08,2026-09-22,2026-09-27,TRUE,436,464
Visit_6,540,SUBJ0123,CH08,2026-12-21,2026-12-16,TRUE,526,554
Visit_7,630,SUBJ0123,CH08,2027-03-21,2027-03-23,TRUE,616,644
Visit_8,720,SUBJ0123,CH08,2027-06-19,2027-06-21,TRUE,706,734
Visit_9,810,SUBJ0123,CH08,2027-09-17,2027-09-22,TRUE,796,824
Visit_10,900,SUBJ0123,CH08,2027-12-16,2027-12-17,TRUE,886,914
Visit_11,990,SUBJ0123,CH08,2028-03-15,2028-03-12,TRUE,976,1004
Visit_12,1080,SUBJ0123,CH08,2028-06-13,2028-06-12,TRUE,1066,1094
Visit_13,1170,SUBJ0123,CH08,2028-09-11,2028-09-16,TRUE,1156,1184
End_of_Study,1080,SUBJ0123,CH08,2028-06-13,2028-06-16,TRUE,1066,1094
Safety_Followup,1170,SUBJ0123,CH08,2028-09-11,2028-09-07,TRUE,1156,1184
Screening,-7,SUBJ0124,CH07,2025-06-23,2025-06-21,TRUE,-21,7
Enrollment,0,SUBJ0124,CH07,2025-06-30,2025-06-29,TRUE,-14,14
Visit_1,90,SUBJ0124,CH07,2025-09-28,2025-10-02,TRUE,76,104
Visit_2,180,SUBJ0124,CH07,2025-12-27,2025-12-28,TRUE,166,194
Visit_3,270,SUBJ0124,CH07,2026-03-27,2026-03-27,TRUE,256,284
Visit_4,360,SUBJ0124,CH07,2026-06-25,2026-06-30,TRUE,346,374
Visit_5,450,SUBJ0124,CH07,2026-09-23,2026-09-30,TRUE,436,464
Visit_6,540,SUBJ0124,CH07,2026-12-22,NA,FALSE,526,554
Visit_7,630,SUBJ0124,CH07,2027-03-22,NA,FALSE,616,644
Visit_8,720,SUBJ0124,CH07,2027-06-20,NA,FALSE,706,734
Visit_9,810,SUBJ0124,CH07,2027-09-18,NA,FALSE,796,824
Visit_10,900,SUBJ0124,CH07,2027-12-17,NA,FALSE,886,914
Visit_11,990,SUBJ0124,CH07,2028-03-16,NA,FALSE,976,1004
Visit_12,1080,SUBJ0124,CH07,2028-06-14,NA,FALSE,1066,1094
Visit_13,1170,SUBJ0124,CH07,2028-09-12,NA,FALSE,1156,1184
End_of_Study,1080,SUBJ0124,CH07,2028-06-14,NA,FALSE,1066,1094
Safety_Followup,1170,SUBJ0124,CH07,2028-09-12,NA,FALSE,1156,1184
Screening,-7,SUBJ0125,CH15,2025-02-19,2025-02-12,TRUE,-21,7
Enrollment,0,SUBJ0125,CH15,2025-02-26,2025-02-22,TRUE,-14,14
Visit_1,90,SUBJ0125,CH15,2025-05-27,2025-05-22,TRUE,76,104
Visit_2,180,SUBJ0125,CH15,2025-08-25,2025-08-25,TRUE,166,194
Visit_3,270,SUBJ0125,CH15,2025-11-23,2025-11-16,TRUE,256,284
Visit_4,360,SUBJ0125,CH15,2026-02-21,2026-02-16,TRUE,346,374
Visit_5,450,SUBJ0125,CH15,2026-05-22,2026-05-16,TRUE,436,464
Visit_6,540,SUBJ0125,CH15,2026-08-20,2026-08-26,TRUE,526,554
Visit_7,630,SUBJ0125,CH15,2026-11-18,2026-11-11,TRUE,616,644
Visit_8,720,SUBJ0125,CH15,2027-02-16,2027-02-14,TRUE,706,734
Visit_9,810,SUBJ0125,CH15,2027-05-17,2027-05-11,TRUE,796,824
Visit_10,900,SUBJ0125,CH15,2027-08-15,2027-08-16,TRUE,886,914
Visit_11,990,SUBJ0125,CH15,2027-11-13,2027-11-13,TRUE,976,1004
Visit_12,1080,SUBJ0125,CH15,2028-02-11,2028-02-10,TRUE,1066,1094
Visit_13,1170,SUBJ0125,CH15,2028-05-11,2028-05-10,TRUE,1156,1184
End_of_Study,1080,SUBJ0125,CH15,2028-02-11,2028-02-05,TRUE,1066,1094
Safety_Followup,1170,SUBJ0125,CH15,2028-05-11,2028-05-18,TRUE,1156,1184
Screening,-7,SUBJ0126,CH17,2025-01-07,2025-01-13,TRUE,-21,7
Enrollment,0,SUBJ0126,CH17,2025-01-14,2025-01-09,TRUE,-14,14
Visit_1,90,SUBJ0126,CH17,2025-04-14,2025-04-12,TRUE,76,104
Visit_2,180,SUBJ0126,CH17,2025-07-13,2025-07-19,TRUE,166,194
Visit_3,270,SUBJ0126,CH17,2025-10-11,2025-10-17,TRUE,256,284
Visit_4,360,SUBJ0126,CH17,2026-01-09,2026-01-15,TRUE,346,374
Visit_5,450,SUBJ0126,CH17,2026-04-09,2026-04-14,TRUE,436,464
Visit_6,540,SUBJ0126,CH17,2026-07-08,2026-07-09,TRUE,526,554
Visit_7,630,SUBJ0126,CH17,2026-10-06,2026-10-13,TRUE,616,644
Visit_8,720,SUBJ0126,CH17,2027-01-04,2027-01-05,TRUE,706,734
Visit_9,810,SUBJ0126,CH17,2027-04-04,2027-04-05,TRUE,796,824
Visit_10,900,SUBJ0126,CH17,2027-07-03,2027-06-26,TRUE,886,914
Visit_11,990,SUBJ0126,CH17,2027-10-01,2027-10-06,TRUE,976,1004
Visit_12,1080,SUBJ0126,CH17,2027-12-30,2027-12-25,TRUE,1066,1094
Visit_13,1170,SUBJ0126,CH17,2028-03-29,2028-03-29,TRUE,1156,1184
End_of_Study,1080,SUBJ0126,CH17,2027-12-30,2028-01-03,TRUE,1066,1094
Safety_Followup,1170,SUBJ0126,CH17,2028-03-29,2028-03-31,TRUE,1156,1184
Screening,-7,SUBJ0127,CH09,2025-03-16,2025-03-16,TRUE,-21,7
Enrollment,0,SUBJ0127,CH09,2025-03-23,2025-03-18,TRUE,-14,14
Visit_1,90,SUBJ0127,CH09,2025-06-21,2025-06-28,TRUE,76,104
Visit_2,180,SUBJ0127,CH09,2025-09-19,2025-09-12,TRUE,166,194
Visit_3,270,SUBJ0127,CH09,2025-12-18,2025-12-11,TRUE,256,284
Visit_4,360,SUBJ0127,CH09,2026-03-18,2026-03-21,TRUE,346,374
Visit_5,450,SUBJ0127,CH09,2026-06-16,2026-06-14,TRUE,436,464
Visit_6,540,SUBJ0127,CH09,2026-09-14,2026-09-15,TRUE,526,554
Visit_7,630,SUBJ0127,CH09,2026-12-13,2026-12-14,TRUE,616,644
Visit_8,720,SUBJ0127,CH09,2027-03-13,2027-03-12,TRUE,706,734
Visit_9,810,SUBJ0127,CH09,2027-06-11,2027-06-11,TRUE,796,824
Visit_10,900,SUBJ0127,CH09,2027-09-09,2027-09-08,TRUE,886,914
Visit_11,990,SUBJ0127,CH09,2027-12-08,2027-12-02,TRUE,976,1004
Visit_12,1080,SUBJ0127,CH09,2028-03-07,2028-03-11,TRUE,1066,1094
Visit_13,1170,SUBJ0127,CH09,2028-06-05,2028-06-08,TRUE,1156,1184
End_of_Study,1080,SUBJ0127,CH09,2028-03-07,2028-03-01,TRUE,1066,1094
Safety_Followup,1170,SUBJ0127,CH09,2028-06-05,2028-06-02,TRUE,1156,1184
Screening,-7,SUBJ0128,CH07,2025-05-26,2025-05-27,TRUE,-21,7
Enrollment,0,SUBJ0128,CH07,2025-06-02,2025-05-31,TRUE,-14,14
Visit_1,90,SUBJ0128,CH07,2025-08-31,2025-08-29,TRUE,76,104
Visit_2,180,SUBJ0128,CH07,2025-11-29,2025-11-28,TRUE,166,194
Visit_3,270,SUBJ0128,CH07,2026-02-27,2026-02-21,TRUE,256,284
Visit_4,360,SUBJ0128,CH07,2026-05-28,2026-05-26,TRUE,346,374
Visit_5,450,SUBJ0128,CH07,2026-08-26,2026-08-24,TRUE,436,464
Visit_6,540,SUBJ0128,CH07,2026-11-24,2026-11-17,TRUE,526,554
Visit_7,630,SUBJ0128,CH07,2027-02-22,2027-02-25,TRUE,616,644
Visit_8,720,SUBJ0128,CH07,2027-05-23,2027-05-17,TRUE,706,734
Visit_9,810,SUBJ0128,CH07,2027-08-21,2027-08-17,TRUE,796,824
Visit_10,900,SUBJ0128,CH07,2027-11-19,2027-11-25,TRUE,886,914
Visit_11,990,SUBJ0128,CH07,2028-02-17,2028-02-24,TRUE,976,1004
Visit_12,1080,SUBJ0128,CH07,2028-05-17,2028-05-20,TRUE,1066,1094
Visit_13,1170,SUBJ0128,CH07,2028-08-15,2028-08-20,TRUE,1156,1184
End_of_Study,1080,SUBJ0128,CH07,2028-05-17,2028-05-10,TRUE,1066,1094
Safety_Followup,1170,SUBJ0128,CH07,2028-08-15,2028-08-18,TRUE,1156,1184
Screening,-7,SUBJ0129,CH17,2025-01-24,2025-01-23,TRUE,-21,7
Enrollment,0,SUBJ0129,CH17,2025-01-31,2025-02-07,TRUE,-14,14
Visit_1,90,SUBJ0129,CH17,2025-05-01,2025-04-26,TRUE,76,104
Visit_2,180,SUBJ0129,CH17,2025-07-30,2025-07-31,TRUE,166,194
Visit_3,270,SUBJ0129,CH17,2025-10-28,2025-10-25,TRUE,256,284
Visit_4,360,SUBJ0129,CH17,2026-01-26,2026-01-23,TRUE,346,374
Visit_5,450,SUBJ0129,CH17,2026-04-26,2026-04-23,TRUE,436,464
Visit_6,540,SUBJ0129,CH17,2026-07-25,2026-07-28,TRUE,526,554
Visit_7,630,SUBJ0129,CH17,2026-10-23,2026-10-19,TRUE,616,644
Visit_8,720,SUBJ0129,CH17,2027-01-21,2027-01-17,TRUE,706,734
Visit_9,810,SUBJ0129,CH17,2027-04-21,2027-04-17,TRUE,796,824
Visit_10,900,SUBJ0129,CH17,2027-07-20,2027-07-23,TRUE,886,914
Visit_11,990,SUBJ0129,CH17,2027-10-18,2027-10-11,TRUE,976,1004
Visit_12,1080,SUBJ0129,CH17,2028-01-16,2028-01-23,TRUE,1066,1094
Visit_13,1170,SUBJ0129,CH17,2028-04-15,2028-04-10,TRUE,1156,1184
End_of_Study,1080,SUBJ0129,CH17,2028-01-16,2028-01-20,TRUE,1066,1094
Safety_Followup,1170,SUBJ0129,CH17,2028-04-15,2028-04-11,TRUE,1156,1184
Screening,-7,SUBJ0130,IT01,2025-01-29,2025-01-27,TRUE,-21,7
Enrollment,0,SUBJ0130,IT01,2025-02-05,2025-02-08,TRUE,-14,14
Visit_1,90,SUBJ0130,IT01,2025-05-06,2025-05-05,TRUE,76,104
Visit_2,180,SUBJ0130,IT01,2025-08-04,2025-08-08,TRUE,166,194
Visit_3,270,SUBJ0130,IT01,2025-11-02,2025-10-27,TRUE,256,284
Visit_4,360,SUBJ0130,IT01,2026-01-31,2026-01-31,TRUE,346,374
Visit_5,450,SUBJ0130,IT01,2026-05-01,2026-05-03,TRUE,436,464
Visit_6,540,SUBJ0130,IT01,2026-07-30,2026-07-28,TRUE,526,554
Visit_7,630,SUBJ0130,IT01,2026-10-28,2026-11-03,TRUE,616,644
Visit_8,720,SUBJ0130,IT01,2027-01-26,2027-01-25,TRUE,706,734
Visit_9,810,SUBJ0130,IT01,2027-04-26,2027-05-03,TRUE,796,824
Visit_10,900,SUBJ0130,IT01,2027-07-25,2027-07-21,TRUE,886,914
Visit_11,990,SUBJ0130,IT01,2027-10-23,2027-10-20,TRUE,976,1004
Visit_12,1080,SUBJ0130,IT01,2028-01-21,2028-01-16,TRUE,1066,1094
Visit_13,1170,SUBJ0130,IT01,2028-04-20,2028-04-27,TRUE,1156,1184
End_of_Study,1080,SUBJ0130,IT01,2028-01-21,2028-01-23,TRUE,1066,1094
Safety_Followup,1170,SUBJ0130,IT01,2028-04-20,2028-04-16,TRUE,1156,1184
Screening,-7,SUBJ0131,CH02,2025-05-13,2025-05-18,TRUE,-21,7
Enrollment,0,SUBJ0131,CH02,2025-05-20,2025-05-17,TRUE,-14,14
Visit_1,90,SUBJ0131,CH02,2025-08-18,2025-08-16,TRUE,76,104
Visit_2,180,SUBJ0131,CH02,2025-11-16,2025-11-20,TRUE,166,194
Visit_3,270,SUBJ0131,CH02,2026-02-14,2026-02-15,TRUE,256,284
Visit_4,360,SUBJ0131,CH02,2026-05-15,2026-05-19,TRUE,346,374
Visit_5,450,SUBJ0131,CH02,2026-08-13,2026-08-13,TRUE,436,464
Visit_6,540,SUBJ0131,CH02,2026-11-11,2026-11-10,TRUE,526,554
Visit_7,630,SUBJ0131,CH02,2027-02-09,2027-02-03,TRUE,616,644
Visit_8,720,SUBJ0131,CH02,2027-05-10,2027-05-05,TRUE,706,734
Visit_9,810,SUBJ0131,CH02,2027-08-08,2027-08-13,TRUE,796,824
Visit_10,900,SUBJ0131,CH02,2027-11-06,2027-11-10,TRUE,886,914
Visit_11,990,SUBJ0131,CH02,2028-02-04,2028-02-09,TRUE,976,1004
Visit_12,1080,SUBJ0131,CH02,2028-05-04,2028-04-27,TRUE,1066,1094
Visit_13,1170,SUBJ0131,CH02,2028-08-02,2028-07-31,TRUE,1156,1184
End_of_Study,1080,SUBJ0131,CH02,2028-05-04,2028-05-03,TRUE,1066,1094
Safety_Followup,1170,SUBJ0131,CH02,2028-08-02,2028-08-02,TRUE,1156,1184
Screening,-7,SUBJ0132,CH06,2025-02-20,2025-02-23,TRUE,-21,7
Enrollment,0,SUBJ0132,CH06,2025-02-27,2025-03-01,TRUE,-14,14
Visit_1,90,SUBJ0132,CH06,2025-05-28,2025-05-21,TRUE,76,104
Visit_2,180,SUBJ0132,CH06,2025-08-26,2025-08-20,TRUE,166,194
Visit_3,270,SUBJ0132,CH06,2025-11-24,2025-11-21,TRUE,256,284
Visit_4,360,SUBJ0132,CH06,2026-02-22,2026-02-26,TRUE,346,374
Visit_5,450,SUBJ0132,CH06,2026-05-23,2026-05-27,TRUE,436,464
Visit_6,540,SUBJ0132,CH06,2026-08-21,2026-08-25,TRUE,526,554
Visit_7,630,SUBJ0132,CH06,2026-11-19,2026-11-12,TRUE,616,644
Visit_8,720,SUBJ0132,CH06,2027-02-17,2027-02-16,TRUE,706,734
Visit_9,810,SUBJ0132,CH06,2027-05-18,2027-05-13,TRUE,796,824
Visit_10,900,SUBJ0132,CH06,2027-08-16,2027-08-14,TRUE,886,914
Visit_11,990,SUBJ0132,CH06,2027-11-14,2027-11-19,TRUE,976,1004
Visit_12,1080,SUBJ0132,CH06,2028-02-12,2028-02-05,TRUE,1066,1094
Visit_13,1170,SUBJ0132,CH06,2028-05-12,2028-05-05,TRUE,1156,1184
End_of_Study,1080,SUBJ0132,CH06,2028-02-12,2028-02-17,TRUE,1066,1094
Safety_Followup,1170,SUBJ0132,CH06,2028-05-12,2028-05-13,TRUE,1156,1184
Screening,-7,SUBJ0133,CH04,2025-03-30,2025-03-25,TRUE,-21,7
Enrollment,0,SUBJ0133,CH04,2025-04-06,2025-04-13,TRUE,-14,14
Visit_1,90,SUBJ0133,CH04,2025-07-05,2025-07-11,TRUE,76,104
Visit_2,180,SUBJ0133,CH04,2025-10-03,2025-10-04,TRUE,166,194
Visit_3,270,SUBJ0133,CH04,2026-01-01,2026-01-06,TRUE,256,284
Visit_4,360,SUBJ0133,CH04,2026-04-01,2026-04-05,TRUE,346,374
Visit_5,450,SUBJ0133,CH04,2026-06-30,2026-07-04,TRUE,436,464
Visit_6,540,SUBJ0133,CH04,2026-09-28,2026-09-26,TRUE,526,554
Visit_7,630,SUBJ0133,CH04,2026-12-27,2026-12-24,TRUE,616,644
Visit_8,720,SUBJ0133,CH04,2027-03-27,2027-04-03,TRUE,706,734
Visit_9,810,SUBJ0133,CH04,2027-06-25,2027-06-30,TRUE,796,824
Visit_10,900,SUBJ0133,CH04,2027-09-23,2027-09-20,TRUE,886,914
Visit_11,990,SUBJ0133,CH04,2027-12-22,2027-12-21,TRUE,976,1004
Visit_12,1080,SUBJ0133,CH04,2028-03-21,2028-03-19,TRUE,1066,1094
Visit_13,1170,SUBJ0133,CH04,2028-06-19,2028-06-24,TRUE,1156,1184
End_of_Study,1080,SUBJ0133,CH04,2028-03-21,2028-03-19,TRUE,1066,1094
Safety_Followup,1170,SUBJ0133,CH04,2028-06-19,2028-06-20,TRUE,1156,1184
Screening,-7,SUBJ0134,CH06,2025-03-16,2025-03-22,TRUE,-21,7
Enrollment,0,SUBJ0134,CH06,2025-03-23,2025-03-26,TRUE,-14,14
Visit_1,90,SUBJ0134,CH06,2025-06-21,2025-06-27,TRUE,76,104
Visit_2,180,SUBJ0134,CH06,2025-09-19,2025-09-14,TRUE,166,194
Visit_3,270,SUBJ0134,CH06,2025-12-18,2025-12-11,TRUE,256,284
Visit_4,360,SUBJ0134,CH06,2026-03-18,2026-03-11,TRUE,346,374
Visit_5,450,SUBJ0134,CH06,2026-06-16,2026-06-14,TRUE,436,464
Visit_6,540,SUBJ0134,CH06,2026-09-14,2026-09-19,TRUE,526,554
Visit_7,630,SUBJ0134,CH06,2026-12-13,2026-12-06,TRUE,616,644
Visit_8,720,SUBJ0134,CH06,2027-03-13,2027-03-17,TRUE,706,734
Visit_9,810,SUBJ0134,CH06,2027-06-11,2027-06-07,TRUE,796,824
Visit_10,900,SUBJ0134,CH06,2027-09-09,2027-09-03,TRUE,886,914
Visit_11,990,SUBJ0134,CH06,2027-12-08,2027-12-02,TRUE,976,1004
Visit_12,1080,SUBJ0134,CH06,2028-03-07,2028-02-29,TRUE,1066,1094
Visit_13,1170,SUBJ0134,CH06,2028-06-05,2028-06-12,TRUE,1156,1184
End_of_Study,1080,SUBJ0134,CH06,2028-03-07,2028-03-04,TRUE,1066,1094
Safety_Followup,1170,SUBJ0134,CH06,2028-06-05,2028-06-04,TRUE,1156,1184
Screening,-7,SUBJ0135,CH17,2025-05-22,2025-05-22,TRUE,-21,7
Enrollment,0,SUBJ0135,CH17,2025-05-29,2025-05-26,TRUE,-14,14
Visit_1,90,SUBJ0135,CH17,2025-08-27,2025-08-27,TRUE,76,104
Visit_2,180,SUBJ0135,CH17,2025-11-25,2025-11-29,TRUE,166,194
Visit_3,270,SUBJ0135,CH17,2026-02-23,2026-02-17,TRUE,256,284
Visit_4,360,SUBJ0135,CH17,2026-05-24,2026-05-27,TRUE,346,374
Visit_5,450,SUBJ0135,CH17,2026-08-22,2026-08-23,TRUE,436,464
Visit_6,540,SUBJ0135,CH17,2026-11-20,2026-11-26,TRUE,526,554
Visit_7,630,SUBJ0135,CH17,2027-02-18,2027-02-14,TRUE,616,644
Visit_8,720,SUBJ0135,CH17,2027-05-19,2027-05-20,TRUE,706,734
Visit_9,810,SUBJ0135,CH17,2027-08-17,2027-08-17,TRUE,796,824
Visit_10,900,SUBJ0135,CH17,2027-11-15,2027-11-14,TRUE,886,914
Visit_11,990,SUBJ0135,CH17,2028-02-13,2028-02-13,TRUE,976,1004
Visit_12,1080,SUBJ0135,CH17,2028-05-13,2028-05-16,TRUE,1066,1094
Visit_13,1170,SUBJ0135,CH17,2028-08-11,2028-08-09,TRUE,1156,1184
End_of_Study,1080,SUBJ0135,CH17,2028-05-13,2028-05-19,TRUE,1066,1094
Safety_Followup,1170,SUBJ0135,CH17,2028-08-11,2028-08-11,TRUE,1156,1184
Screening,-7,SUBJ0136,CH01,2025-02-14,2025-02-14,TRUE,-21,7
Enrollment,0,SUBJ0136,CH01,2025-02-21,2025-02-17,TRUE,-14,14
Visit_1,90,SUBJ0136,CH01,2025-05-22,2025-05-24,TRUE,76,104
Visit_2,180,SUBJ0136,CH01,2025-08-20,2025-08-20,TRUE,166,194
Visit_3,270,SUBJ0136,CH01,2025-11-18,2025-11-13,TRUE,256,284
Visit_4,360,SUBJ0136,CH01,2026-02-16,2026-02-11,TRUE,346,374
Visit_5,450,SUBJ0136,CH01,2026-05-17,2026-05-14,TRUE,436,464
Visit_6,540,SUBJ0136,CH01,2026-08-15,2026-08-11,TRUE,526,554
Visit_7,630,SUBJ0136,CH01,2026-11-13,2026-11-18,TRUE,616,644
Visit_8,720,SUBJ0136,CH01,2027-02-11,2027-02-09,TRUE,706,734
Visit_9,810,SUBJ0136,CH01,2027-05-12,2027-05-19,TRUE,796,824
Visit_10,900,SUBJ0136,CH01,2027-08-10,2027-08-09,TRUE,886,914
Visit_11,990,SUBJ0136,CH01,2027-11-08,2027-11-12,TRUE,976,1004
Visit_12,1080,SUBJ0136,CH01,2028-02-06,2028-02-04,TRUE,1066,1094
Visit_13,1170,SUBJ0136,CH01,2028-05-06,2028-05-13,TRUE,1156,1184
End_of_Study,1080,SUBJ0136,CH01,2028-02-06,2028-01-31,TRUE,1066,1094
Safety_Followup,1170,SUBJ0136,CH01,2028-05-06,2028-04-29,TRUE,1156,1184
Screening,-7,SUBJ0137,CH08,2025-03-21,2025-03-28,TRUE,-21,7
Enrollment,0,SUBJ0137,CH08,2025-03-28,2025-04-02,TRUE,-14,14
Visit_1,90,SUBJ0137,CH08,2025-06-26,2025-06-24,TRUE,76,104
Visit_2,180,SUBJ0137,CH08,2025-09-24,2025-10-01,TRUE,166,194
Visit_3,270,SUBJ0137,CH08,2025-12-23,2025-12-21,TRUE,256,284
Visit_4,360,SUBJ0137,CH08,2026-03-23,2026-03-25,TRUE,346,374
Visit_5,450,SUBJ0137,CH08,2026-06-21,2026-06-28,TRUE,436,464
Visit_6,540,SUBJ0137,CH08,2026-09-19,2026-09-22,TRUE,526,554
Visit_7,630,SUBJ0137,CH08,2026-12-18,2026-12-20,TRUE,616,644
Visit_8,720,SUBJ0137,CH08,2027-03-18,2027-03-20,TRUE,706,734
Visit_9,810,SUBJ0137,CH08,2027-06-16,2027-06-14,TRUE,796,824
Visit_10,900,SUBJ0137,CH08,2027-09-14,2027-09-11,TRUE,886,914
Visit_11,990,SUBJ0137,CH08,2027-12-13,2027-12-17,TRUE,976,1004
Visit_12,1080,SUBJ0137,CH08,2028-03-12,2028-03-19,TRUE,1066,1094
Visit_13,1170,SUBJ0137,CH08,2028-06-10,2028-06-14,TRUE,1156,1184
End_of_Study,1080,SUBJ0137,CH08,2028-03-12,2028-03-06,TRUE,1066,1094
Safety_Followup,1170,SUBJ0137,CH08,2028-06-10,2028-06-11,TRUE,1156,1184
Screening,-7,SUBJ0138,IT01,2025-05-31,2025-05-26,TRUE,-21,7
Enrollment,0,SUBJ0138,IT01,2025-06-07,2025-06-02,TRUE,-14,14
Visit_1,90,SUBJ0138,IT01,2025-09-05,2025-08-29,TRUE,76,104
Visit_2,180,SUBJ0138,IT01,2025-12-04,2025-12-01,TRUE,166,194
Visit_3,270,SUBJ0138,IT01,2026-03-04,2026-03-05,TRUE,256,284
Visit_4,360,SUBJ0138,IT01,2026-06-02,2026-06-01,TRUE,346,374
Visit_5,450,SUBJ0138,IT01,2026-08-31,2026-08-25,TRUE,436,464
Visit_6,540,SUBJ0138,IT01,2026-11-29,2026-12-04,TRUE,526,554
Visit_7,630,SUBJ0138,IT01,2027-02-27,2027-02-25,TRUE,616,644
Visit_8,720,SUBJ0138,IT01,2027-05-28,2027-05-31,TRUE,706,734
Visit_9,810,SUBJ0138,IT01,2027-08-26,2027-08-22,TRUE,796,824
Visit_10,900,SUBJ0138,IT01,2027-11-24,2027-11-28,TRUE,886,914
Visit_11,990,SUBJ0138,IT01,2028-02-22,2028-02-23,TRUE,976,1004
Visit_12,1080,SUBJ0138,IT01,2028-05-22,2028-05-20,TRUE,1066,1094
Visit_13,1170,SUBJ0138,IT01,2028-08-20,2028-08-26,TRUE,1156,1184
End_of_Study,1080,SUBJ0138,IT01,2028-05-22,2028-05-17,TRUE,1066,1094
Safety_Followup,1170,SUBJ0138,IT01,2028-08-20,2028-08-24,TRUE,1156,1184
Screening,-7,SUBJ0139,CH06,2025-05-10,2025-05-08,TRUE,-21,7
Enrollment,0,SUBJ0139,CH06,2025-05-17,2025-05-10,TRUE,-14,14
Visit_1,90,SUBJ0139,CH06,2025-08-15,2025-08-12,TRUE,76,104
Visit_2,180,SUBJ0139,CH06,2025-11-13,2025-11-09,TRUE,166,194
Visit_3,270,SUBJ0139,CH06,2026-02-11,2026-02-07,TRUE,256,284
Visit_4,360,SUBJ0139,CH06,2026-05-12,2026-05-18,TRUE,346,374
Visit_5,450,SUBJ0139,CH06,2026-08-10,2026-08-03,TRUE,436,464
Visit_6,540,SUBJ0139,CH06,2026-11-08,2026-11-11,TRUE,526,554
Visit_7,630,SUBJ0139,CH06,2027-02-06,2027-02-10,TRUE,616,644
Visit_8,720,SUBJ0139,CH06,2027-05-07,2027-05-09,TRUE,706,734
Visit_9,810,SUBJ0139,CH06,2027-08-05,2027-08-02,TRUE,796,824
Visit_10,900,SUBJ0139,CH06,2027-11-03,2027-11-03,TRUE,886,914
Visit_11,990,SUBJ0139,CH06,2028-02-01,2028-02-07,TRUE,976,1004
Visit_12,1080,SUBJ0139,CH06,2028-05-01,2028-05-07,TRUE,1066,1094
Visit_13,1170,SUBJ0139,CH06,2028-07-30,2028-08-04,TRUE,1156,1184
End_of_Study,1080,SUBJ0139,CH06,2028-05-01,2028-04-27,TRUE,1066,1094
Safety_Followup,1170,SUBJ0139,CH06,2028-07-30,2028-08-04,TRUE,1156,1184
Screening,-7,SUBJ0140,CH12,2025-05-04,2025-05-03,TRUE,-21,7
Enrollment,0,SUBJ0140,CH12,2025-05-11,2025-05-07,TRUE,-14,14
Visit_1,90,SUBJ0140,CH12,2025-08-09,2025-08-05,TRUE,76,104
Visit_2,180,SUBJ0140,CH12,2025-11-07,2025-11-04,TRUE,166,194
Visit_3,270,SUBJ0140,CH12,2026-02-05,2026-02-04,TRUE,256,284
Visit_4,360,SUBJ0140,CH12,2026-05-06,2026-05-04,TRUE,346,374
Visit_5,450,SUBJ0140,CH12,2026-08-04,2026-08-05,TRUE,436,464
Visit_6,540,SUBJ0140,CH12,2026-11-02,2026-11-02,TRUE,526,554
Visit_7,630,SUBJ0140,CH12,2027-01-31,2027-02-03,TRUE,616,644
Visit_8,720,SUBJ0140,CH12,2027-05-01,2027-05-01,TRUE,706,734
Visit_9,810,SUBJ0140,CH12,2027-07-30,2027-08-06,TRUE,796,824
Visit_10,900,SUBJ0140,CH12,2027-10-28,2027-11-04,TRUE,886,914
Visit_11,990,SUBJ0140,CH12,2028-01-26,2028-01-28,TRUE,976,1004
Visit_12,1080,SUBJ0140,CH12,2028-04-25,2028-05-02,TRUE,1066,1094
Visit_13,1170,SUBJ0140,CH12,2028-07-24,2028-07-21,TRUE,1156,1184
End_of_Study,1080,SUBJ0140,CH12,2028-04-25,2028-04-23,TRUE,1066,1094
Safety_Followup,1170,SUBJ0140,CH12,2028-07-24,2028-07-22,TRUE,1156,1184
Screening,-7,SUBJ0141,CH09,2025-02-15,2025-02-14,TRUE,-21,7
Enrollment,0,SUBJ0141,CH09,2025-02-22,2025-02-27,TRUE,-14,14
Visit_1,90,SUBJ0141,CH09,2025-05-23,2025-05-25,TRUE,76,104
Visit_2,180,SUBJ0141,CH09,2025-08-21,2025-08-20,TRUE,166,194
Visit_3,270,SUBJ0141,CH09,2025-11-19,2025-11-17,TRUE,256,284
Visit_4,360,SUBJ0141,CH09,2026-02-17,2026-02-13,TRUE,346,374
Visit_5,450,SUBJ0141,CH09,2026-05-18,2026-05-14,TRUE,436,464
Visit_6,540,SUBJ0141,CH09,2026-08-16,2026-08-21,TRUE,526,554
Visit_7,630,SUBJ0141,CH09,2026-11-14,2026-11-08,TRUE,616,644
Visit_8,720,SUBJ0141,CH09,2027-02-12,2027-02-19,TRUE,706,734
Visit_9,810,SUBJ0141,CH09,2027-05-13,2027-05-15,TRUE,796,824
Visit_10,900,SUBJ0141,CH09,2027-08-11,2027-08-10,TRUE,886,914
Visit_11,990,SUBJ0141,CH09,2027-11-09,2027-11-11,TRUE,976,1004
Visit_12,1080,SUBJ0141,CH09,2028-02-07,2028-02-07,TRUE,1066,1094
Visit_13,1170,SUBJ0141,CH09,2028-05-07,2028-05-05,TRUE,1156,1184
End_of_Study,1080,SUBJ0141,CH09,2028-02-07,2028-02-05,TRUE,1066,1094
Safety_Followup,1170,SUBJ0141,CH09,2028-05-07,2028-05-01,TRUE,1156,1184
Screening,-7,SUBJ0142,CH01,2025-06-06,2025-06-04,TRUE,-21,7
Enrollment,0,SUBJ0142,CH01,2025-06-13,2025-06-13,TRUE,-14,14
Visit_1,90,SUBJ0142,CH01,2025-09-11,2025-09-07,TRUE,76,104
Visit_2,180,SUBJ0142,CH01,2025-12-10,2025-12-14,TRUE,166,194
Visit_3,270,SUBJ0142,CH01,2026-03-10,2026-03-13,TRUE,256,284
Visit_4,360,SUBJ0142,CH01,2026-06-08,2026-06-04,TRUE,346,374
Visit_5,450,SUBJ0142,CH01,2026-09-06,2026-09-12,TRUE,436,464
Visit_6,540,SUBJ0142,CH01,2026-12-05,2026-11-30,TRUE,526,554
Visit_7,630,SUBJ0142,CH01,2027-03-05,2027-03-05,TRUE,616,644
Visit_8,720,SUBJ0142,CH01,2027-06-03,2027-05-28,TRUE,706,734
Visit_9,810,SUBJ0142,CH01,2027-09-01,2027-08-28,TRUE,796,824
Visit_10,900,SUBJ0142,CH01,2027-11-30,2027-11-30,TRUE,886,914
Visit_11,990,SUBJ0142,CH01,2028-02-28,2028-02-26,TRUE,976,1004
Visit_12,1080,SUBJ0142,CH01,2028-05-28,2028-05-31,TRUE,1066,1094
Visit_13,1170,SUBJ0142,CH01,2028-08-26,2028-08-25,TRUE,1156,1184
End_of_Study,1080,SUBJ0142,CH01,2028-05-28,2028-05-28,TRUE,1066,1094
Safety_Followup,1170,SUBJ0142,CH01,2028-08-26,2028-08-30,TRUE,1156,1184
Screening,-7,SUBJ0143,CH01,2025-04-26,2025-05-01,TRUE,-21,7
Enrollment,0,SUBJ0143,CH01,2025-05-03,2025-05-02,TRUE,-14,14
Visit_1,90,SUBJ0143,CH01,2025-08-01,2025-07-31,TRUE,76,104
Visit_2,180,SUBJ0143,CH01,2025-10-30,2025-10-29,TRUE,166,194
Visit_3,270,SUBJ0143,CH01,2026-01-28,2026-01-21,TRUE,256,284
Visit_4,360,SUBJ0143,CH01,2026-04-28,2026-04-25,TRUE,346,374
Visit_5,450,SUBJ0143,CH01,2026-07-27,2026-07-26,TRUE,436,464
Visit_6,540,SUBJ0143,CH01,2026-10-25,2026-11-01,TRUE,526,554
Visit_7,630,SUBJ0143,CH01,2027-01-23,2027-01-30,TRUE,616,644
Visit_8,720,SUBJ0143,CH01,2027-04-23,2027-04-16,TRUE,706,734
Visit_9,810,SUBJ0143,CH01,2027-07-22,2027-07-19,TRUE,796,824
Visit_10,900,SUBJ0143,CH01,2027-10-20,2027-10-13,TRUE,886,914
Visit_11,990,SUBJ0143,CH01,2028-01-18,2028-01-23,TRUE,976,1004
Visit_12,1080,SUBJ0143,CH01,2028-04-17,2028-04-17,TRUE,1066,1094
Visit_13,1170,SUBJ0143,CH01,2028-07-16,2028-07-20,TRUE,1156,1184
End_of_Study,1080,SUBJ0143,CH01,2028-04-17,2028-04-20,TRUE,1066,1094
Safety_Followup,1170,SUBJ0143,CH01,2028-07-16,2028-07-17,TRUE,1156,1184
Screening,-7,SUBJ0144,CH11,2025-01-24,2025-01-19,TRUE,-21,7
Enrollment,0,SUBJ0144,CH11,2025-01-31,2025-02-04,TRUE,-14,14
Visit_1,90,SUBJ0144,CH11,2025-05-01,2025-04-26,TRUE,76,104
Visit_2,180,SUBJ0144,CH11,2025-07-30,2025-07-27,TRUE,166,194
Visit_3,270,SUBJ0144,CH11,2025-10-28,2025-11-04,TRUE,256,284
Visit_4,360,SUBJ0144,CH11,2026-01-26,2026-01-25,TRUE,346,374
Visit_5,450,SUBJ0144,CH11,2026-04-26,2026-05-01,TRUE,436,464
Visit_6,540,SUBJ0144,CH11,2026-07-25,2026-07-24,TRUE,526,554
Visit_7,630,SUBJ0144,CH11,2026-10-23,2026-10-29,TRUE,616,644
Visit_8,720,SUBJ0144,CH11,2027-01-21,2027-01-14,TRUE,706,734
Visit_9,810,SUBJ0144,CH11,2027-04-21,2027-04-16,TRUE,796,824
Visit_10,900,SUBJ0144,CH11,2027-07-20,2027-07-26,TRUE,886,914
Visit_11,990,SUBJ0144,CH11,2027-10-18,2027-10-20,TRUE,976,1004
Visit_12,1080,SUBJ0144,CH11,2028-01-16,2028-01-19,TRUE,1066,1094
Visit_13,1170,SUBJ0144,CH11,2028-04-15,2028-04-22,TRUE,1156,1184
End_of_Study,1080,SUBJ0144,CH11,2028-01-16,2028-01-22,TRUE,1066,1094
Safety_Followup,1170,SUBJ0144,CH11,2028-04-15,2028-04-22,TRUE,1156,1184
Screening,-7,SUBJ0145,CH11,2025-02-27,2025-02-28,TRUE,-21,7
Enrollment,0,SUBJ0145,CH11,2025-03-06,2025-03-01,TRUE,-14,14
Visit_1,90,SUBJ0145,CH11,2025-06-04,2025-06-03,TRUE,76,104
Visit_2,180,SUBJ0145,CH11,2025-09-02,2025-08-30,TRUE,166,194
Visit_3,270,SUBJ0145,CH11,2025-12-01,2025-12-01,TRUE,256,284
Visit_4,360,SUBJ0145,CH11,2026-03-01,2026-03-06,TRUE,346,374
Visit_5,450,SUBJ0145,CH11,2026-05-30,2026-05-23,TRUE,436,464
Visit_6,540,SUBJ0145,CH11,2026-08-28,2026-08-30,TRUE,526,554
Visit_7,630,SUBJ0145,CH11,2026-11-26,2026-11-28,TRUE,616,644
Visit_8,720,SUBJ0145,CH11,2027-02-24,2027-02-26,TRUE,706,734
Visit_9,810,SUBJ0145,CH11,2027-05-25,2027-05-28,TRUE,796,824
Visit_10,900,SUBJ0145,CH11,2027-08-23,2027-08-20,TRUE,886,914
Visit_11,990,SUBJ0145,CH11,2027-11-21,2027-11-25,TRUE,976,1004
Visit_12,1080,SUBJ0145,CH11,2028-02-19,2028-02-25,TRUE,1066,1094
Visit_13,1170,SUBJ0145,CH11,2028-05-19,2028-05-21,TRUE,1156,1184
End_of_Study,1080,SUBJ0145,CH11,2028-02-19,2028-02-20,TRUE,1066,1094
Safety_Followup,1170,SUBJ0145,CH11,2028-05-19,2028-05-12,TRUE,1156,1184
Screening,-7,SUBJ0146,CH05,2025-06-10,2025-06-17,TRUE,-21,7
Enrollment,0,SUBJ0146,CH05,2025-06-17,2025-06-22,TRUE,-14,14
Visit_1,90,SUBJ0146,CH05,2025-09-15,2025-09-17,TRUE,76,104
Visit_2,180,SUBJ0146,CH05,2025-12-14,2025-12-20,TRUE,166,194
Visit_3,270,SUBJ0146,CH05,2026-03-14,2026-03-16,TRUE,256,284
Visit_4,360,SUBJ0146,CH05,2026-06-12,2026-06-15,TRUE,346,374
Visit_5,450,SUBJ0146,CH05,2026-09-10,2026-09-06,TRUE,436,464
Visit_6,540,SUBJ0146,CH05,2026-12-09,2026-12-03,TRUE,526,554
Visit_7,630,SUBJ0146,CH05,2027-03-09,2027-03-03,TRUE,616,644
Visit_8,720,SUBJ0146,CH05,2027-06-07,2027-06-12,TRUE,706,734
Visit_9,810,SUBJ0146,CH05,2027-09-05,2027-09-08,TRUE,796,824
Visit_10,900,SUBJ0146,CH05,2027-12-04,2027-12-11,TRUE,886,914
Visit_11,990,SUBJ0146,CH05,2028-03-03,2028-03-01,TRUE,976,1004
Visit_12,1080,SUBJ0146,CH05,2028-06-01,2028-06-02,TRUE,1066,1094
Visit_13,1170,SUBJ0146,CH05,2028-08-30,2028-09-06,TRUE,1156,1184
End_of_Study,1080,SUBJ0146,CH05,2028-06-01,2028-06-05,TRUE,1066,1094
Safety_Followup,1170,SUBJ0146,CH05,2028-08-30,2028-08-30,TRUE,1156,1184
Screening,-7,SUBJ0147,CH12,2025-05-03,2025-05-09,TRUE,-21,7
Enrollment,0,SUBJ0147,CH12,2025-05-10,2025-05-14,TRUE,-14,14
Visit_1,90,SUBJ0147,CH12,2025-08-08,2025-08-07,TRUE,76,104
Visit_2,180,SUBJ0147,CH12,2025-11-06,2025-11-07,TRUE,166,194
Visit_3,270,SUBJ0147,CH12,2026-02-04,2026-02-07,TRUE,256,284
Visit_4,360,SUBJ0147,CH12,2026-05-05,2026-05-09,TRUE,346,374
Visit_5,450,SUBJ0147,CH12,2026-08-03,2026-08-07,TRUE,436,464
Visit_6,540,SUBJ0147,CH12,2026-11-01,2026-11-05,TRUE,526,554
Visit_7,630,SUBJ0147,CH12,2027-01-30,2027-01-26,TRUE,616,644
Visit_8,720,SUBJ0147,CH12,2027-04-30,2027-04-29,TRUE,706,734
Visit_9,810,SUBJ0147,CH12,2027-07-29,2027-08-02,TRUE,796,824
Visit_10,900,SUBJ0147,CH12,2027-10-27,2027-10-24,TRUE,886,914
Visit_11,990,SUBJ0147,CH12,2028-01-25,2028-01-19,TRUE,976,1004
Visit_12,1080,SUBJ0147,CH12,2028-04-24,2028-04-19,TRUE,1066,1094
Visit_13,1170,SUBJ0147,CH12,2028-07-23,2028-07-21,TRUE,1156,1184
End_of_Study,1080,SUBJ0147,CH12,2028-04-24,2028-04-27,TRUE,1066,1094
Safety_Followup,1170,SUBJ0147,CH12,2028-07-23,2028-07-23,TRUE,1156,1184
Screening,-7,SUBJ0148,CH09,2025-05-04,2025-05-08,TRUE,-21,7
Enrollment,0,SUBJ0148,CH09,2025-05-11,2025-05-17,TRUE,-14,14
Visit_1,90,SUBJ0148,CH09,2025-08-09,2025-08-12,TRUE,76,104
Visit_2,180,SUBJ0148,CH09,2025-11-07,2025-11-05,TRUE,166,194
Visit_3,270,SUBJ0148,CH09,2026-02-05,2026-02-03,TRUE,256,284
Visit_4,360,SUBJ0148,CH09,2026-05-06,2026-05-11,TRUE,346,374
Visit_5,450,SUBJ0148,CH09,2026-08-04,2026-07-29,TRUE,436,464
Visit_6,540,SUBJ0148,CH09,2026-11-02,2026-11-01,TRUE,526,554
Visit_7,630,SUBJ0148,CH09,2027-01-31,2027-02-05,TRUE,616,644
Visit_8,720,SUBJ0148,CH09,2027-05-01,2027-05-01,TRUE,706,734
Visit_9,810,SUBJ0148,CH09,2027-07-30,2027-07-29,TRUE,796,824
Visit_10,900,SUBJ0148,CH09,2027-10-28,2027-10-26,TRUE,886,914
Visit_11,990,SUBJ0148,CH09,2028-01-26,2028-01-31,TRUE,976,1004
Visit_12,1080,SUBJ0148,CH09,2028-04-25,2028-04-25,TRUE,1066,1094
Visit_13,1170,SUBJ0148,CH09,2028-07-24,2028-07-22,TRUE,1156,1184
End_of_Study,1080,SUBJ0148,CH09,2028-04-25,2028-04-23,TRUE,1066,1094
Safety_Followup,1170,SUBJ0148,CH09,2028-07-24,2028-07-25,TRUE,1156,1184
Screening,-7,SUBJ0149,CH15,2025-02-10,2025-02-06,TRUE,-21,7
Enrollment,0,SUBJ0149,CH15,2025-02-17,2025-02-18,TRUE,-14,14
Visit_1,90,SUBJ0149,CH15,2025-05-18,2025-05-18,TRUE,76,104
Visit_2,180,SUBJ0149,CH15,2025-08-16,2025-08-18,TRUE,166,194
Visit_3,270,SUBJ0149,CH15,2025-11-14,2025-11-11,TRUE,256,284
Visit_4,360,SUBJ0149,CH15,2026-02-12,2026-02-05,TRUE,346,374
Visit_5,450,SUBJ0149,CH15,2026-05-13,2026-05-13,TRUE,436,464
Visit_6,540,SUBJ0149,CH15,2026-08-11,2026-08-15,TRUE,526,554
Visit_7,630,SUBJ0149,CH15,2026-11-09,2026-11-05,TRUE,616,644
Visit_8,720,SUBJ0149,CH15,2027-02-07,2027-02-03,TRUE,706,734
Visit_9,810,SUBJ0149,CH15,2027-05-08,2027-05-07,TRUE,796,824
Visit_10,900,SUBJ0149,CH15,2027-08-06,2027-08-10,TRUE,886,914
Visit_11,990,SUBJ0149,CH15,2027-11-04,2027-11-11,TRUE,976,1004
Visit_12,1080,SUBJ0149,CH15,2028-02-02,2028-01-28,TRUE,1066,1094
Visit_13,1170,SUBJ0149,CH15,2028-05-02,2028-05-07,TRUE,1156,1184
End_of_Study,1080,SUBJ0149,CH15,2028-02-02,2028-01-31,TRUE,1066,1094
Safety_Followup,1170,SUBJ0149,CH15,2028-05-02,2028-05-05,TRUE,1156,1184
Screening,-7,SUBJ0150,CH01,2025-04-09,2025-04-14,TRUE,-21,7
Enrollment,0,SUBJ0150,CH01,2025-04-16,2025-04-10,TRUE,-14,14
Visit_1,90,SUBJ0150,CH01,2025-07-15,2025-07-21,TRUE,76,104
Visit_2,180,SUBJ0150,CH01,2025-10-13,2025-10-19,TRUE,166,194
Visit_3,270,SUBJ0150,CH01,2026-01-11,2026-01-14,TRUE,256,284
Visit_4,360,SUBJ0150,CH01,2026-04-11,2026-04-17,TRUE,346,374
Visit_5,450,SUBJ0150,CH01,2026-07-10,2026-07-12,TRUE,436,464
Visit_6,540,SUBJ0150,CH01,2026-10-08,2026-10-04,TRUE,526,554
Visit_7,630,SUBJ0150,CH01,2027-01-06,2027-01-12,TRUE,616,644
Visit_8,720,SUBJ0150,CH01,2027-04-06,2027-04-06,TRUE,706,734
Visit_9,810,SUBJ0150,CH01,2027-07-05,2027-07-09,TRUE,796,824
Visit_10,900,SUBJ0150,CH01,2027-10-03,2027-09-28,TRUE,886,914
Visit_11,990,SUBJ0150,CH01,2028-01-01,2028-01-02,TRUE,976,1004
Visit_12,1080,SUBJ0150,CH01,2028-03-31,2028-03-27,TRUE,1066,1094
Visit_13,1170,SUBJ0150,CH01,2028-06-29,2028-06-28,TRUE,1156,1184
End_of_Study,1080,SUBJ0150,CH01,2028-03-31,2028-03-27,TRUE,1066,1094
Safety_Followup,1170,SUBJ0150,CH01,2028-06-29,2028-06-23,TRUE,1156,1184
Screening,-7,SUBJ0151,CH13,2025-06-21,2025-06-27,TRUE,-21,7
Enrollment,0,SUBJ0151,CH13,2025-06-28,2025-06-30,TRUE,-14,14
Visit_1,90,SUBJ0151,CH13,2025-09-26,2025-09-22,TRUE,76,104
Visit_2,180,SUBJ0151,CH13,2025-12-25,2025-12-28,TRUE,166,194
Visit_3,270,SUBJ0151,CH13,2026-03-25,2026-03-25,TRUE,256,284
Visit_4,360,SUBJ0151,CH13,2026-06-23,2026-06-18,TRUE,346,374
Visit_5,450,SUBJ0151,CH13,2026-09-21,2026-09-17,TRUE,436,464
Visit_6,540,SUBJ0151,CH13,2026-12-20,2026-12-13,TRUE,526,554
Visit_7,630,SUBJ0151,CH13,2027-03-20,2027-03-25,TRUE,616,644
Visit_8,720,SUBJ0151,CH13,2027-06-18,2027-06-20,TRUE,706,734
Visit_9,810,SUBJ0151,CH13,2027-09-16,2027-09-09,TRUE,796,824
Visit_10,900,SUBJ0151,CH13,2027-12-15,2027-12-20,TRUE,886,914
Visit_11,990,SUBJ0151,CH13,2028-03-14,2028-03-18,TRUE,976,1004
Visit_12,1080,SUBJ0151,CH13,2028-06-12,2028-06-10,TRUE,1066,1094
Visit_13,1170,SUBJ0151,CH13,2028-09-10,2028-09-05,TRUE,1156,1184
End_of_Study,1080,SUBJ0151,CH13,2028-06-12,2028-06-05,TRUE,1066,1094
Safety_Followup,1170,SUBJ0151,CH13,2028-09-10,2028-09-14,TRUE,1156,1184
Screening,-7,SUBJ0152,CH01,2025-01-15,2025-01-15,TRUE,-21,7
Enrollment,0,SUBJ0152,CH01,2025-01-22,2025-01-15,TRUE,-14,14
Visit_1,90,SUBJ0152,CH01,2025-04-22,2025-04-27,TRUE,76,104
Visit_2,180,SUBJ0152,CH01,2025-07-21,2025-07-24,TRUE,166,194
Visit_3,270,SUBJ0152,CH01,2025-10-19,2025-10-22,TRUE,256,284
Visit_4,360,SUBJ0152,CH01,2026-01-17,2026-01-10,TRUE,346,374
Visit_5,450,SUBJ0152,CH01,2026-04-17,2026-04-14,TRUE,436,464
Visit_6,540,SUBJ0152,CH01,2026-07-16,2026-07-14,TRUE,526,554
Visit_7,630,SUBJ0152,CH01,2026-10-14,2026-10-14,TRUE,616,644
Visit_8,720,SUBJ0152,CH01,2027-01-12,2027-01-14,TRUE,706,734
Visit_9,810,SUBJ0152,CH01,2027-04-12,2027-04-06,TRUE,796,824
Visit_10,900,SUBJ0152,CH01,2027-07-11,2027-07-06,TRUE,886,914
Visit_11,990,SUBJ0152,CH01,2027-10-09,2027-10-02,TRUE,976,1004
Visit_12,1080,SUBJ0152,CH01,2028-01-07,2028-01-03,TRUE,1066,1094
Visit_13,1170,SUBJ0152,CH01,2028-04-06,2028-03-30,TRUE,1156,1184
End_of_Study,1080,SUBJ0152,CH01,2028-01-07,2027-12-31,TRUE,1066,1094
Safety_Followup,1170,SUBJ0152,CH01,2028-04-06,2028-04-06,TRUE,1156,1184
Screening,-7,SUBJ0153,CH03,2025-06-14,2025-06-21,TRUE,-21,7
Enrollment,0,SUBJ0153,CH03,2025-06-21,2025-06-18,TRUE,-14,14
Visit_1,90,SUBJ0153,CH03,2025-09-19,2025-09-24,TRUE,76,104
Visit_2,180,SUBJ0153,CH03,2025-12-18,2025-12-25,TRUE,166,194
Visit_3,270,SUBJ0153,CH03,2026-03-18,2026-03-11,TRUE,256,284
Visit_4,360,SUBJ0153,CH03,2026-06-16,2026-06-09,TRUE,346,374
Visit_5,450,SUBJ0153,CH03,2026-09-14,2026-09-15,TRUE,436,464
Visit_6,540,SUBJ0153,CH03,2026-12-13,2026-12-14,TRUE,526,554
Visit_7,630,SUBJ0153,CH03,2027-03-13,2027-03-16,TRUE,616,644
Visit_8,720,SUBJ0153,CH03,2027-06-11,2027-06-18,TRUE,706,734
Visit_9,810,SUBJ0153,CH03,2027-09-09,2027-09-11,TRUE,796,824
Visit_10,900,SUBJ0153,CH03,2027-12-08,2027-12-12,TRUE,886,914
Visit_11,990,SUBJ0153,CH03,2028-03-07,2028-03-04,TRUE,976,1004
Visit_12,1080,SUBJ0153,CH03,2028-06-05,2028-06-06,TRUE,1066,1094
Visit_13,1170,SUBJ0153,CH03,2028-09-03,2028-08-31,TRUE,1156,1184
End_of_Study,1080,SUBJ0153,CH03,2028-06-05,2028-06-12,TRUE,1066,1094
Safety_Followup,1170,SUBJ0153,CH03,2028-09-03,2028-09-04,TRUE,1156,1184
Screening,-7,SUBJ0154,CH17,2025-04-13,2025-04-19,TRUE,-21,7
Enrollment,0,SUBJ0154,CH17,2025-04-20,2025-04-26,TRUE,-14,14
Visit_1,90,SUBJ0154,CH17,2025-07-19,2025-07-22,TRUE,76,104
Visit_2,180,SUBJ0154,CH17,2025-10-17,2025-10-10,TRUE,166,194
Visit_3,270,SUBJ0154,CH17,2026-01-15,2026-01-13,TRUE,256,284
Visit_4,360,SUBJ0154,CH17,2026-04-15,2026-04-11,TRUE,346,374
Visit_5,450,SUBJ0154,CH17,2026-07-14,2026-07-08,TRUE,436,464
Visit_6,540,SUBJ0154,CH17,2026-10-12,2026-10-10,TRUE,526,554
Visit_7,630,SUBJ0154,CH17,2027-01-10,2027-01-14,TRUE,616,644
Visit_8,720,SUBJ0154,CH17,2027-04-10,2027-04-07,TRUE,706,734
Visit_9,810,SUBJ0154,CH17,2027-07-09,2027-07-14,TRUE,796,824
Visit_10,900,SUBJ0154,CH17,2027-10-07,2027-10-05,TRUE,886,914
Visit_11,990,SUBJ0154,CH17,2028-01-05,2028-01-06,TRUE,976,1004
Visit_12,1080,SUBJ0154,CH17,2028-04-04,2028-04-09,TRUE,1066,1094
Visit_13,1170,SUBJ0154,CH17,2028-07-03,2028-07-02,TRUE,1156,1184
End_of_Study,1080,SUBJ0154,CH17,2028-04-04,2028-04-04,TRUE,1066,1094
Safety_Followup,1170,SUBJ0154,CH17,2028-07-03,2028-06-27,TRUE,1156,1184
Screening,-7,SUBJ0155,CH02,2025-01-31,2025-01-28,TRUE,-21,7
Enrollment,0,SUBJ0155,CH02,2025-02-07,2025-02-11,TRUE,-14,14
Visit_1,90,SUBJ0155,CH02,2025-05-08,2025-05-12,TRUE,76,104
Visit_2,180,SUBJ0155,CH02,2025-08-06,2025-08-12,TRUE,166,194
Visit_3,270,SUBJ0155,CH02,2025-11-04,2025-10-28,TRUE,256,284
Visit_4,360,SUBJ0155,CH02,2026-02-02,2026-02-02,TRUE,346,374
Visit_5,450,SUBJ0155,CH02,2026-05-03,2026-05-10,TRUE,436,464
Visit_6,540,SUBJ0155,CH02,2026-08-01,2026-08-07,TRUE,526,554
Visit_7,630,SUBJ0155,CH02,2026-10-30,2026-10-31,TRUE,616,644
Visit_8,720,SUBJ0155,CH02,2027-01-28,2027-01-28,TRUE,706,734
Visit_9,810,SUBJ0155,CH02,2027-04-28,2027-04-23,TRUE,796,824
Visit_10,900,SUBJ0155,CH02,2027-07-27,2027-07-27,TRUE,886,914
Visit_11,990,SUBJ0155,CH02,2027-10-25,2027-10-25,TRUE,976,1004
Visit_12,1080,SUBJ0155,CH02,2028-01-23,2028-01-17,TRUE,1066,1094
Visit_13,1170,SUBJ0155,CH02,2028-04-22,2028-04-29,TRUE,1156,1184
End_of_Study,1080,SUBJ0155,CH02,2028-01-23,2028-01-18,TRUE,1066,1094
Safety_Followup,1170,SUBJ0155,CH02,2028-04-22,2028-04-21,TRUE,1156,1184
Screening,-7,SUBJ0156,CH15,2025-02-11,2025-02-07,TRUE,-21,7
Enrollment,0,SUBJ0156,CH15,2025-02-18,2025-02-24,TRUE,-14,14
Visit_1,90,SUBJ0156,CH15,2025-05-19,2025-05-19,TRUE,76,104
Visit_2,180,SUBJ0156,CH15,2025-08-17,2025-08-23,TRUE,166,194
Visit_3,270,SUBJ0156,CH15,2025-11-15,2025-11-09,TRUE,256,284
Visit_4,360,SUBJ0156,CH15,2026-02-13,2026-02-06,TRUE,346,374
Visit_5,450,SUBJ0156,CH15,2026-05-14,2026-05-16,TRUE,436,464
Visit_6,540,SUBJ0156,CH15,2026-08-12,2026-08-13,TRUE,526,554
Visit_7,630,SUBJ0156,CH15,2026-11-10,2026-11-13,TRUE,616,644
Visit_8,720,SUBJ0156,CH15,2027-02-08,2027-02-15,TRUE,706,734
Visit_9,810,SUBJ0156,CH15,2027-05-09,2027-05-11,TRUE,796,824
Visit_10,900,SUBJ0156,CH15,2027-08-07,2027-07-31,TRUE,886,914
Visit_11,990,SUBJ0156,CH15,2027-11-05,2027-10-31,TRUE,976,1004
Visit_12,1080,SUBJ0156,CH15,2028-02-03,2028-02-01,TRUE,1066,1094
Visit_13,1170,SUBJ0156,CH15,2028-05-03,2028-05-07,TRUE,1156,1184
End_of_Study,1080,SUBJ0156,CH15,2028-02-03,2028-01-30,TRUE,1066,1094
Safety_Followup,1170,SUBJ0156,CH15,2028-05-03,2028-04-27,TRUE,1156,1184
Screening,-7,SUBJ0157,CH09,2025-03-16,2025-03-10,TRUE,-21,7
Enrollment,0,SUBJ0157,CH09,2025-03-23,2025-03-18,TRUE,-14,14
Visit_1,90,SUBJ0157,CH09,2025-06-21,2025-06-27,TRUE,76,104
Visit_2,180,SUBJ0157,CH09,2025-09-19,2025-09-22,TRUE,166,194
Visit_3,270,SUBJ0157,CH09,2025-12-18,2025-12-23,TRUE,256,284
Visit_4,360,SUBJ0157,CH09,2026-03-18,2026-03-22,TRUE,346,374
Visit_5,450,SUBJ0157,CH09,2026-06-16,2026-06-20,TRUE,436,464
Visit_6,540,SUBJ0157,CH09,2026-09-14,2026-09-12,TRUE,526,554
Visit_7,630,SUBJ0157,CH09,2026-12-13,2026-12-11,TRUE,616,644
Visit_8,720,SUBJ0157,CH09,2027-03-13,2027-03-11,TRUE,706,734
Visit_9,810,SUBJ0157,CH09,2027-06-11,2027-06-10,TRUE,796,824
Visit_10,900,SUBJ0157,CH09,2027-09-09,2027-09-04,TRUE,886,914
Visit_11,990,SUBJ0157,CH09,2027-12-08,2027-12-08,TRUE,976,1004
Visit_12,1080,SUBJ0157,CH09,2028-03-07,2028-03-04,TRUE,1066,1094
Visit_13,1170,SUBJ0157,CH09,2028-06-05,2028-06-03,TRUE,1156,1184
End_of_Study,1080,SUBJ0157,CH09,2028-03-07,2028-03-12,TRUE,1066,1094
Safety_Followup,1170,SUBJ0157,CH09,2028-06-05,2028-05-31,TRUE,1156,1184
Screening,-7,SUBJ0158,CH10,2025-01-18,2025-01-19,TRUE,-21,7
Enrollment,0,SUBJ0158,CH10,2025-01-25,2025-01-26,TRUE,-14,14
Visit_1,90,SUBJ0158,CH10,2025-04-25,2025-04-18,TRUE,76,104
Visit_2,180,SUBJ0158,CH10,2025-07-24,2025-07-28,TRUE,166,194
Visit_3,270,SUBJ0158,CH10,2025-10-22,2025-10-18,TRUE,256,284
Visit_4,360,SUBJ0158,CH10,2026-01-20,2026-01-18,TRUE,346,374
Visit_5,450,SUBJ0158,CH10,2026-04-20,2026-04-20,TRUE,436,464
Visit_6,540,SUBJ0158,CH10,2026-07-19,2026-07-17,TRUE,526,554
Visit_7,630,SUBJ0158,CH10,2026-10-17,2026-10-19,TRUE,616,644
Visit_8,720,SUBJ0158,CH10,2027-01-15,2027-01-12,TRUE,706,734
Visit_9,810,SUBJ0158,CH10,2027-04-15,2027-04-08,TRUE,796,824
Visit_10,900,SUBJ0158,CH10,2027-07-14,2027-07-11,TRUE,886,914
Visit_11,990,SUBJ0158,CH10,2027-10-12,2027-10-09,TRUE,976,1004
Visit_12,1080,SUBJ0158,CH10,2028-01-10,2028-01-04,TRUE,1066,1094
Visit_13,1170,SUBJ0158,CH10,2028-04-09,2028-04-09,TRUE,1156,1184
End_of_Study,1080,SUBJ0158,CH10,2028-01-10,2028-01-10,TRUE,1066,1094
Safety_Followup,1170,SUBJ0158,CH10,2028-04-09,2028-04-05,TRUE,1156,1184
Screening,-7,SUBJ0159,CH09,2025-02-26,2025-02-22,TRUE,-21,7
Enrollment,0,SUBJ0159,CH09,2025-03-05,2025-03-07,TRUE,-14,14
Visit_1,90,SUBJ0159,CH09,2025-06-03,2025-06-07,TRUE,76,104
Visit_2,180,SUBJ0159,CH09,2025-09-01,2025-09-02,TRUE,166,194
Visit_3,270,SUBJ0159,CH09,2025-11-30,2025-12-02,TRUE,256,284
Visit_4,360,SUBJ0159,CH09,2026-02-28,2026-03-05,TRUE,346,374
Visit_5,450,SUBJ0159,CH09,2026-05-29,2026-05-29,TRUE,436,464
Visit_6,540,SUBJ0159,CH09,2026-08-27,2026-09-03,TRUE,526,554
Visit_7,630,SUBJ0159,CH09,2026-11-25,2026-11-23,TRUE,616,644
Visit_8,720,SUBJ0159,CH09,2027-02-23,2027-02-23,TRUE,706,734
Visit_9,810,SUBJ0159,CH09,2027-05-24,2027-05-22,TRUE,796,824
Visit_10,900,SUBJ0159,CH09,2027-08-22,2027-08-17,TRUE,886,914
Visit_11,990,SUBJ0159,CH09,2027-11-20,2027-11-22,TRUE,976,1004
Visit_12,1080,SUBJ0159,CH09,2028-02-18,2028-02-19,TRUE,1066,1094
Visit_13,1170,SUBJ0159,CH09,2028-05-18,2028-05-16,TRUE,1156,1184
End_of_Study,1080,SUBJ0159,CH09,2028-02-18,2028-02-23,TRUE,1066,1094
Safety_Followup,1170,SUBJ0159,CH09,2028-05-18,2028-05-17,TRUE,1156,1184
Screening,-7,SUBJ0160,FR02,2025-01-25,2025-02-01,TRUE,-21,7
Enrollment,0,SUBJ0160,FR02,2025-02-01,2025-01-26,TRUE,-14,14
Visit_1,90,SUBJ0160,FR02,2025-05-02,2025-05-01,TRUE,76,104
Visit_2,180,SUBJ0160,FR02,2025-07-31,2025-08-01,TRUE,166,194
Visit_3,270,SUBJ0160,FR02,2025-10-29,2025-11-05,TRUE,256,284
Visit_4,360,SUBJ0160,FR02,2026-01-27,2026-01-23,TRUE,346,374
Visit_5,450,SUBJ0160,FR02,2026-04-27,2026-05-03,TRUE,436,464
Visit_6,540,SUBJ0160,FR02,2026-07-26,2026-07-29,TRUE,526,554
Visit_7,630,SUBJ0160,FR02,2026-10-24,2026-10-22,TRUE,616,644
Visit_8,720,SUBJ0160,FR02,2027-01-22,2027-01-24,TRUE,706,734
Visit_9,810,SUBJ0160,FR02,2027-04-22,2027-04-16,TRUE,796,824
Visit_10,900,SUBJ0160,FR02,2027-07-21,2027-07-17,TRUE,886,914
Visit_11,990,SUBJ0160,FR02,2027-10-19,2027-10-23,TRUE,976,1004
Visit_12,1080,SUBJ0160,FR02,2028-01-17,2028-01-12,TRUE,1066,1094
Visit_13,1170,SUBJ0160,FR02,2028-04-16,2028-04-15,TRUE,1156,1184
End_of_Study,1080,SUBJ0160,FR02,2028-01-17,2028-01-10,TRUE,1066,1094
Safety_Followup,1170,SUBJ0160,FR02,2028-04-16,2028-04-12,TRUE,1156,1184
Screening,-7,SUBJ0161,CH15,2025-02-28,2025-02-23,TRUE,-21,7
Enrollment,0,SUBJ0161,CH15,2025-03-07,2025-03-03,TRUE,-14,14
Visit_1,90,SUBJ0161,CH15,2025-06-05,2025-06-10,TRUE,76,104
Visit_2,180,SUBJ0161,CH15,2025-09-03,2025-08-27,TRUE,166,194
Visit_3,270,SUBJ0161,CH15,2025-12-02,2025-12-04,TRUE,256,284
Visit_4,360,SUBJ0161,CH15,2026-03-02,2026-02-24,TRUE,346,374
Visit_5,450,SUBJ0161,CH15,2026-05-31,2026-06-03,TRUE,436,464
Visit_6,540,SUBJ0161,CH15,2026-08-29,2026-08-30,TRUE,526,554
Visit_7,630,SUBJ0161,CH15,2026-11-27,2026-11-27,TRUE,616,644
Visit_8,720,SUBJ0161,CH15,2027-02-25,2027-02-22,TRUE,706,734
Visit_9,810,SUBJ0161,CH15,2027-05-26,2027-06-02,TRUE,796,824
Visit_10,900,SUBJ0161,CH15,2027-08-24,2027-08-20,TRUE,886,914
Visit_11,990,SUBJ0161,CH15,2027-11-22,2027-11-21,TRUE,976,1004
Visit_12,1080,SUBJ0161,CH15,2028-02-20,2028-02-16,TRUE,1066,1094
Visit_13,1170,SUBJ0161,CH15,2028-05-20,2028-05-23,TRUE,1156,1184
End_of_Study,1080,SUBJ0161,CH15,2028-02-20,2028-02-19,TRUE,1066,1094
Safety_Followup,1170,SUBJ0161,CH15,2028-05-20,2028-05-25,TRUE,1156,1184
Screening,-7,SUBJ0162,CH11,2025-06-06,2025-06-07,TRUE,-21,7
Enrollment,0,SUBJ0162,CH11,2025-06-13,2025-06-18,TRUE,-14,14
Visit_1,90,SUBJ0162,CH11,2025-09-11,2025-09-04,TRUE,76,104
Visit_2,180,SUBJ0162,CH11,2025-12-10,2025-12-03,TRUE,166,194
Visit_3,270,SUBJ0162,CH11,2026-03-10,2026-03-08,TRUE,256,284
Visit_4,360,SUBJ0162,CH11,2026-06-08,2026-06-02,TRUE,346,374
Visit_5,450,SUBJ0162,CH11,2026-09-06,2026-09-01,TRUE,436,464
Visit_6,540,SUBJ0162,CH11,2026-12-05,2026-12-09,TRUE,526,554
Visit_7,630,SUBJ0162,CH11,2027-03-05,2027-03-10,TRUE,616,644
Visit_8,720,SUBJ0162,CH11,2027-06-03,2027-06-08,TRUE,706,734
Visit_9,810,SUBJ0162,CH11,2027-09-01,2027-08-30,TRUE,796,824
Visit_10,900,SUBJ0162,CH11,2027-11-30,2027-12-06,TRUE,886,914
Visit_11,990,SUBJ0162,CH11,2028-02-28,2028-02-26,TRUE,976,1004
Visit_12,1080,SUBJ0162,CH11,2028-05-28,2028-05-27,TRUE,1066,1094
Visit_13,1170,SUBJ0162,CH11,2028-08-26,2028-08-31,TRUE,1156,1184
End_of_Study,1080,SUBJ0162,CH11,2028-05-28,2028-05-26,TRUE,1066,1094
Safety_Followup,1170,SUBJ0162,CH11,2028-08-26,2028-08-26,TRUE,1156,1184
Screening,-7,SUBJ0163,FR02,2025-05-01,2025-05-05,TRUE,-21,7
Enrollment,0,SUBJ0163,FR02,2025-05-08,2025-05-03,TRUE,-14,14
Visit_1,90,SUBJ0163,FR02,2025-08-06,2025-08-06,TRUE,76,104
Visit_2,180,SUBJ0163,FR02,2025-11-04,2025-10-31,TRUE,166,194
Visit_3,270,SUBJ0163,FR02,2026-02-02,2026-02-04,TRUE,256,284
Visit_4,360,SUBJ0163,FR02,2026-05-03,2026-04-27,TRUE,346,374
Visit_5,450,SUBJ0163,FR02,2026-08-01,2026-07-30,TRUE,436,464
Visit_6,540,SUBJ0163,FR02,2026-10-30,2026-11-05,TRUE,526,554
Visit_7,630,SUBJ0163,FR02,2027-01-28,2027-01-26,TRUE,616,644
Visit_8,720,SUBJ0163,FR02,2027-04-28,2027-04-29,TRUE,706,734
Visit_9,810,SUBJ0163,FR02,2027-07-27,2027-07-26,TRUE,796,824
Visit_10,900,SUBJ0163,FR02,2027-10-25,2027-10-23,TRUE,886,914
Visit_11,990,SUBJ0163,FR02,2028-01-23,2028-01-19,TRUE,976,1004
Visit_12,1080,SUBJ0163,FR02,2028-04-22,2028-04-26,TRUE,1066,1094
Visit_13,1170,SUBJ0163,FR02,2028-07-21,2028-07-28,TRUE,1156,1184
End_of_Study,1080,SUBJ0163,FR02,2028-04-22,2028-04-24,TRUE,1066,1094
Safety_Followup,1170,SUBJ0163,FR02,2028-07-21,2028-07-23,TRUE,1156,1184
Screening,-7,SUBJ0164,CH08,2025-02-13,2025-02-20,TRUE,-21,7
Enrollment,0,SUBJ0164,CH08,2025-02-20,2025-02-24,TRUE,-14,14
Visit_1,90,SUBJ0164,CH08,2025-05-21,2025-05-16,TRUE,76,104
Visit_2,180,SUBJ0164,CH08,2025-08-19,2025-08-13,TRUE,166,194
Visit_3,270,SUBJ0164,CH08,2025-11-17,2025-11-23,TRUE,256,284
Visit_4,360,SUBJ0164,CH08,2026-02-15,2026-02-08,TRUE,346,374
Visit_5,450,SUBJ0164,CH08,2026-05-16,2026-05-21,TRUE,436,464
Visit_6,540,SUBJ0164,CH08,2026-08-14,2026-08-10,TRUE,526,554
Visit_7,630,SUBJ0164,CH08,2026-11-12,2026-11-18,TRUE,616,644
Visit_8,720,SUBJ0164,CH08,2027-02-10,2027-02-07,TRUE,706,734
Visit_9,810,SUBJ0164,CH08,2027-05-11,2027-05-18,TRUE,796,824
Visit_10,900,SUBJ0164,CH08,2027-08-09,2027-08-09,TRUE,886,914
Visit_11,990,SUBJ0164,CH08,2027-11-07,2027-11-09,TRUE,976,1004
Visit_12,1080,SUBJ0164,CH08,2028-02-05,2028-02-10,TRUE,1066,1094
Visit_13,1170,SUBJ0164,CH08,2028-05-05,2028-05-12,TRUE,1156,1184
End_of_Study,1080,SUBJ0164,CH08,2028-02-05,2028-02-03,TRUE,1066,1094
Safety_Followup,1170,SUBJ0164,CH08,2028-05-05,2028-05-03,TRUE,1156,1184
Screening,-7,SUBJ0165,CH06,2025-05-14,2025-05-12,TRUE,-21,7
Enrollment,0,SUBJ0165,CH06,2025-05-21,2025-05-23,TRUE,-14,14
Visit_1,90,SUBJ0165,CH06,2025-08-19,2025-08-13,TRUE,76,104
Visit_2,180,SUBJ0165,CH06,2025-11-17,2025-11-22,TRUE,166,194
Visit_3,270,SUBJ0165,CH06,2026-02-15,2026-02-16,TRUE,256,284
Visit_4,360,SUBJ0165,CH06,2026-05-16,2026-05-12,TRUE,346,374
Visit_5,450,SUBJ0165,CH06,2026-08-14,2026-08-12,TRUE,436,464
Visit_6,540,SUBJ0165,CH06,2026-11-12,2026-11-19,TRUE,526,554
Visit_7,630,SUBJ0165,CH06,2027-02-10,2027-02-05,TRUE,616,644
Visit_8,720,SUBJ0165,CH06,2027-05-11,2027-05-09,TRUE,706,734
Visit_9,810,SUBJ0165,CH06,2027-08-09,2027-08-02,TRUE,796,824
Visit_10,900,SUBJ0165,CH06,2027-11-07,2027-11-03,TRUE,886,914
Visit_11,990,SUBJ0165,CH06,2028-02-05,2028-02-03,TRUE,976,1004
Visit_12,1080,SUBJ0165,CH06,2028-05-05,2028-04-28,TRUE,1066,1094
Visit_13,1170,SUBJ0165,CH06,2028-08-03,2028-08-03,TRUE,1156,1184
End_of_Study,1080,SUBJ0165,CH06,2028-05-05,2028-04-30,TRUE,1066,1094
Safety_Followup,1170,SUBJ0165,CH06,2028-08-03,2028-07-28,TRUE,1156,1184
Screening,-7,SUBJ0166,CH01,2025-06-19,2025-06-14,TRUE,-21,7
Enrollment,0,SUBJ0166,CH01,2025-06-26,2025-07-01,TRUE,-14,14
Visit_1,90,SUBJ0166,CH01,2025-09-24,2025-09-23,TRUE,76,104
Visit_2,180,SUBJ0166,CH01,2025-12-23,2025-12-28,TRUE,166,194
Visit_3,270,SUBJ0166,CH01,2026-03-23,2026-03-23,TRUE,256,284
Visit_4,360,SUBJ0166,CH01,2026-06-21,2026-06-20,TRUE,346,374
Visit_5,450,SUBJ0166,CH01,2026-09-19,2026-09-16,TRUE,436,464
Visit_6,540,SUBJ0166,CH01,2026-12-18,2026-12-15,TRUE,526,554
Visit_7,630,SUBJ0166,CH01,2027-03-18,2027-03-18,TRUE,616,644
Visit_8,720,SUBJ0166,CH01,2027-06-16,2027-06-23,TRUE,706,734
Visit_9,810,SUBJ0166,CH01,2027-09-14,2027-09-08,TRUE,796,824
Visit_10,900,SUBJ0166,CH01,2027-12-13,2027-12-19,TRUE,886,914
Visit_11,990,SUBJ0166,CH01,2028-03-12,2028-03-06,TRUE,976,1004
Visit_12,1080,SUBJ0166,CH01,2028-06-10,2028-06-10,TRUE,1066,1094
Visit_13,1170,SUBJ0166,CH01,2028-09-08,2028-09-11,TRUE,1156,1184
End_of_Study,1080,SUBJ0166,CH01,2028-06-10,2028-06-12,TRUE,1066,1094
Safety_Followup,1170,SUBJ0166,CH01,2028-09-08,2028-09-10,TRUE,1156,1184
Screening,-7,SUBJ0167,CH09,2025-01-05,2025-01-10,TRUE,-21,7
Enrollment,0,SUBJ0167,CH09,2025-01-12,2025-01-08,TRUE,-14,14
Visit_1,90,SUBJ0167,CH09,2025-04-12,2025-04-14,TRUE,76,104
Visit_2,180,SUBJ0167,CH09,2025-07-11,2025-07-16,TRUE,166,194
Visit_3,270,SUBJ0167,CH09,2025-10-09,2025-10-05,TRUE,256,284
Visit_4,360,SUBJ0167,CH09,2026-01-07,2025-12-31,TRUE,346,374
Visit_5,450,SUBJ0167,CH09,2026-04-07,2026-04-12,TRUE,436,464
Visit_6,540,SUBJ0167,CH09,2026-07-06,2026-07-02,TRUE,526,554
Visit_7,630,SUBJ0167,CH09,2026-10-04,2026-09-27,TRUE,616,644
Visit_8,720,SUBJ0167,CH09,2027-01-02,2026-12-30,TRUE,706,734
Visit_9,810,SUBJ0167,CH09,2027-04-02,2027-04-05,TRUE,796,824
Visit_10,900,SUBJ0167,CH09,2027-07-01,2027-07-06,TRUE,886,914
Visit_11,990,SUBJ0167,CH09,2027-09-29,2027-09-27,TRUE,976,1004
Visit_12,1080,SUBJ0167,CH09,2027-12-28,2027-12-23,TRUE,1066,1094
Visit_13,1170,SUBJ0167,CH09,2028-03-27,2028-03-28,TRUE,1156,1184
End_of_Study,1080,SUBJ0167,CH09,2027-12-28,2027-12-21,TRUE,1066,1094
Safety_Followup,1170,SUBJ0167,CH09,2028-03-27,2028-03-21,TRUE,1156,1184
Screening,-7,SUBJ0168,CH04,2025-02-23,2025-02-28,TRUE,-21,7
Enrollment,0,SUBJ0168,CH04,2025-03-02,2025-02-25,TRUE,-14,14
Visit_1,90,SUBJ0168,CH04,2025-05-31,2025-06-05,TRUE,76,104
Visit_2,180,SUBJ0168,CH04,2025-08-29,2025-08-23,TRUE,166,194
Visit_3,270,SUBJ0168,CH04,2025-11-27,2025-11-27,TRUE,256,284
Visit_4,360,SUBJ0168,CH04,2026-02-25,2026-02-24,TRUE,346,374
Visit_5,450,SUBJ0168,CH04,2026-05-26,2026-06-01,TRUE,436,464
Visit_6,540,SUBJ0168,CH04,2026-08-24,2026-08-20,TRUE,526,554
Visit_7,630,SUBJ0168,CH04,2026-11-22,2026-11-28,TRUE,616,644
Visit_8,720,SUBJ0168,CH04,2027-02-20,2027-02-21,TRUE,706,734
Visit_9,810,SUBJ0168,CH04,2027-05-21,2027-05-15,TRUE,796,824
Visit_10,900,SUBJ0168,CH04,2027-08-19,2027-08-14,TRUE,886,914
Visit_11,990,SUBJ0168,CH04,2027-11-17,2027-11-12,TRUE,976,1004
Visit_12,1080,SUBJ0168,CH04,2028-02-15,2028-02-17,TRUE,1066,1094
Visit_13,1170,SUBJ0168,CH04,2028-05-15,2028-05-09,TRUE,1156,1184
End_of_Study,1080,SUBJ0168,CH04,2028-02-15,2028-02-18,TRUE,1066,1094
Safety_Followup,1170,SUBJ0168,CH04,2028-05-15,2028-05-11,TRUE,1156,1184
Screening,-7,SUBJ0169,CH12,2025-03-16,2025-03-14,TRUE,-21,7
Enrollment,0,SUBJ0169,CH12,2025-03-23,2025-03-27,TRUE,-14,14
Visit_1,90,SUBJ0169,CH12,2025-06-21,2025-06-19,TRUE,76,104
Visit_2,180,SUBJ0169,CH12,2025-09-19,2025-09-15,TRUE,166,194
Visit_3,270,SUBJ0169,CH12,2025-12-18,2025-12-13,TRUE,256,284
Visit_4,360,SUBJ0169,CH12,2026-03-18,2026-03-12,TRUE,346,374
Visit_5,450,SUBJ0169,CH12,2026-06-16,2026-06-22,TRUE,436,464
Visit_6,540,SUBJ0169,CH12,2026-09-14,2026-09-19,TRUE,526,554
Visit_7,630,SUBJ0169,CH12,2026-12-13,2026-12-14,TRUE,616,644
Visit_8,720,SUBJ0169,CH12,2027-03-13,2027-03-20,TRUE,706,734
Visit_9,810,SUBJ0169,CH12,2027-06-11,2027-06-07,TRUE,796,824
Visit_10,900,SUBJ0169,CH12,2027-09-09,2027-09-02,TRUE,886,914
Visit_11,990,SUBJ0169,CH12,2027-12-08,2027-12-11,TRUE,976,1004
Visit_12,1080,SUBJ0169,CH12,2028-03-07,2028-03-02,TRUE,1066,1094
Visit_13,1170,SUBJ0169,CH12,2028-06-05,2028-05-31,TRUE,1156,1184
End_of_Study,1080,SUBJ0169,CH12,2028-03-07,2028-03-12,TRUE,1066,1094
Safety_Followup,1170,SUBJ0169,CH12,2028-06-05,2028-06-04,TRUE,1156,1184
Screening,-7,SUBJ0170,CH03,2025-05-27,2025-05-24,TRUE,-21,7
Enrollment,0,SUBJ0170,CH03,2025-06-03,2025-06-01,TRUE,-14,14
Visit_1,90,SUBJ0170,CH03,2025-09-01,2025-08-25,TRUE,76,104
Visit_2,180,SUBJ0170,CH03,2025-11-30,2025-11-25,TRUE,166,194
Visit_3,270,SUBJ0170,CH03,2026-02-28,2026-03-01,TRUE,256,284
Visit_4,360,SUBJ0170,CH03,2026-05-29,2026-05-26,TRUE,346,374
Visit_5,450,SUBJ0170,CH03,2026-08-27,2026-08-31,TRUE,436,464
Visit_6,540,SUBJ0170,CH03,2026-11-25,2026-11-27,TRUE,526,554
Visit_7,630,SUBJ0170,CH03,2027-02-23,2027-02-19,TRUE,616,644
Visit_8,720,SUBJ0170,CH03,2027-05-24,2027-05-24,TRUE,706,734
Visit_9,810,SUBJ0170,CH03,2027-08-22,2027-08-21,TRUE,796,824
Visit_10,900,SUBJ0170,CH03,2027-11-20,2027-11-24,TRUE,886,914
Visit_11,990,SUBJ0170,CH03,2028-02-18,2028-02-22,TRUE,976,1004
Visit_12,1080,SUBJ0170,CH03,2028-05-18,2028-05-17,TRUE,1066,1094
Visit_13,1170,SUBJ0170,CH03,2028-08-16,2028-08-17,TRUE,1156,1184
End_of_Study,1080,SUBJ0170,CH03,2028-05-18,2028-05-13,TRUE,1066,1094
Safety_Followup,1170,SUBJ0170,CH03,2028-08-16,2028-08-14,TRUE,1156,1184
Screening,-7,SUBJ0171,CH09,2025-03-06,2025-03-12,TRUE,-21,7
Enrollment,0,SUBJ0171,CH09,2025-03-13,2025-03-17,TRUE,-14,14
Visit_1,90,SUBJ0171,CH09,2025-06-11,2025-06-07,TRUE,76,104
Visit_2,180,SUBJ0171,CH09,2025-09-09,2025-09-10,TRUE,166,194
Visit_3,270,SUBJ0171,CH09,2025-12-08,2025-12-08,TRUE,256,284
Visit_4,360,SUBJ0171,CH09,2026-03-08,2026-03-07,TRUE,346,374
Visit_5,450,SUBJ0171,CH09,2026-06-06,2026-06-06,TRUE,436,464
Visit_6,540,SUBJ0171,CH09,2026-09-04,2026-08-31,TRUE,526,554
Visit_7,630,SUBJ0171,CH09,2026-12-03,2026-12-01,TRUE,616,644
Visit_8,720,SUBJ0171,CH09,2027-03-03,2027-03-01,TRUE,706,734
Visit_9,810,SUBJ0171,CH09,2027-06-01,2027-05-28,TRUE,796,824
Visit_10,900,SUBJ0171,CH09,2027-08-30,2027-09-01,TRUE,886,914
Visit_11,990,SUBJ0171,CH09,2027-11-28,2027-11-26,TRUE,976,1004
Visit_12,1080,SUBJ0171,CH09,2028-02-26,2028-02-22,TRUE,1066,1094
Visit_13,1170,SUBJ0171,CH09,2028-05-26,2028-05-19,TRUE,1156,1184
End_of_Study,1080,SUBJ0171,CH09,2028-02-26,2028-02-27,TRUE,1066,1094
Safety_Followup,1170,SUBJ0171,CH09,2028-05-26,2028-05-21,TRUE,1156,1184
Screening,-7,SUBJ0172,CH10,2025-05-21,2025-05-27,TRUE,-21,7
Enrollment,0,SUBJ0172,CH10,2025-05-28,2025-05-28,TRUE,-14,14
Visit_1,90,SUBJ0172,CH10,2025-08-26,2025-08-26,TRUE,76,104
Visit_2,180,SUBJ0172,CH10,2025-11-24,2025-11-26,TRUE,166,194
Visit_3,270,SUBJ0172,CH10,2026-02-22,2026-02-22,TRUE,256,284
Visit_4,360,SUBJ0172,CH10,2026-05-23,2026-05-25,TRUE,346,374
Visit_5,450,SUBJ0172,CH10,2026-08-21,2026-08-20,TRUE,436,464
Visit_6,540,SUBJ0172,CH10,2026-11-19,2026-11-25,TRUE,526,554
Visit_7,630,SUBJ0172,CH10,2027-02-17,2027-02-14,TRUE,616,644
Visit_8,720,SUBJ0172,CH10,2027-05-18,2027-05-21,TRUE,706,734
Visit_9,810,SUBJ0172,CH10,2027-08-16,2027-08-21,TRUE,796,824
Visit_10,900,SUBJ0172,CH10,2027-11-14,2027-11-13,TRUE,886,914
Visit_11,990,SUBJ0172,CH10,2028-02-12,2028-02-07,TRUE,976,1004
Visit_12,1080,SUBJ0172,CH10,2028-05-12,2028-05-07,TRUE,1066,1094
Visit_13,1170,SUBJ0172,CH10,2028-08-10,2028-08-07,TRUE,1156,1184
End_of_Study,1080,SUBJ0172,CH10,2028-05-12,2028-05-06,TRUE,1066,1094
Safety_Followup,1170,SUBJ0172,CH10,2028-08-10,2028-08-06,TRUE,1156,1184
Screening,-7,SUBJ0173,CH04,2025-01-16,2025-01-14,TRUE,-21,7
Enrollment,0,SUBJ0173,CH04,2025-01-23,2025-01-20,TRUE,-14,14
Visit_1,90,SUBJ0173,CH04,2025-04-23,2025-04-30,TRUE,76,104
Visit_2,180,SUBJ0173,CH04,2025-07-22,2025-07-21,TRUE,166,194
Visit_3,270,SUBJ0173,CH04,2025-10-20,2025-10-24,TRUE,256,284
Visit_4,360,SUBJ0173,CH04,2026-01-18,2026-01-22,TRUE,346,374
Visit_5,450,SUBJ0173,CH04,2026-04-18,2026-04-22,TRUE,436,464
Visit_6,540,SUBJ0173,CH04,2026-07-17,2026-07-12,TRUE,526,554
Visit_7,630,SUBJ0173,CH04,2026-10-15,2026-10-14,TRUE,616,644
Visit_8,720,SUBJ0173,CH04,2027-01-13,2027-01-08,TRUE,706,734
Visit_9,810,SUBJ0173,CH04,2027-04-13,2027-04-07,TRUE,796,824
Visit_10,900,SUBJ0173,CH04,2027-07-12,2027-07-08,TRUE,886,914
Visit_11,990,SUBJ0173,CH04,2027-10-10,2027-10-16,TRUE,976,1004
Visit_12,1080,SUBJ0173,CH04,2028-01-08,2028-01-03,TRUE,1066,1094
Visit_13,1170,SUBJ0173,CH04,2028-04-07,2028-04-01,TRUE,1156,1184
End_of_Study,1080,SUBJ0173,CH04,2028-01-08,2028-01-03,TRUE,1066,1094
Safety_Followup,1170,SUBJ0173,CH04,2028-04-07,2028-04-11,TRUE,1156,1184
Screening,-7,SUBJ0174,CH12,2025-04-16,2025-04-09,TRUE,-21,7
Enrollment,0,SUBJ0174,CH12,2025-04-23,2025-04-19,TRUE,-14,14
Visit_1,90,SUBJ0174,CH12,2025-07-22,2025-07-21,TRUE,76,104
Visit_2,180,SUBJ0174,CH12,2025-10-20,2025-10-23,TRUE,166,194
Visit_3,270,SUBJ0174,CH12,2026-01-18,2026-01-12,TRUE,256,284
Visit_4,360,SUBJ0174,CH12,2026-04-18,2026-04-14,TRUE,346,374
Visit_5,450,SUBJ0174,CH12,2026-07-17,2026-07-16,TRUE,436,464
Visit_6,540,SUBJ0174,CH12,2026-10-15,2026-10-11,TRUE,526,554
Visit_7,630,SUBJ0174,CH12,2027-01-13,2027-01-12,TRUE,616,644
Visit_8,720,SUBJ0174,CH12,2027-04-13,2027-04-18,TRUE,706,734
Visit_9,810,SUBJ0174,CH12,2027-07-12,2027-07-14,TRUE,796,824
Visit_10,900,SUBJ0174,CH12,2027-10-10,2027-10-10,TRUE,886,914
Visit_11,990,SUBJ0174,CH12,2028-01-08,2028-01-09,TRUE,976,1004
Visit_12,1080,SUBJ0174,CH12,2028-04-07,2028-04-06,TRUE,1066,1094
Visit_13,1170,SUBJ0174,CH12,2028-07-06,2028-07-02,TRUE,1156,1184
End_of_Study,1080,SUBJ0174,CH12,2028-04-07,2028-04-14,TRUE,1066,1094
Safety_Followup,1170,SUBJ0174,CH12,2028-07-06,2028-07-01,TRUE,1156,1184
Screening,-7,SUBJ0175,CH10,2025-06-13,2025-06-09,TRUE,-21,7
Enrollment,0,SUBJ0175,CH10,2025-06-20,2025-06-23,TRUE,-14,14
Visit_1,90,SUBJ0175,CH10,2025-09-18,2025-09-14,TRUE,76,104
Visit_2,180,SUBJ0175,CH10,2025-12-17,2025-12-21,TRUE,166,194
Visit_3,270,SUBJ0175,CH10,2026-03-17,2026-03-16,TRUE,256,284
Visit_4,360,SUBJ0175,CH10,2026-06-15,2026-06-15,TRUE,346,374
Visit_5,450,SUBJ0175,CH10,2026-09-13,2026-09-08,TRUE,436,464
Visit_6,540,SUBJ0175,CH10,2026-12-12,2026-12-11,TRUE,526,554
Visit_7,630,SUBJ0175,CH10,2027-03-12,2027-03-09,TRUE,616,644
Visit_8,720,SUBJ0175,CH10,2027-06-10,2027-06-14,TRUE,706,734
Visit_9,810,SUBJ0175,CH10,2027-09-08,2027-09-14,TRUE,796,824
Visit_10,900,SUBJ0175,CH10,2027-12-07,2027-12-12,TRUE,886,914
Visit_11,990,SUBJ0175,CH10,2028-03-06,2028-03-08,TRUE,976,1004
Visit_12,1080,SUBJ0175,CH10,2028-06-04,2028-05-31,TRUE,1066,1094
Visit_13,1170,SUBJ0175,CH10,2028-09-02,2028-09-08,TRUE,1156,1184
End_of_Study,1080,SUBJ0175,CH10,2028-06-04,2028-06-04,TRUE,1066,1094
Safety_Followup,1170,SUBJ0175,CH10,2028-09-02,2028-08-31,TRUE,1156,1184
Screening,-7,SUBJ0176,CH15,2025-01-25,2025-02-01,TRUE,-21,7
Enrollment,0,SUBJ0176,CH15,2025-02-01,2025-02-03,TRUE,-14,14
Visit_1,90,SUBJ0176,CH15,2025-05-02,2025-04-29,TRUE,76,104
Visit_2,180,SUBJ0176,CH15,2025-07-31,2025-07-24,TRUE,166,194
Visit_3,270,SUBJ0176,CH15,2025-10-29,2025-10-22,TRUE,256,284
Visit_4,360,SUBJ0176,CH15,2026-01-27,2026-01-21,TRUE,346,374
Visit_5,450,SUBJ0176,CH15,2026-04-27,2026-05-01,TRUE,436,464
Visit_6,540,SUBJ0176,CH15,2026-07-26,2026-07-21,TRUE,526,554
Visit_7,630,SUBJ0176,CH15,2026-10-24,2026-10-21,TRUE,616,644
Visit_8,720,SUBJ0176,CH15,2027-01-22,2027-01-25,TRUE,706,734
Visit_9,810,SUBJ0176,CH15,2027-04-22,2027-04-28,TRUE,796,824
Visit_10,900,SUBJ0176,CH15,2027-07-21,2027-07-20,TRUE,886,914
Visit_11,990,SUBJ0176,CH15,2027-10-19,2027-10-20,TRUE,976,1004
Visit_12,1080,SUBJ0176,CH15,2028-01-17,2028-01-20,TRUE,1066,1094
Visit_13,1170,SUBJ0176,CH15,2028-04-16,2028-04-23,TRUE,1156,1184
End_of_Study,1080,SUBJ0176,CH15,2028-01-17,2028-01-16,TRUE,1066,1094
Safety_Followup,1170,SUBJ0176,CH15,2028-04-16,2028-04-17,TRUE,1156,1184
Screening,-7,SUBJ0177,CH04,2025-04-06,2025-04-03,TRUE,-21,7
Enrollment,0,SUBJ0177,CH04,2025-04-13,2025-04-07,TRUE,-14,14
Visit_1,90,SUBJ0177,CH04,2025-07-12,2025-07-13,TRUE,76,104
Visit_2,180,SUBJ0177,CH04,2025-10-10,2025-10-06,TRUE,166,194
Visit_3,270,SUBJ0177,CH04,2026-01-08,2026-01-08,TRUE,256,284
Visit_4,360,SUBJ0177,CH04,2026-04-08,2026-04-14,TRUE,346,374
Visit_5,450,SUBJ0177,CH04,2026-07-07,2026-07-09,TRUE,436,464
Visit_6,540,SUBJ0177,CH04,2026-10-05,2026-10-12,TRUE,526,554
Visit_7,630,SUBJ0177,CH04,2027-01-03,2027-01-09,TRUE,616,644
Visit_8,720,SUBJ0177,CH04,2027-04-03,2027-04-08,TRUE,706,734
Visit_9,810,SUBJ0177,CH04,2027-07-02,2027-06-29,TRUE,796,824
Visit_10,900,SUBJ0177,CH04,2027-09-30,2027-09-25,TRUE,886,914
Visit_11,990,SUBJ0177,CH04,2027-12-29,2027-12-24,TRUE,976,1004
Visit_12,1080,SUBJ0177,CH04,2028-03-28,2028-03-26,TRUE,1066,1094
Visit_13,1170,SUBJ0177,CH04,2028-06-26,2028-06-22,TRUE,1156,1184
End_of_Study,1080,SUBJ0177,CH04,2028-03-28,2028-04-01,TRUE,1066,1094
Safety_Followup,1170,SUBJ0177,CH04,2028-06-26,2028-06-28,TRUE,1156,1184
Screening,-7,SUBJ0178,CH02,2025-02-07,2025-02-14,TRUE,-21,7
Enrollment,0,SUBJ0178,CH02,2025-02-14,2025-02-12,TRUE,-14,14
Visit_1,90,SUBJ0178,CH02,2025-05-15,2025-05-08,TRUE,76,104
Visit_2,180,SUBJ0178,CH02,2025-08-13,2025-08-13,TRUE,166,194
Visit_3,270,SUBJ0178,CH02,2025-11-11,2025-11-18,TRUE,256,284
Visit_4,360,SUBJ0178,CH02,2026-02-09,2026-02-04,TRUE,346,374
Visit_5,450,SUBJ0178,CH02,2026-05-10,2026-05-06,TRUE,436,464
Visit_6,540,SUBJ0178,CH02,2026-08-08,2026-08-09,TRUE,526,554
Visit_7,630,SUBJ0178,CH02,2026-11-06,2026-11-12,TRUE,616,644
Visit_8,720,SUBJ0178,CH02,2027-02-04,2027-01-28,TRUE,706,734
Visit_9,810,SUBJ0178,CH02,2027-05-05,2027-04-29,TRUE,796,824
Visit_10,900,SUBJ0178,CH02,2027-08-03,2027-08-04,TRUE,886,914
Visit_11,990,SUBJ0178,CH02,2027-11-01,2027-10-26,TRUE,976,1004
Visit_12,1080,SUBJ0178,CH02,2028-01-30,2028-02-02,TRUE,1066,1094
Visit_13,1170,SUBJ0178,CH02,2028-04-29,2028-05-04,TRUE,1156,1184
End_of_Study,1080,SUBJ0178,CH02,2028-01-30,2028-01-29,TRUE,1066,1094
Safety_Followup,1170,SUBJ0178,CH02,2028-04-29,2028-05-05,TRUE,1156,1184
Screening,-7,SUBJ0179,CH10,2025-03-19,2025-03-20,TRUE,-21,7
Enrollment,0,SUBJ0179,CH10,2025-03-26,2025-03-22,TRUE,-14,14
Visit_1,90,SUBJ0179,CH10,2025-06-24,2025-06-21,TRUE,76,104
Visit_2,180,SUBJ0179,CH10,2025-09-22,2025-09-17,TRUE,166,194
Visit_3,270,SUBJ0179,CH10,2025-12-21,2025-12-16,TRUE,256,284
Visit_4,360,SUBJ0179,CH10,2026-03-21,2026-03-28,TRUE,346,374
Visit_5,450,SUBJ0179,CH10,2026-06-19,2026-06-15,TRUE,436,464
Visit_6,540,SUBJ0179,CH10,2026-09-17,2026-09-22,TRUE,526,554
Visit_7,630,SUBJ0179,CH10,2026-12-16,2026-12-13,TRUE,616,644
Visit_8,720,SUBJ0179,CH10,2027-03-16,2027-03-09,TRUE,706,734
Visit_9,810,SUBJ0179,CH10,2027-06-14,2027-06-09,TRUE,796,824
Visit_10,900,SUBJ0179,CH10,2027-09-12,2027-09-09,TRUE,886,914
Visit_11,990,SUBJ0179,CH10,2027-12-11,2027-12-09,TRUE,976,1004
Visit_12,1080,SUBJ0179,CH10,2028-03-10,2028-03-16,TRUE,1066,1094
Visit_13,1170,SUBJ0179,CH10,2028-06-08,2028-06-01,TRUE,1156,1184
End_of_Study,1080,SUBJ0179,CH10,2028-03-10,2028-03-17,TRUE,1066,1094
Safety_Followup,1170,SUBJ0179,CH10,2028-06-08,2028-06-09,TRUE,1156,1184
Screening,-7,SUBJ0180,CH17,2025-05-17,2025-05-21,TRUE,-21,7
Enrollment,0,SUBJ0180,CH17,2025-05-24,2025-05-19,TRUE,-14,14
Visit_1,90,SUBJ0180,CH17,2025-08-22,2025-08-25,TRUE,76,104
Visit_2,180,SUBJ0180,CH17,2025-11-20,2025-11-17,TRUE,166,194
Visit_3,270,SUBJ0180,CH17,2026-02-18,2026-02-14,TRUE,256,284
Visit_4,360,SUBJ0180,CH17,2026-05-19,2026-05-14,TRUE,346,374
Visit_5,450,SUBJ0180,CH17,2026-08-17,2026-08-12,TRUE,436,464
Visit_6,540,SUBJ0180,CH17,2026-11-15,2026-11-21,TRUE,526,554
Visit_7,630,SUBJ0180,CH17,2027-02-13,2027-02-17,TRUE,616,644
Visit_8,720,SUBJ0180,CH17,2027-05-14,2027-05-18,TRUE,706,734
Visit_9,810,SUBJ0180,CH17,2027-08-12,2027-08-09,TRUE,796,824
Visit_10,900,SUBJ0180,CH17,2027-11-10,2027-11-17,TRUE,886,914
Visit_11,990,SUBJ0180,CH17,2028-02-08,2028-02-15,TRUE,976,1004
Visit_12,1080,SUBJ0180,CH17,2028-05-08,2028-05-11,TRUE,1066,1094
Visit_13,1170,SUBJ0180,CH17,2028-08-06,2028-08-10,TRUE,1156,1184
End_of_Study,1080,SUBJ0180,CH17,2028-05-08,2028-05-10,TRUE,1066,1094
Safety_Followup,1170,SUBJ0180,CH17,2028-08-06,2028-08-04,TRUE,1156,1184
Screening,-7,SUBJ0181,CH09,2025-01-17,2025-01-20,TRUE,-21,7
Enrollment,0,SUBJ0181,CH09,2025-01-24,2025-01-27,TRUE,-14,14
Visit_1,90,SUBJ0181,CH09,2025-04-24,2025-04-21,TRUE,76,104
Visit_2,180,SUBJ0181,CH09,2025-07-23,2025-07-29,TRUE,166,194
Visit_3,270,SUBJ0181,CH09,2025-10-21,2025-10-28,TRUE,256,284
Visit_4,360,SUBJ0181,CH09,2026-01-19,2026-01-20,TRUE,346,374
Visit_5,450,SUBJ0181,CH09,2026-04-19,2026-04-19,TRUE,436,464
Visit_6,540,SUBJ0181,CH09,2026-07-18,2026-07-21,TRUE,526,554
Visit_7,630,SUBJ0181,CH09,2026-10-16,2026-10-22,TRUE,616,644
Visit_8,720,SUBJ0181,CH09,2027-01-14,2027-01-09,TRUE,706,734
Visit_9,810,SUBJ0181,CH09,2027-04-14,2027-04-07,TRUE,796,824
Visit_10,900,SUBJ0181,CH09,2027-07-13,2027-07-11,TRUE,886,914
Visit_11,990,SUBJ0181,CH09,2027-10-11,2027-10-17,TRUE,976,1004
Visit_12,1080,SUBJ0181,CH09,2028-01-09,2028-01-02,TRUE,1066,1094
Visit_13,1170,SUBJ0181,CH09,2028-04-08,2028-04-03,TRUE,1156,1184
End_of_Study,1080,SUBJ0181,CH09,2028-01-09,2028-01-12,TRUE,1066,1094
Safety_Followup,1170,SUBJ0181,CH09,2028-04-08,2028-04-15,TRUE,1156,1184
Screening,-7,SUBJ0182,CH12,2025-01-14,2025-01-12,TRUE,-21,7
Enrollment,0,SUBJ0182,CH12,2025-01-21,2025-01-22,TRUE,-14,14
Visit_1,90,SUBJ0182,CH12,2025-04-21,2025-04-17,TRUE,76,104
Visit_2,180,SUBJ0182,CH12,2025-07-20,2025-07-15,TRUE,166,194
Visit_3,270,SUBJ0182,CH12,2025-10-18,2025-10-19,TRUE,256,284
Visit_4,360,SUBJ0182,CH12,2026-01-16,2026-01-09,TRUE,346,374
Visit_5,450,SUBJ0182,CH12,2026-04-16,2026-04-14,TRUE,436,464
Visit_6,540,SUBJ0182,CH12,2026-07-15,2026-07-09,TRUE,526,554
Visit_7,630,SUBJ0182,CH12,2026-10-13,2026-10-09,TRUE,616,644
Visit_8,720,SUBJ0182,CH12,2027-01-11,2027-01-10,TRUE,706,734
Visit_9,810,SUBJ0182,CH12,2027-04-11,2027-04-16,TRUE,796,824
Visit_10,900,SUBJ0182,CH12,2027-07-10,2027-07-08,TRUE,886,914
Visit_11,990,SUBJ0182,CH12,2027-10-08,2027-10-03,TRUE,976,1004
Visit_12,1080,SUBJ0182,CH12,2028-01-06,2028-01-12,TRUE,1066,1094
Visit_13,1170,SUBJ0182,CH12,2028-04-05,2028-04-04,TRUE,1156,1184
End_of_Study,1080,SUBJ0182,CH12,2028-01-06,2028-01-06,TRUE,1066,1094
Safety_Followup,1170,SUBJ0182,CH12,2028-04-05,2028-04-02,TRUE,1156,1184
Screening,-7,SUBJ0183,CH05,2025-03-12,2025-03-06,TRUE,-21,7
Enrollment,0,SUBJ0183,CH05,2025-03-19,2025-03-25,TRUE,-14,14
Visit_1,90,SUBJ0183,CH05,2025-06-17,2025-06-18,TRUE,76,104
Visit_2,180,SUBJ0183,CH05,2025-09-15,2025-09-20,TRUE,166,194
Visit_3,270,SUBJ0183,CH05,2025-12-14,2025-12-18,TRUE,256,284
Visit_4,360,SUBJ0183,CH05,2026-03-14,2026-03-08,TRUE,346,374
Visit_5,450,SUBJ0183,CH05,2026-06-12,2026-06-06,TRUE,436,464
Visit_6,540,SUBJ0183,CH05,2026-09-10,2026-09-06,TRUE,526,554
Visit_7,630,SUBJ0183,CH05,2026-12-09,2026-12-11,TRUE,616,644
Visit_8,720,SUBJ0183,CH05,2027-03-09,2027-03-08,TRUE,706,734
Visit_9,810,SUBJ0183,CH05,2027-06-07,2027-05-31,TRUE,796,824
Visit_10,900,SUBJ0183,CH05,2027-09-05,2027-08-30,TRUE,886,914
Visit_11,990,SUBJ0183,CH05,2027-12-04,2027-12-09,TRUE,976,1004
Visit_12,1080,SUBJ0183,CH05,2028-03-03,2028-02-26,TRUE,1066,1094
Visit_13,1170,SUBJ0183,CH05,2028-06-01,2028-05-29,TRUE,1156,1184
End_of_Study,1080,SUBJ0183,CH05,2028-03-03,2028-02-25,TRUE,1066,1094
Safety_Followup,1170,SUBJ0183,CH05,2028-06-01,2028-06-02,TRUE,1156,1184
Screening,-7,SUBJ0184,CH03,2025-02-28,2025-02-24,TRUE,-21,7
Enrollment,0,SUBJ0184,CH03,2025-03-07,2025-03-14,TRUE,-14,14
Visit_1,90,SUBJ0184,CH03,2025-06-05,2025-05-31,TRUE,76,104
Visit_2,180,SUBJ0184,CH03,2025-09-03,2025-09-08,TRUE,166,194
Visit_3,270,SUBJ0184,CH03,2025-12-02,NA,FALSE,256,284
Visit_4,360,SUBJ0184,CH03,2026-03-02,NA,FALSE,346,374
Visit_5,450,SUBJ0184,CH03,2026-05-31,NA,FALSE,436,464
Visit_6,540,SUBJ0184,CH03,2026-08-29,NA,FALSE,526,554
Visit_7,630,SUBJ0184,CH03,2026-11-27,NA,FALSE,616,644
Visit_8,720,SUBJ0184,CH03,2027-02-25,NA,FALSE,706,734
Visit_9,810,SUBJ0184,CH03,2027-05-26,NA,FALSE,796,824
Visit_10,900,SUBJ0184,CH03,2027-08-24,NA,FALSE,886,914
Visit_11,990,SUBJ0184,CH03,2027-11-22,NA,FALSE,976,1004
Visit_12,1080,SUBJ0184,CH03,2028-02-20,NA,FALSE,1066,1094
Visit_13,1170,SUBJ0184,CH03,2028-05-20,NA,FALSE,1156,1184
End_of_Study,1080,SUBJ0184,CH03,2028-02-20,NA,FALSE,1066,1094
Safety_Followup,1170,SUBJ0184,CH03,2028-05-20,NA,FALSE,1156,1184
Screening,-7,SUBJ0185,CH13,2025-02-14,2025-02-10,TRUE,-21,7
Enrollment,0,SUBJ0185,CH13,2025-02-21,2025-02-21,TRUE,-14,14
Visit_1,90,SUBJ0185,CH13,2025-05-22,2025-05-23,TRUE,76,104
Visit_2,180,SUBJ0185,CH13,2025-08-20,2025-08-24,TRUE,166,194
Visit_3,270,SUBJ0185,CH13,2025-11-18,2025-11-17,TRUE,256,284
Visit_4,360,SUBJ0185,CH13,2026-02-16,2026-02-12,TRUE,346,374
Visit_5,450,SUBJ0185,CH13,2026-05-17,2026-05-20,TRUE,436,464
Visit_6,540,SUBJ0185,CH13,2026-08-15,2026-08-16,TRUE,526,554
Visit_7,630,SUBJ0185,CH13,2026-11-13,2026-11-10,TRUE,616,644
Visit_8,720,SUBJ0185,CH13,2027-02-11,2027-02-09,TRUE,706,734
Visit_9,810,SUBJ0185,CH13,2027-05-12,2027-05-12,TRUE,796,824
Visit_10,900,SUBJ0185,CH13,2027-08-10,2027-08-04,TRUE,886,914
Visit_11,990,SUBJ0185,CH13,2027-11-08,2027-11-07,TRUE,976,1004
Visit_12,1080,SUBJ0185,CH13,2028-02-06,2028-02-09,TRUE,1066,1094
Visit_13,1170,SUBJ0185,CH13,2028-05-06,2028-05-09,TRUE,1156,1184
End_of_Study,1080,SUBJ0185,CH13,2028-02-06,2028-02-13,TRUE,1066,1094
Safety_Followup,1170,SUBJ0185,CH13,2028-05-06,2028-05-10,TRUE,1156,1184
Screening,-7,SUBJ0186,CH05,2024-12-31,2024-12-28,TRUE,-21,7
Enrollment,0,SUBJ0186,CH05,2025-01-07,2025-01-04,TRUE,-14,14
Visit_1,90,SUBJ0186,CH05,2025-04-07,2025-04-08,TRUE,76,104
Visit_2,180,SUBJ0186,CH05,2025-07-06,2025-07-04,TRUE,166,194
Visit_3,270,SUBJ0186,CH05,2025-10-04,2025-10-08,TRUE,256,284
Visit_4,360,SUBJ0186,CH05,2026-01-02,2026-01-06,TRUE,346,374
Visit_5,450,SUBJ0186,CH05,2026-04-02,2026-04-02,TRUE,436,464
Visit_6,540,SUBJ0186,CH05,2026-07-01,2026-06-28,TRUE,526,554
Visit_7,630,SUBJ0186,CH05,2026-09-29,2026-10-03,TRUE,616,644
Visit_8,720,SUBJ0186,CH05,2026-12-28,2027-01-02,TRUE,706,734
Visit_9,810,SUBJ0186,CH05,2027-03-28,2027-03-21,TRUE,796,824
Visit_10,900,SUBJ0186,CH05,2027-06-26,2027-06-22,TRUE,886,914
Visit_11,990,SUBJ0186,CH05,2027-09-24,2027-09-27,TRUE,976,1004
Visit_12,1080,SUBJ0186,CH05,2027-12-23,2027-12-21,TRUE,1066,1094
Visit_13,1170,SUBJ0186,CH05,2028-03-22,2028-03-26,TRUE,1156,1184
End_of_Study,1080,SUBJ0186,CH05,2027-12-23,2027-12-19,TRUE,1066,1094
Safety_Followup,1170,SUBJ0186,CH05,2028-03-22,2028-03-20,TRUE,1156,1184
Screening,-7,SUBJ0187,CH09,2025-02-03,2025-02-10,TRUE,-21,7
Enrollment,0,SUBJ0187,CH09,2025-02-10,2025-02-05,TRUE,-14,14
Visit_1,90,SUBJ0187,CH09,2025-05-11,2025-05-11,TRUE,76,104
Visit_2,180,SUBJ0187,CH09,2025-08-09,2025-08-05,TRUE,166,194
Visit_3,270,SUBJ0187,CH09,2025-11-07,2025-11-08,TRUE,256,284
Visit_4,360,SUBJ0187,CH09,2026-02-05,NA,FALSE,346,374
Visit_5,450,SUBJ0187,CH09,2026-05-06,NA,FALSE,436,464
Visit_6,540,SUBJ0187,CH09,2026-08-04,NA,FALSE,526,554
Visit_7,630,SUBJ0187,CH09,2026-11-02,NA,FALSE,616,644
Visit_8,720,SUBJ0187,CH09,2027-01-31,NA,FALSE,706,734
Visit_9,810,SUBJ0187,CH09,2027-05-01,NA,FALSE,796,824
Visit_10,900,SUBJ0187,CH09,2027-07-30,NA,FALSE,886,914
Visit_11,990,SUBJ0187,CH09,2027-10-28,NA,FALSE,976,1004
Visit_12,1080,SUBJ0187,CH09,2028-01-26,NA,FALSE,1066,1094
Visit_13,1170,SUBJ0187,CH09,2028-04-25,NA,FALSE,1156,1184
End_of_Study,1080,SUBJ0187,CH09,2028-01-26,NA,FALSE,1066,1094
Safety_Followup,1170,SUBJ0187,CH09,2028-04-25,NA,FALSE,1156,1184
Screening,-7,SUBJ0188,CH03,2025-06-21,2025-06-26,TRUE,-21,7
Enrollment,0,SUBJ0188,CH03,2025-06-28,2025-06-24,TRUE,-14,14
Visit_1,90,SUBJ0188,CH03,2025-09-26,2025-09-22,TRUE,76,104
Visit_2,180,SUBJ0188,CH03,2025-12-25,2025-12-30,TRUE,166,194
Visit_3,270,SUBJ0188,CH03,2026-03-25,2026-03-19,TRUE,256,284
Visit_4,360,SUBJ0188,CH03,2026-06-23,2026-06-21,TRUE,346,374
Visit_5,450,SUBJ0188,CH03,2026-09-21,2026-09-24,TRUE,436,464
Visit_6,540,SUBJ0188,CH03,2026-12-20,2026-12-24,TRUE,526,554
Visit_7,630,SUBJ0188,CH03,2027-03-20,2027-03-19,TRUE,616,644
Visit_8,720,SUBJ0188,CH03,2027-06-18,2027-06-17,TRUE,706,734
Visit_9,810,SUBJ0188,CH03,2027-09-16,2027-09-14,TRUE,796,824
Visit_10,900,SUBJ0188,CH03,2027-12-15,2027-12-14,TRUE,886,914
Visit_11,990,SUBJ0188,CH03,2028-03-14,2028-03-15,TRUE,976,1004
Visit_12,1080,SUBJ0188,CH03,2028-06-12,2028-06-09,TRUE,1066,1094
Visit_13,1170,SUBJ0188,CH03,2028-09-10,2028-09-10,TRUE,1156,1184
End_of_Study,1080,SUBJ0188,CH03,2028-06-12,2028-06-16,TRUE,1066,1094
Safety_Followup,1170,SUBJ0188,CH03,2028-09-10,2028-09-05,TRUE,1156,1184
Screening,-7,SUBJ0189,CH17,2025-03-10,2025-03-11,TRUE,-21,7
Enrollment,0,SUBJ0189,CH17,2025-03-17,2025-03-10,TRUE,-14,14
Visit_1,90,SUBJ0189,CH17,2025-06-15,2025-06-09,TRUE,76,104
Visit_2,180,SUBJ0189,CH17,2025-09-13,2025-09-19,TRUE,166,194
Visit_3,270,SUBJ0189,CH17,2025-12-12,2025-12-14,TRUE,256,284
Visit_4,360,SUBJ0189,CH17,2026-03-12,2026-03-18,TRUE,346,374
Visit_5,450,SUBJ0189,CH17,2026-06-10,2026-06-03,TRUE,436,464
Visit_6,540,SUBJ0189,CH17,2026-09-08,2026-09-09,TRUE,526,554
Visit_7,630,SUBJ0189,CH17,2026-12-07,2026-12-08,TRUE,616,644
Visit_8,720,SUBJ0189,CH17,2027-03-07,2027-03-06,TRUE,706,734
Visit_9,810,SUBJ0189,CH17,2027-06-05,2027-06-09,TRUE,796,824
Visit_10,900,SUBJ0189,CH17,2027-09-03,2027-09-08,TRUE,886,914
Visit_11,990,SUBJ0189,CH17,2027-12-02,2027-11-30,TRUE,976,1004
Visit_12,1080,SUBJ0189,CH17,2028-03-01,2028-02-29,TRUE,1066,1094
Visit_13,1170,SUBJ0189,CH17,2028-05-30,2028-05-31,TRUE,1156,1184
End_of_Study,1080,SUBJ0189,CH17,2028-03-01,2028-03-04,TRUE,1066,1094
Safety_Followup,1170,SUBJ0189,CH17,2028-05-30,2028-05-28,TRUE,1156,1184
Screening,-7,SUBJ0190,IT01,2025-03-16,2025-03-20,TRUE,-21,7
Enrollment,0,SUBJ0190,IT01,2025-03-23,2025-03-16,TRUE,-14,14
Visit_1,90,SUBJ0190,IT01,2025-06-21,2025-06-27,TRUE,76,104
Visit_2,180,SUBJ0190,IT01,2025-09-19,2025-09-26,TRUE,166,194
Visit_3,270,SUBJ0190,IT01,2025-12-18,2025-12-14,TRUE,256,284
Visit_4,360,SUBJ0190,IT01,2026-03-18,2026-03-16,TRUE,346,374
Visit_5,450,SUBJ0190,IT01,2026-06-16,2026-06-22,TRUE,436,464
Visit_6,540,SUBJ0190,IT01,2026-09-14,2026-09-14,TRUE,526,554
Visit_7,630,SUBJ0190,IT01,2026-12-13,2026-12-08,TRUE,616,644
Visit_8,720,SUBJ0190,IT01,2027-03-13,2027-03-16,TRUE,706,734
Visit_9,810,SUBJ0190,IT01,2027-06-11,2027-06-18,TRUE,796,824
Visit_10,900,SUBJ0190,IT01,2027-09-09,2027-09-05,TRUE,886,914
Visit_11,990,SUBJ0190,IT01,2027-12-08,2027-12-13,TRUE,976,1004
Visit_12,1080,SUBJ0190,IT01,2028-03-07,2028-03-05,TRUE,1066,1094
Visit_13,1170,SUBJ0190,IT01,2028-06-05,2028-05-30,TRUE,1156,1184
End_of_Study,1080,SUBJ0190,IT01,2028-03-07,2028-03-10,TRUE,1066,1094
Safety_Followup,1170,SUBJ0190,IT01,2028-06-05,2028-06-10,TRUE,1156,1184
Screening,-7,SUBJ0191,CH09,2025-02-17,2025-02-23,TRUE,-21,7
Enrollment,0,SUBJ0191,CH09,2025-02-24,2025-03-03,TRUE,-14,14
Visit_1,90,SUBJ0191,CH09,2025-05-25,2025-05-30,TRUE,76,104
Visit_2,180,SUBJ0191,CH09,2025-08-23,2025-08-25,TRUE,166,194
Visit_3,270,SUBJ0191,CH09,2025-11-21,2025-11-15,TRUE,256,284
Visit_4,360,SUBJ0191,CH09,2026-02-19,2026-02-19,TRUE,346,374
Visit_5,450,SUBJ0191,CH09,2026-05-20,2026-05-19,TRUE,436,464
Visit_6,540,SUBJ0191,CH09,2026-08-18,2026-08-22,TRUE,526,554
Visit_7,630,SUBJ0191,CH09,2026-11-16,NA,FALSE,616,644
Visit_8,720,SUBJ0191,CH09,2027-02-14,NA,FALSE,706,734
Visit_9,810,SUBJ0191,CH09,2027-05-15,NA,FALSE,796,824
Visit_10,900,SUBJ0191,CH09,2027-08-13,NA,FALSE,886,914
Visit_11,990,SUBJ0191,CH09,2027-11-11,NA,FALSE,976,1004
Visit_12,1080,SUBJ0191,CH09,2028-02-09,NA,FALSE,1066,1094
Visit_13,1170,SUBJ0191,CH09,2028-05-09,NA,FALSE,1156,1184
End_of_Study,1080,SUBJ0191,CH09,2028-02-09,NA,FALSE,1066,1094
Safety_Followup,1170,SUBJ0191,CH09,2028-05-09,NA,FALSE,1156,1184
Screening,-7,SUBJ0192,CH13,2024-12-27,2025-01-02,TRUE,-21,7
Enrollment,0,SUBJ0192,CH13,2025-01-03,2025-01-01,TRUE,-14,14
Visit_1,90,SUBJ0192,CH13,2025-04-03,2025-04-05,TRUE,76,104
Visit_2,180,SUBJ0192,CH13,2025-07-02,2025-07-08,TRUE,166,194
Visit_3,270,SUBJ0192,CH13,2025-09-30,2025-09-26,TRUE,256,284
Visit_4,360,SUBJ0192,CH13,2025-12-29,2025-12-28,TRUE,346,374
Visit_5,450,SUBJ0192,CH13,2026-03-29,2026-03-29,TRUE,436,464
Visit_6,540,SUBJ0192,CH13,2026-06-27,2026-07-04,TRUE,526,554
Visit_7,630,SUBJ0192,CH13,2026-09-25,2026-10-01,TRUE,616,644
Visit_8,720,SUBJ0192,CH13,2026-12-24,2026-12-27,TRUE,706,734
Visit_9,810,SUBJ0192,CH13,2027-03-24,NA,FALSE,796,824
Visit_10,900,SUBJ0192,CH13,2027-06-22,NA,FALSE,886,914
Visit_11,990,SUBJ0192,CH13,2027-09-20,NA,FALSE,976,1004
Visit_12,1080,SUBJ0192,CH13,2027-12-19,NA,FALSE,1066,1094
Visit_13,1170,SUBJ0192,CH13,2028-03-18,NA,FALSE,1156,1184
End_of_Study,1080,SUBJ0192,CH13,2027-12-19,NA,FALSE,1066,1094
Safety_Followup,1170,SUBJ0192,CH13,2028-03-18,NA,FALSE,1156,1184
Screening,-7,SUBJ0193,CH10,2025-05-22,2025-05-23,TRUE,-21,7
Enrollment,0,SUBJ0193,CH10,2025-05-29,2025-06-03,TRUE,-14,14
Visit_1,90,SUBJ0193,CH10,2025-08-27,2025-08-28,TRUE,76,104
Visit_2,180,SUBJ0193,CH10,2025-11-25,2025-11-30,TRUE,166,194
Visit_3,270,SUBJ0193,CH10,2026-02-23,2026-02-26,TRUE,256,284
Visit_4,360,SUBJ0193,CH10,2026-05-24,2026-05-18,TRUE,346,374
Visit_5,450,SUBJ0193,CH10,2026-08-22,2026-08-26,TRUE,436,464
Visit_6,540,SUBJ0193,CH10,2026-11-20,2026-11-18,TRUE,526,554
Visit_7,630,SUBJ0193,CH10,2027-02-18,2027-02-24,TRUE,616,644
Visit_8,720,SUBJ0193,CH10,2027-05-19,2027-05-12,TRUE,706,734
Visit_9,810,SUBJ0193,CH10,2027-08-17,2027-08-11,TRUE,796,824
Visit_10,900,SUBJ0193,CH10,2027-11-15,2027-11-20,TRUE,886,914
Visit_11,990,SUBJ0193,CH10,2028-02-13,2028-02-20,TRUE,976,1004
Visit_12,1080,SUBJ0193,CH10,2028-05-13,2028-05-11,TRUE,1066,1094
Visit_13,1170,SUBJ0193,CH10,2028-08-11,2028-08-12,TRUE,1156,1184
End_of_Study,1080,SUBJ0193,CH10,2028-05-13,2028-05-13,TRUE,1066,1094
Safety_Followup,1170,SUBJ0193,CH10,2028-08-11,2028-08-15,TRUE,1156,1184
Screening,-7,SUBJ0194,CH09,2025-06-19,2025-06-23,TRUE,-21,7
Enrollment,0,SUBJ0194,CH09,2025-06-26,2025-06-26,TRUE,-14,14
Visit_1,90,SUBJ0194,CH09,2025-09-24,2025-09-25,TRUE,76,104
Visit_2,180,SUBJ0194,CH09,2025-12-23,2025-12-22,TRUE,166,194
Visit_3,270,SUBJ0194,CH09,2026-03-23,2026-03-18,TRUE,256,284
Visit_4,360,SUBJ0194,CH09,2026-06-21,2026-06-25,TRUE,346,374
Visit_5,450,SUBJ0194,CH09,2026-09-19,2026-09-19,TRUE,436,464
Visit_6,540,SUBJ0194,CH09,2026-12-18,2026-12-13,TRUE,526,554
Visit_7,630,SUBJ0194,CH09,2027-03-18,2027-03-16,TRUE,616,644
Visit_8,720,SUBJ0194,CH09,2027-06-16,NA,FALSE,706,734
Visit_9,810,SUBJ0194,CH09,2027-09-14,NA,FALSE,796,824
Visit_10,900,SUBJ0194,CH09,2027-12-13,NA,FALSE,886,914
Visit_11,990,SUBJ0194,CH09,2028-03-12,NA,FALSE,976,1004
Visit_12,1080,SUBJ0194,CH09,2028-06-10,NA,FALSE,1066,1094
Visit_13,1170,SUBJ0194,CH09,2028-09-08,NA,FALSE,1156,1184
End_of_Study,1080,SUBJ0194,CH09,2028-06-10,NA,FALSE,1066,1094
Safety_Followup,1170,SUBJ0194,CH09,2028-09-08,NA,FALSE,1156,1184
Screening,-7,SUBJ0195,CH14,2025-06-16,2025-06-21,TRUE,-21,7
Enrollment,0,SUBJ0195,CH14,2025-06-23,2025-06-26,TRUE,-14,14
Visit_1,90,SUBJ0195,CH14,2025-09-21,2025-09-18,TRUE,76,104
Visit_2,180,SUBJ0195,CH14,2025-12-20,2025-12-20,TRUE,166,194
Visit_3,270,SUBJ0195,CH14,2026-03-20,2026-03-14,TRUE,256,284
Visit_4,360,SUBJ0195,CH14,2026-06-18,2026-06-14,TRUE,346,374
Visit_5,450,SUBJ0195,CH14,2026-09-16,2026-09-19,TRUE,436,464
Visit_6,540,SUBJ0195,CH14,2026-12-15,2026-12-20,TRUE,526,554
Visit_7,630,SUBJ0195,CH14,2027-03-15,2027-03-20,TRUE,616,644
Visit_8,720,SUBJ0195,CH14,2027-06-13,2027-06-09,TRUE,706,734
Visit_9,810,SUBJ0195,CH14,2027-09-11,2027-09-13,TRUE,796,824
Visit_10,900,SUBJ0195,CH14,2027-12-10,2027-12-05,TRUE,886,914
Visit_11,990,SUBJ0195,CH14,2028-03-09,2028-03-07,TRUE,976,1004
Visit_12,1080,SUBJ0195,CH14,2028-06-07,2028-06-01,TRUE,1066,1094
Visit_13,1170,SUBJ0195,CH14,2028-09-05,2028-08-30,TRUE,1156,1184
End_of_Study,1080,SUBJ0195,CH14,2028-06-07,2028-06-11,TRUE,1066,1094
Safety_Followup,1170,SUBJ0195,CH14,2028-09-05,2028-09-02,TRUE,1156,1184
Screening,-7,SUBJ0196,CH01,2025-03-03,2025-03-03,TRUE,-21,7
Enrollment,0,SUBJ0196,CH01,2025-03-10,2025-03-05,TRUE,-14,14
Visit_1,90,SUBJ0196,CH01,2025-06-08,2025-06-10,TRUE,76,104
Visit_2,180,SUBJ0196,CH01,2025-09-06,2025-09-06,TRUE,166,194
Visit_3,270,SUBJ0196,CH01,2025-12-05,2025-12-12,TRUE,256,284
Visit_4,360,SUBJ0196,CH01,2026-03-05,2026-03-01,TRUE,346,374
Visit_5,450,SUBJ0196,CH01,2026-06-03,2026-06-10,TRUE,436,464
Visit_6,540,SUBJ0196,CH01,2026-09-01,2026-08-25,TRUE,526,554
Visit_7,630,SUBJ0196,CH01,2026-11-30,2026-11-28,TRUE,616,644
Visit_8,720,SUBJ0196,CH01,2027-02-28,2027-02-27,TRUE,706,734
Visit_9,810,SUBJ0196,CH01,2027-05-29,2027-06-02,TRUE,796,824
Visit_10,900,SUBJ0196,CH01,2027-08-27,2027-08-20,TRUE,886,914
Visit_11,990,SUBJ0196,CH01,2027-11-25,2027-12-01,TRUE,976,1004
Visit_12,1080,SUBJ0196,CH01,2028-02-23,2028-02-22,TRUE,1066,1094
Visit_13,1170,SUBJ0196,CH01,2028-05-23,2028-05-20,TRUE,1156,1184
End_of_Study,1080,SUBJ0196,CH01,2028-02-23,2028-02-26,TRUE,1066,1094
Safety_Followup,1170,SUBJ0196,CH01,2028-05-23,2028-05-24,TRUE,1156,1184
Screening,-7,SUBJ0197,CH08,2025-05-26,2025-05-29,TRUE,-21,7
Enrollment,0,SUBJ0197,CH08,2025-06-02,2025-05-31,TRUE,-14,14
Visit_1,90,SUBJ0197,CH08,2025-08-31,2025-09-06,TRUE,76,104
Visit_2,180,SUBJ0197,CH08,2025-11-29,2025-11-30,TRUE,166,194
Visit_3,270,SUBJ0197,CH08,2026-02-27,2026-03-03,TRUE,256,284
Visit_4,360,SUBJ0197,CH08,2026-05-28,2026-05-24,TRUE,346,374
Visit_5,450,SUBJ0197,CH08,2026-08-26,2026-08-31,TRUE,436,464
Visit_6,540,SUBJ0197,CH08,2026-11-24,2026-11-22,TRUE,526,554
Visit_7,630,SUBJ0197,CH08,2027-02-22,2027-02-26,TRUE,616,644
Visit_8,720,SUBJ0197,CH08,2027-05-23,2027-05-17,TRUE,706,734
Visit_9,810,SUBJ0197,CH08,2027-08-21,2027-08-24,TRUE,796,824
Visit_10,900,SUBJ0197,CH08,2027-11-19,2027-11-17,TRUE,886,914
Visit_11,990,SUBJ0197,CH08,2028-02-17,2028-02-16,TRUE,976,1004
Visit_12,1080,SUBJ0197,CH08,2028-05-17,2028-05-20,TRUE,1066,1094
Visit_13,1170,SUBJ0197,CH08,2028-08-15,2028-08-08,TRUE,1156,1184
End_of_Study,1080,SUBJ0197,CH08,2028-05-17,2028-05-22,TRUE,1066,1094
Safety_Followup,1170,SUBJ0197,CH08,2028-08-15,2028-08-11,TRUE,1156,1184
Screening,-7,SUBJ0198,CH08,2025-02-03,2025-02-03,TRUE,-21,7
Enrollment,0,SUBJ0198,CH08,2025-02-10,2025-02-04,TRUE,-14,14
Visit_1,90,SUBJ0198,CH08,2025-05-11,2025-05-10,TRUE,76,104
Visit_2,180,SUBJ0198,CH08,2025-08-09,2025-08-12,TRUE,166,194
Visit_3,270,SUBJ0198,CH08,2025-11-07,2025-11-09,TRUE,256,284
Visit_4,360,SUBJ0198,CH08,2026-02-05,2026-02-08,TRUE,346,374
Visit_5,450,SUBJ0198,CH08,2026-05-06,2026-05-13,TRUE,436,464
Visit_6,540,SUBJ0198,CH08,2026-08-04,2026-08-04,TRUE,526,554
Visit_7,630,SUBJ0198,CH08,2026-11-02,2026-11-03,TRUE,616,644
Visit_8,720,SUBJ0198,CH08,2027-01-31,2027-01-29,TRUE,706,734
Visit_9,810,SUBJ0198,CH08,2027-05-01,2027-05-05,TRUE,796,824
Visit_10,900,SUBJ0198,CH08,2027-07-30,2027-07-25,TRUE,886,914
Visit_11,990,SUBJ0198,CH08,2027-10-28,2027-10-25,TRUE,976,1004
Visit_12,1080,SUBJ0198,CH08,2028-01-26,2028-01-25,TRUE,1066,1094
Visit_13,1170,SUBJ0198,CH08,2028-04-25,2028-04-28,TRUE,1156,1184
End_of_Study,1080,SUBJ0198,CH08,2028-01-26,2028-01-29,TRUE,1066,1094
Safety_Followup,1170,SUBJ0198,CH08,2028-04-25,2028-04-20,TRUE,1156,1184
Screening,-7,SUBJ0199,CH11,2025-05-25,2025-05-25,TRUE,-21,7
Enrollment,0,SUBJ0199,CH11,2025-06-01,2025-05-25,TRUE,-14,14
Visit_1,90,SUBJ0199,CH11,2025-08-30,2025-09-05,TRUE,76,104
Visit_2,180,SUBJ0199,CH11,2025-11-28,2025-11-23,TRUE,166,194
Visit_3,270,SUBJ0199,CH11,2026-02-26,2026-02-23,TRUE,256,284
Visit_4,360,SUBJ0199,CH11,2026-05-27,2026-06-03,TRUE,346,374
Visit_5,450,SUBJ0199,CH11,2026-08-25,2026-08-21,TRUE,436,464
Visit_6,540,SUBJ0199,CH11,2026-11-23,2026-11-22,TRUE,526,554
Visit_7,630,SUBJ0199,CH11,2027-02-21,2027-02-14,TRUE,616,644
Visit_8,720,SUBJ0199,CH11,2027-05-22,2027-05-17,TRUE,706,734
Visit_9,810,SUBJ0199,CH11,2027-08-20,2027-08-24,TRUE,796,824
Visit_10,900,SUBJ0199,CH11,2027-11-18,2027-11-25,TRUE,886,914
Visit_11,990,SUBJ0199,CH11,2028-02-16,2028-02-16,TRUE,976,1004
Visit_12,1080,SUBJ0199,CH11,2028-05-16,2028-05-20,TRUE,1066,1094
Visit_13,1170,SUBJ0199,CH11,2028-08-14,2028-08-08,TRUE,1156,1184
End_of_Study,1080,SUBJ0199,CH11,2028-05-16,2028-05-20,TRUE,1066,1094
Safety_Followup,1170,SUBJ0199,CH11,2028-08-14,2028-08-08,TRUE,1156,1184
Screening,-7,SUBJ0200,CH08,2025-04-15,2025-04-22,TRUE,-21,7
Enrollment,0,SUBJ0200,CH08,2025-04-22,2025-04-18,TRUE,-14,14
Visit_1,90,SUBJ0200,CH08,2025-07-21,2025-07-15,TRUE,76,104
Visit_2,180,SUBJ0200,CH08,2025-10-19,2025-10-26,TRUE,166,194
Visit_3,270,SUBJ0200,CH08,2026-01-17,2026-01-14,TRUE,256,284
Visit_4,360,SUBJ0200,CH08,2026-04-17,2026-04-10,TRUE,346,374
Visit_5,450,SUBJ0200,CH08,2026-07-16,2026-07-13,TRUE,436,464
Visit_6,540,SUBJ0200,CH08,2026-10-14,2026-10-10,TRUE,526,554
Visit_7,630,SUBJ0200,CH08,2027-01-12,2027-01-12,TRUE,616,644
Visit_8,720,SUBJ0200,CH08,2027-04-12,2027-04-10,TRUE,706,734
Visit_9,810,SUBJ0200,CH08,2027-07-11,2027-07-04,TRUE,796,824
Visit_10,900,SUBJ0200,CH08,2027-10-09,2027-10-04,TRUE,886,914
Visit_11,990,SUBJ0200,CH08,2028-01-07,2028-01-09,TRUE,976,1004
Visit_12,1080,SUBJ0200,CH08,2028-04-06,2028-04-06,TRUE,1066,1094
Visit_13,1170,SUBJ0200,CH08,2028-07-05,2028-07-10,TRUE,1156,1184
End_of_Study,1080,SUBJ0200,CH08,2028-04-06,2028-04-04,TRUE,1066,1094
Safety_Followup,1170,SUBJ0200,CH08,2028-07-05,2028-06-28,TRUE,1156,1184
Screening,-7,SUBJ0201,CH10,2025-04-26,2025-04-23,TRUE,-21,7
Enrollment,0,SUBJ0201,CH10,2025-05-03,2025-04-30,TRUE,-14,14
Visit_1,90,SUBJ0201,CH10,2025-08-01,2025-07-25,TRUE,76,104
Visit_2,180,SUBJ0201,CH10,2025-10-30,2025-10-23,TRUE,166,194
Visit_3,270,SUBJ0201,CH10,2026-01-28,2026-01-24,TRUE,256,284
Visit_4,360,SUBJ0201,CH10,2026-04-28,2026-04-25,TRUE,346,374
Visit_5,450,SUBJ0201,CH10,2026-07-27,2026-07-25,TRUE,436,464
Visit_6,540,SUBJ0201,CH10,2026-10-25,NA,FALSE,526,554
Visit_7,630,SUBJ0201,CH10,2027-01-23,NA,FALSE,616,644
Visit_8,720,SUBJ0201,CH10,2027-04-23,NA,FALSE,706,734
Visit_9,810,SUBJ0201,CH10,2027-07-22,NA,FALSE,796,824
Visit_10,900,SUBJ0201,CH10,2027-10-20,NA,FALSE,886,914
Visit_11,990,SUBJ0201,CH10,2028-01-18,NA,FALSE,976,1004
Visit_12,1080,SUBJ0201,CH10,2028-04-17,NA,FALSE,1066,1094
Visit_13,1170,SUBJ0201,CH10,2028-07-16,NA,FALSE,1156,1184
End_of_Study,1080,SUBJ0201,CH10,2028-04-17,NA,FALSE,1066,1094
Safety_Followup,1170,SUBJ0201,CH10,2028-07-16,NA,FALSE,1156,1184
Screening,-7,SUBJ0202,CH04,2025-02-04,2025-02-11,TRUE,-21,7
Enrollment,0,SUBJ0202,CH04,2025-02-11,2025-02-11,TRUE,-14,14
Visit_1,90,SUBJ0202,CH04,2025-05-12,2025-05-13,TRUE,76,104
Visit_2,180,SUBJ0202,CH04,2025-08-10,2025-08-15,TRUE,166,194
Visit_3,270,SUBJ0202,CH04,2025-11-08,2025-11-05,TRUE,256,284
Visit_4,360,SUBJ0202,CH04,2026-02-06,NA,FALSE,346,374
Visit_5,450,SUBJ0202,CH04,2026-05-07,NA,FALSE,436,464
Visit_6,540,SUBJ0202,CH04,2026-08-05,NA,FALSE,526,554
Visit_7,630,SUBJ0202,CH04,2026-11-03,NA,FALSE,616,644
Visit_8,720,SUBJ0202,CH04,2027-02-01,NA,FALSE,706,734
Visit_9,810,SUBJ0202,CH04,2027-05-02,NA,FALSE,796,824
Visit_10,900,SUBJ0202,CH04,2027-07-31,NA,FALSE,886,914
Visit_11,990,SUBJ0202,CH04,2027-10-29,NA,FALSE,976,1004
Visit_12,1080,SUBJ0202,CH04,2028-01-27,NA,FALSE,1066,1094
Visit_13,1170,SUBJ0202,CH04,2028-04-26,NA,FALSE,1156,1184
End_of_Study,1080,SUBJ0202,CH04,2028-01-27,NA,FALSE,1066,1094
Safety_Followup,1170,SUBJ0202,CH04,2028-04-26,NA,FALSE,1156,1184
Screening,-7,SUBJ0203,CH12,2025-02-23,2025-02-28,TRUE,-21,7
Enrollment,0,SUBJ0203,CH12,2025-03-02,2025-02-25,TRUE,-14,14
Visit_1,90,SUBJ0203,CH12,2025-05-31,2025-05-27,TRUE,76,104
Visit_2,180,SUBJ0203,CH12,2025-08-29,2025-09-04,TRUE,166,194
Visit_3,270,SUBJ0203,CH12,2025-11-27,2025-11-29,TRUE,256,284
Visit_4,360,SUBJ0203,CH12,2026-02-25,2026-02-18,TRUE,346,374
Visit_5,450,SUBJ0203,CH12,2026-05-26,2026-05-24,TRUE,436,464
Visit_6,540,SUBJ0203,CH12,2026-08-24,2026-08-19,TRUE,526,554
Visit_7,630,SUBJ0203,CH12,2026-11-22,2026-11-16,TRUE,616,644
Visit_8,720,SUBJ0203,CH12,2027-02-20,2027-02-15,TRUE,706,734
Visit_9,810,SUBJ0203,CH12,2027-05-21,2027-05-19,TRUE,796,824
Visit_10,900,SUBJ0203,CH12,2027-08-19,2027-08-25,TRUE,886,914
Visit_11,990,SUBJ0203,CH12,2027-11-17,2027-11-20,TRUE,976,1004
Visit_12,1080,SUBJ0203,CH12,2028-02-15,2028-02-17,TRUE,1066,1094
Visit_13,1170,SUBJ0203,CH12,2028-05-15,2028-05-20,TRUE,1156,1184
End_of_Study,1080,SUBJ0203,CH12,2028-02-15,2028-02-12,TRUE,1066,1094
Safety_Followup,1170,SUBJ0203,CH12,2028-05-15,2028-05-20,TRUE,1156,1184
Screening,-7,SUBJ0204,CH05,2025-06-21,2025-06-16,TRUE,-21,7
Enrollment,0,SUBJ0204,CH05,2025-06-28,2025-07-05,TRUE,-14,14
Visit_1,90,SUBJ0204,CH05,2025-09-26,2025-09-20,TRUE,76,104
Visit_2,180,SUBJ0204,CH05,2025-12-25,2025-12-24,TRUE,166,194
Visit_3,270,SUBJ0204,CH05,2026-03-25,2026-03-25,TRUE,256,284
Visit_4,360,SUBJ0204,CH05,2026-06-23,2026-06-26,TRUE,346,374
Visit_5,450,SUBJ0204,CH05,2026-09-21,2026-09-15,TRUE,436,464
Visit_6,540,SUBJ0204,CH05,2026-12-20,2026-12-18,TRUE,526,554
Visit_7,630,SUBJ0204,CH05,2027-03-20,2027-03-25,TRUE,616,644
Visit_8,720,SUBJ0204,CH05,2027-06-18,2027-06-20,TRUE,706,734
Visit_9,810,SUBJ0204,CH05,2027-09-16,2027-09-23,TRUE,796,824
Visit_10,900,SUBJ0204,CH05,2027-12-15,2027-12-13,TRUE,886,914
Visit_11,990,SUBJ0204,CH05,2028-03-14,2028-03-20,TRUE,976,1004
Visit_12,1080,SUBJ0204,CH05,2028-06-12,2028-06-13,TRUE,1066,1094
Visit_13,1170,SUBJ0204,CH05,2028-09-10,2028-09-04,TRUE,1156,1184
End_of_Study,1080,SUBJ0204,CH05,2028-06-12,2028-06-19,TRUE,1066,1094
Safety_Followup,1170,SUBJ0204,CH05,2028-09-10,2028-09-03,TRUE,1156,1184
Screening,-7,SUBJ0205,CH04,2025-02-16,2025-02-20,TRUE,-21,7
Enrollment,0,SUBJ0205,CH04,2025-02-23,2025-03-01,TRUE,-14,14
Visit_1,90,SUBJ0205,CH04,2025-05-24,2025-05-24,TRUE,76,104
Visit_2,180,SUBJ0205,CH04,2025-08-22,2025-08-22,TRUE,166,194
Visit_3,270,SUBJ0205,CH04,2025-11-20,2025-11-18,TRUE,256,284
Visit_4,360,SUBJ0205,CH04,2026-02-18,2026-02-16,TRUE,346,374
Visit_5,450,SUBJ0205,CH04,2026-05-19,2026-05-20,TRUE,436,464
Visit_6,540,SUBJ0205,CH04,2026-08-17,2026-08-13,TRUE,526,554
Visit_7,630,SUBJ0205,CH04,2026-11-15,2026-11-16,TRUE,616,644
Visit_8,720,SUBJ0205,CH04,2027-02-13,2027-02-08,TRUE,706,734
Visit_9,810,SUBJ0205,CH04,2027-05-14,2027-05-10,TRUE,796,824
Visit_10,900,SUBJ0205,CH04,2027-08-12,2027-08-16,TRUE,886,914
Visit_11,990,SUBJ0205,CH04,2027-11-10,2027-11-04,TRUE,976,1004
Visit_12,1080,SUBJ0205,CH04,2028-02-08,2028-02-02,TRUE,1066,1094
Visit_13,1170,SUBJ0205,CH04,2028-05-08,2028-05-14,TRUE,1156,1184
End_of_Study,1080,SUBJ0205,CH04,2028-02-08,2028-02-01,TRUE,1066,1094
Safety_Followup,1170,SUBJ0205,CH04,2028-05-08,2028-05-06,TRUE,1156,1184
Screening,-7,SUBJ0206,CH09,2025-01-16,2025-01-12,TRUE,-21,7
Enrollment,0,SUBJ0206,CH09,2025-01-23,2025-01-27,TRUE,-14,14
Visit_1,90,SUBJ0206,CH09,2025-04-23,2025-04-30,TRUE,76,104
Visit_2,180,SUBJ0206,CH09,2025-07-22,2025-07-29,TRUE,166,194
Visit_3,270,SUBJ0206,CH09,2025-10-20,2025-10-13,TRUE,256,284
Visit_4,360,SUBJ0206,CH09,2026-01-18,2026-01-11,TRUE,346,374
Visit_5,450,SUBJ0206,CH09,2026-04-18,2026-04-19,TRUE,436,464
Visit_6,540,SUBJ0206,CH09,2026-07-17,2026-07-19,TRUE,526,554
Visit_7,630,SUBJ0206,CH09,2026-10-15,2026-10-18,TRUE,616,644
Visit_8,720,SUBJ0206,CH09,2027-01-13,2027-01-16,TRUE,706,734
Visit_9,810,SUBJ0206,CH09,2027-04-13,2027-04-18,TRUE,796,824
Visit_10,900,SUBJ0206,CH09,2027-07-12,2027-07-11,TRUE,886,914
Visit_11,990,SUBJ0206,CH09,2027-10-10,2027-10-07,TRUE,976,1004
Visit_12,1080,SUBJ0206,CH09,2028-01-08,2028-01-08,TRUE,1066,1094
Visit_13,1170,SUBJ0206,CH09,2028-04-07,2028-04-02,TRUE,1156,1184
End_of_Study,1080,SUBJ0206,CH09,2028-01-08,2028-01-11,TRUE,1066,1094
Safety_Followup,1170,SUBJ0206,CH09,2028-04-07,2028-04-01,TRUE,1156,1184
Screening,-7,SUBJ0207,CH04,2025-01-08,2025-01-02,TRUE,-21,7
Enrollment,0,SUBJ0207,CH04,2025-01-15,2025-01-13,TRUE,-14,14
Visit_1,90,SUBJ0207,CH04,2025-04-15,2025-04-21,TRUE,76,104
Visit_2,180,SUBJ0207,CH04,2025-07-14,2025-07-18,TRUE,166,194
Visit_3,270,SUBJ0207,CH04,2025-10-12,2025-10-07,TRUE,256,284
Visit_4,360,SUBJ0207,CH04,2026-01-10,2026-01-09,TRUE,346,374
Visit_5,450,SUBJ0207,CH04,2026-04-10,2026-04-13,TRUE,436,464
Visit_6,540,SUBJ0207,CH04,2026-07-09,2026-07-11,TRUE,526,554
Visit_7,630,SUBJ0207,CH04,2026-10-07,2026-10-12,TRUE,616,644
Visit_8,720,SUBJ0207,CH04,2027-01-05,2027-01-08,TRUE,706,734
Visit_9,810,SUBJ0207,CH04,2027-04-05,2027-04-11,TRUE,796,824
Visit_10,900,SUBJ0207,CH04,2027-07-04,2027-06-28,TRUE,886,914
Visit_11,990,SUBJ0207,CH04,2027-10-02,2027-10-03,TRUE,976,1004
Visit_12,1080,SUBJ0207,CH04,2027-12-31,2028-01-05,TRUE,1066,1094
Visit_13,1170,SUBJ0207,CH04,2028-03-30,2028-03-23,TRUE,1156,1184
End_of_Study,1080,SUBJ0207,CH04,2027-12-31,2028-01-04,TRUE,1066,1094
Safety_Followup,1170,SUBJ0207,CH04,2028-03-30,2028-03-30,TRUE,1156,1184
Screening,-7,SUBJ0208,CH03,2025-04-22,2025-04-23,TRUE,-21,7
Enrollment,0,SUBJ0208,CH03,2025-04-29,2025-05-01,TRUE,-14,14
Visit_1,90,SUBJ0208,CH03,2025-07-28,2025-07-30,TRUE,76,104
Visit_2,180,SUBJ0208,CH03,2025-10-26,2025-11-01,TRUE,166,194
Visit_3,270,SUBJ0208,CH03,2026-01-24,2026-01-29,TRUE,256,284
Visit_4,360,SUBJ0208,CH03,2026-04-24,2026-04-25,TRUE,346,374
Visit_5,450,SUBJ0208,CH03,2026-07-23,2026-07-26,TRUE,436,464
Visit_6,540,SUBJ0208,CH03,2026-10-21,2026-10-21,TRUE,526,554
Visit_7,630,SUBJ0208,CH03,2027-01-19,2027-01-25,TRUE,616,644
Visit_8,720,SUBJ0208,CH03,2027-04-19,2027-04-19,TRUE,706,734
Visit_9,810,SUBJ0208,CH03,2027-07-18,2027-07-11,TRUE,796,824
Visit_10,900,SUBJ0208,CH03,2027-10-16,2027-10-09,TRUE,886,914
Visit_11,990,SUBJ0208,CH03,2028-01-14,2028-01-10,TRUE,976,1004
Visit_12,1080,SUBJ0208,CH03,2028-04-13,2028-04-17,TRUE,1066,1094
Visit_13,1170,SUBJ0208,CH03,2028-07-12,2028-07-12,TRUE,1156,1184
End_of_Study,1080,SUBJ0208,CH03,2028-04-13,2028-04-14,TRUE,1066,1094
Safety_Followup,1170,SUBJ0208,CH03,2028-07-12,2028-07-11,TRUE,1156,1184
Screening,-7,SUBJ0209,DE01,2025-06-11,2025-06-08,TRUE,-21,7
Enrollment,0,SUBJ0209,DE01,2025-06-18,2025-06-12,TRUE,-14,14
Visit_1,90,SUBJ0209,DE01,2025-09-16,2025-09-23,TRUE,76,104
Visit_2,180,SUBJ0209,DE01,2025-12-15,2025-12-22,TRUE,166,194
Visit_3,270,SUBJ0209,DE01,2026-03-15,2026-03-19,TRUE,256,284
Visit_4,360,SUBJ0209,DE01,2026-06-13,2026-06-08,TRUE,346,374
Visit_5,450,SUBJ0209,DE01,2026-09-11,2026-09-07,TRUE,436,464
Visit_6,540,SUBJ0209,DE01,2026-12-10,2026-12-07,TRUE,526,554
Visit_7,630,SUBJ0209,DE01,2027-03-10,2027-03-12,TRUE,616,644
Visit_8,720,SUBJ0209,DE01,2027-06-08,2027-06-12,TRUE,706,734
Visit_9,810,SUBJ0209,DE01,2027-09-06,2027-09-05,TRUE,796,824
Visit_10,900,SUBJ0209,DE01,2027-12-05,2027-12-05,TRUE,886,914
Visit_11,990,SUBJ0209,DE01,2028-03-04,2028-02-28,TRUE,976,1004
Visit_12,1080,SUBJ0209,DE01,2028-06-02,2028-06-07,TRUE,1066,1094
Visit_13,1170,SUBJ0209,DE01,2028-08-31,2028-09-07,TRUE,1156,1184
End_of_Study,1080,SUBJ0209,DE01,2028-06-02,2028-05-26,TRUE,1066,1094
Safety_Followup,1170,SUBJ0209,DE01,2028-08-31,2028-08-27,TRUE,1156,1184
Screening,-7,SUBJ0210,CH05,2025-06-16,2025-06-12,TRUE,-21,7
Enrollment,0,SUBJ0210,CH05,2025-06-23,2025-06-16,TRUE,-14,14
Visit_1,90,SUBJ0210,CH05,2025-09-21,2025-09-15,TRUE,76,104
Visit_2,180,SUBJ0210,CH05,2025-12-20,2025-12-27,TRUE,166,194
Visit_3,270,SUBJ0210,CH05,2026-03-20,2026-03-20,TRUE,256,284
Visit_4,360,SUBJ0210,CH05,2026-06-18,2026-06-24,TRUE,346,374
Visit_5,450,SUBJ0210,CH05,2026-09-16,2026-09-20,TRUE,436,464
Visit_6,540,SUBJ0210,CH05,2026-12-15,2026-12-11,TRUE,526,554
Visit_7,630,SUBJ0210,CH05,2027-03-15,2027-03-16,TRUE,616,644
Visit_8,720,SUBJ0210,CH05,2027-06-13,2027-06-20,TRUE,706,734
Visit_9,810,SUBJ0210,CH05,2027-09-11,2027-09-15,TRUE,796,824
Visit_10,900,SUBJ0210,CH05,2027-12-10,2027-12-04,TRUE,886,914
Visit_11,990,SUBJ0210,CH05,2028-03-09,2028-03-11,TRUE,976,1004
Visit_12,1080,SUBJ0210,CH05,2028-06-07,2028-06-03,TRUE,1066,1094
Visit_13,1170,SUBJ0210,CH05,2028-09-05,2028-09-10,TRUE,1156,1184
End_of_Study,1080,SUBJ0210,CH05,2028-06-07,2028-06-12,TRUE,1066,1094
Safety_Followup,1170,SUBJ0210,CH05,2028-09-05,2028-09-11,TRUE,1156,1184
Screening,-7,SUBJ0211,FR01,2025-03-27,2025-04-02,TRUE,-21,7
Enrollment,0,SUBJ0211,FR01,2025-04-03,2025-03-28,TRUE,-14,14
Visit_1,90,SUBJ0211,FR01,2025-07-02,2025-07-01,TRUE,76,104
Visit_2,180,SUBJ0211,FR01,2025-09-30,2025-10-06,TRUE,166,194
Visit_3,270,SUBJ0211,FR01,2025-12-29,2025-12-29,TRUE,256,284
Visit_4,360,SUBJ0211,FR01,2026-03-29,2026-04-02,TRUE,346,374
Visit_5,450,SUBJ0211,FR01,2026-06-27,2026-06-26,TRUE,436,464
Visit_6,540,SUBJ0211,FR01,2026-09-25,2026-09-30,TRUE,526,554
Visit_7,630,SUBJ0211,FR01,2026-12-24,2026-12-18,TRUE,616,644
Visit_8,720,SUBJ0211,FR01,2027-03-24,2027-03-20,TRUE,706,734
Visit_9,810,SUBJ0211,FR01,2027-06-22,2027-06-24,TRUE,796,824
Visit_10,900,SUBJ0211,FR01,2027-09-20,2027-09-27,TRUE,886,914
Visit_11,990,SUBJ0211,FR01,2027-12-19,2027-12-12,TRUE,976,1004
Visit_12,1080,SUBJ0211,FR01,2028-03-18,2028-03-25,TRUE,1066,1094
Visit_13,1170,SUBJ0211,FR01,2028-06-16,2028-06-12,TRUE,1156,1184
End_of_Study,1080,SUBJ0211,FR01,2028-03-18,2028-03-25,TRUE,1066,1094
Safety_Followup,1170,SUBJ0211,FR01,2028-06-16,2028-06-18,TRUE,1156,1184
Screening,-7,SUBJ0212,CH02,2025-05-28,2025-06-04,TRUE,-21,7
Enrollment,0,SUBJ0212,CH02,2025-06-04,2025-05-28,TRUE,-14,14
Visit_1,90,SUBJ0212,CH02,2025-09-02,2025-09-02,TRUE,76,104
Visit_2,180,SUBJ0212,CH02,2025-12-01,2025-11-27,TRUE,166,194
Visit_3,270,SUBJ0212,CH02,2026-03-01,2026-03-01,TRUE,256,284
Visit_4,360,SUBJ0212,CH02,2026-05-30,2026-05-24,TRUE,346,374
Visit_5,450,SUBJ0212,CH02,2026-08-28,2026-08-23,TRUE,436,464
Visit_6,540,SUBJ0212,CH02,2026-11-26,2026-11-23,TRUE,526,554
Visit_7,630,SUBJ0212,CH02,2027-02-24,2027-02-17,TRUE,616,644
Visit_8,720,SUBJ0212,CH02,2027-05-25,2027-05-30,TRUE,706,734
Visit_9,810,SUBJ0212,CH02,2027-08-23,2027-08-21,TRUE,796,824
Visit_10,900,SUBJ0212,CH02,2027-11-21,2027-11-24,TRUE,886,914
Visit_11,990,SUBJ0212,CH02,2028-02-19,2028-02-16,TRUE,976,1004
Visit_12,1080,SUBJ0212,CH02,2028-05-19,2028-05-20,TRUE,1066,1094
Visit_13,1170,SUBJ0212,CH02,2028-08-17,2028-08-10,TRUE,1156,1184
End_of_Study,1080,SUBJ0212,CH02,2028-05-19,2028-05-24,TRUE,1066,1094
Safety_Followup,1170,SUBJ0212,CH02,2028-08-17,2028-08-17,TRUE,1156,1184
Screening,-7,SUBJ0213,CH04,2025-01-01,2024-12-26,TRUE,-21,7
Enrollment,0,SUBJ0213,CH04,2025-01-08,2025-01-02,TRUE,-14,14
Visit_1,90,SUBJ0213,CH04,2025-04-08,2025-04-07,TRUE,76,104
Visit_2,180,SUBJ0213,CH04,2025-07-07,2025-07-08,TRUE,166,194
Visit_3,270,SUBJ0213,CH04,2025-10-05,2025-10-04,TRUE,256,284
Visit_4,360,SUBJ0213,CH04,2026-01-03,2026-01-08,TRUE,346,374
Visit_5,450,SUBJ0213,CH04,2026-04-03,2026-04-06,TRUE,436,464
Visit_6,540,SUBJ0213,CH04,2026-07-02,2026-07-08,TRUE,526,554
Visit_7,630,SUBJ0213,CH04,2026-09-30,2026-09-27,TRUE,616,644
Visit_8,720,SUBJ0213,CH04,2026-12-29,2026-12-31,TRUE,706,734
Visit_9,810,SUBJ0213,CH04,2027-03-29,2027-03-24,TRUE,796,824
Visit_10,900,SUBJ0213,CH04,2027-06-27,2027-06-28,TRUE,886,914
Visit_11,990,SUBJ0213,CH04,2027-09-25,2027-09-29,TRUE,976,1004
Visit_12,1080,SUBJ0213,CH04,2027-12-24,2027-12-20,TRUE,1066,1094
Visit_13,1170,SUBJ0213,CH04,2028-03-23,2028-03-21,TRUE,1156,1184
End_of_Study,1080,SUBJ0213,CH04,2027-12-24,2027-12-18,TRUE,1066,1094
Safety_Followup,1170,SUBJ0213,CH04,2028-03-23,2028-03-25,TRUE,1156,1184
Screening,-7,SUBJ0214,CH08,2025-03-15,2025-03-21,TRUE,-21,7
Enrollment,0,SUBJ0214,CH08,2025-03-22,2025-03-28,TRUE,-14,14
Visit_1,90,SUBJ0214,CH08,2025-06-20,2025-06-13,TRUE,76,104
Visit_2,180,SUBJ0214,CH08,2025-09-18,2025-09-18,TRUE,166,194
Visit_3,270,SUBJ0214,CH08,2025-12-17,2025-12-22,TRUE,256,284
Visit_4,360,SUBJ0214,CH08,2026-03-17,2026-03-12,TRUE,346,374
Visit_5,450,SUBJ0214,CH08,2026-06-15,2026-06-09,TRUE,436,464
Visit_6,540,SUBJ0214,CH08,2026-09-13,2026-09-07,TRUE,526,554
Visit_7,630,SUBJ0214,CH08,2026-12-12,2026-12-05,TRUE,616,644
Visit_8,720,SUBJ0214,CH08,2027-03-12,2027-03-09,TRUE,706,734
Visit_9,810,SUBJ0214,CH08,2027-06-10,2027-06-10,TRUE,796,824
Visit_10,900,SUBJ0214,CH08,2027-09-08,2027-09-03,TRUE,886,914
Visit_11,990,SUBJ0214,CH08,2027-12-07,2027-12-01,TRUE,976,1004
Visit_12,1080,SUBJ0214,CH08,2028-03-06,2028-03-06,TRUE,1066,1094
Visit_13,1170,SUBJ0214,CH08,2028-06-04,2028-06-07,TRUE,1156,1184
End_of_Study,1080,SUBJ0214,CH08,2028-03-06,2028-03-10,TRUE,1066,1094
Safety_Followup,1170,SUBJ0214,CH08,2028-06-04,2028-05-29,TRUE,1156,1184
Screening,-7,SUBJ0215,CH12,2025-01-22,2025-01-28,TRUE,-21,7
Enrollment,0,SUBJ0215,CH12,2025-01-29,2025-01-27,TRUE,-14,14
Visit_1,90,SUBJ0215,CH12,2025-04-29,2025-05-06,TRUE,76,104
Visit_2,180,SUBJ0215,CH12,2025-07-28,2025-08-01,TRUE,166,194
Visit_3,270,SUBJ0215,CH12,2025-10-26,2025-10-22,TRUE,256,284
Visit_4,360,SUBJ0215,CH12,2026-01-24,2026-01-31,TRUE,346,374
Visit_5,450,SUBJ0215,CH12,2026-04-24,2026-04-17,TRUE,436,464
Visit_6,540,SUBJ0215,CH12,2026-07-23,2026-07-27,TRUE,526,554
Visit_7,630,SUBJ0215,CH12,2026-10-21,2026-10-23,TRUE,616,644
Visit_8,720,SUBJ0215,CH12,2027-01-19,2027-01-24,TRUE,706,734
Visit_9,810,SUBJ0215,CH12,2027-04-19,2027-04-26,TRUE,796,824
Visit_10,900,SUBJ0215,CH12,2027-07-18,2027-07-17,TRUE,886,914
Visit_11,990,SUBJ0215,CH12,2027-10-16,2027-10-11,TRUE,976,1004
Visit_12,1080,SUBJ0215,CH12,2028-01-14,2028-01-14,TRUE,1066,1094
Visit_13,1170,SUBJ0215,CH12,2028-04-13,2028-04-15,TRUE,1156,1184
End_of_Study,1080,SUBJ0215,CH12,2028-01-14,2028-01-14,TRUE,1066,1094
Safety_Followup,1170,SUBJ0215,CH12,2028-04-13,2028-04-09,TRUE,1156,1184
Screening,-7,SUBJ0216,CH06,2025-02-28,2025-03-01,TRUE,-21,7
Enrollment,0,SUBJ0216,CH06,2025-03-07,2025-02-28,TRUE,-14,14
Visit_1,90,SUBJ0216,CH06,2025-06-05,2025-06-12,TRUE,76,104
Visit_2,180,SUBJ0216,CH06,2025-09-03,2025-08-28,TRUE,166,194
Visit_3,270,SUBJ0216,CH06,2025-12-02,2025-11-28,TRUE,256,284
Visit_4,360,SUBJ0216,CH06,2026-03-02,2026-03-09,TRUE,346,374
Visit_5,450,SUBJ0216,CH06,2026-05-31,2026-05-29,TRUE,436,464
Visit_6,540,SUBJ0216,CH06,2026-08-29,2026-09-04,TRUE,526,554
Visit_7,630,SUBJ0216,CH06,2026-11-27,2026-11-22,TRUE,616,644
Visit_8,720,SUBJ0216,CH06,2027-02-25,2027-02-18,TRUE,706,734
Visit_9,810,SUBJ0216,CH06,2027-05-26,2027-05-24,TRUE,796,824
Visit_10,900,SUBJ0216,CH06,2027-08-24,2027-08-31,TRUE,886,914
Visit_11,990,SUBJ0216,CH06,2027-11-22,2027-11-20,TRUE,976,1004
Visit_12,1080,SUBJ0216,CH06,2028-02-20,2028-02-18,TRUE,1066,1094
Visit_13,1170,SUBJ0216,CH06,2028-05-20,2028-05-23,TRUE,1156,1184
End_of_Study,1080,SUBJ0216,CH06,2028-02-20,2028-02-25,TRUE,1066,1094
Safety_Followup,1170,SUBJ0216,CH06,2028-05-20,2028-05-18,TRUE,1156,1184
Screening,-7,SUBJ0217,CH07,2025-01-19,2025-01-14,TRUE,-21,7
Enrollment,0,SUBJ0217,CH07,2025-01-26,2025-01-28,TRUE,-14,14
Visit_1,90,SUBJ0217,CH07,2025-04-26,2025-04-27,TRUE,76,104
Visit_2,180,SUBJ0217,CH07,2025-07-25,2025-07-21,TRUE,166,194
Visit_3,270,SUBJ0217,CH07,2025-10-23,2025-10-23,TRUE,256,284
Visit_4,360,SUBJ0217,CH07,2026-01-21,2026-01-23,TRUE,346,374
Visit_5,450,SUBJ0217,CH07,2026-04-21,2026-04-15,TRUE,436,464
Visit_6,540,SUBJ0217,CH07,2026-07-20,2026-07-19,TRUE,526,554
Visit_7,630,SUBJ0217,CH07,2026-10-18,2026-10-19,TRUE,616,644
Visit_8,720,SUBJ0217,CH07,2027-01-16,2027-01-18,TRUE,706,734
Visit_9,810,SUBJ0217,CH07,2027-04-16,2027-04-09,TRUE,796,824
Visit_10,900,SUBJ0217,CH07,2027-07-15,2027-07-12,TRUE,886,914
Visit_11,990,SUBJ0217,CH07,2027-10-13,2027-10-11,TRUE,976,1004
Visit_12,1080,SUBJ0217,CH07,2028-01-11,2028-01-05,TRUE,1066,1094
Visit_13,1170,SUBJ0217,CH07,2028-04-10,2028-04-17,TRUE,1156,1184
End_of_Study,1080,SUBJ0217,CH07,2028-01-11,2028-01-08,TRUE,1066,1094
Safety_Followup,1170,SUBJ0217,CH07,2028-04-10,2028-04-08,TRUE,1156,1184
Screening,-7,SUBJ0218,CH10,2025-02-15,2025-02-12,TRUE,-21,7
Enrollment,0,SUBJ0218,CH10,2025-02-22,2025-02-26,TRUE,-14,14
Visit_1,90,SUBJ0218,CH10,2025-05-23,2025-05-17,TRUE,76,104
Visit_2,180,SUBJ0218,CH10,2025-08-21,2025-08-26,TRUE,166,194
Visit_3,270,SUBJ0218,CH10,2025-11-19,2025-11-15,TRUE,256,284
Visit_4,360,SUBJ0218,CH10,2026-02-17,2026-02-12,TRUE,346,374
Visit_5,450,SUBJ0218,CH10,2026-05-18,2026-05-18,TRUE,436,464
Visit_6,540,SUBJ0218,CH10,2026-08-16,2026-08-19,TRUE,526,554
Visit_7,630,SUBJ0218,CH10,2026-11-14,2026-11-16,TRUE,616,644
Visit_8,720,SUBJ0218,CH10,2027-02-12,2027-02-14,TRUE,706,734
Visit_9,810,SUBJ0218,CH10,2027-05-13,2027-05-09,TRUE,796,824
Visit_10,900,SUBJ0218,CH10,2027-08-11,2027-08-04,TRUE,886,914
Visit_11,990,SUBJ0218,CH10,2027-11-09,2027-11-14,TRUE,976,1004
Visit_12,1080,SUBJ0218,CH10,2028-02-07,2028-02-14,TRUE,1066,1094
Visit_13,1170,SUBJ0218,CH10,2028-05-07,2028-05-11,TRUE,1156,1184
End_of_Study,1080,SUBJ0218,CH10,2028-02-07,2028-02-06,TRUE,1066,1094
Safety_Followup,1170,SUBJ0218,CH10,2028-05-07,2028-05-12,TRUE,1156,1184
Screening,-7,SUBJ0219,CH09,2025-06-16,2025-06-14,TRUE,-21,7
Enrollment,0,SUBJ0219,CH09,2025-06-23,2025-06-29,TRUE,-14,14
Visit_1,90,SUBJ0219,CH09,2025-09-21,2025-09-21,TRUE,76,104
Visit_2,180,SUBJ0219,CH09,2025-12-20,2025-12-13,TRUE,166,194
Visit_3,270,SUBJ0219,CH09,2026-03-20,2026-03-13,TRUE,256,284
Visit_4,360,SUBJ0219,CH09,2026-06-18,2026-06-11,TRUE,346,374
Visit_5,450,SUBJ0219,CH09,2026-09-16,2026-09-09,TRUE,436,464
Visit_6,540,SUBJ0219,CH09,2026-12-15,2026-12-10,TRUE,526,554
Visit_7,630,SUBJ0219,CH09,2027-03-15,2027-03-19,TRUE,616,644
Visit_8,720,SUBJ0219,CH09,2027-06-13,2027-06-14,TRUE,706,734
Visit_9,810,SUBJ0219,CH09,2027-09-11,2027-09-16,TRUE,796,824
Visit_10,900,SUBJ0219,CH09,2027-12-10,2027-12-13,TRUE,886,914
Visit_11,990,SUBJ0219,CH09,2028-03-09,2028-03-14,TRUE,976,1004
Visit_12,1080,SUBJ0219,CH09,2028-06-07,2028-05-31,TRUE,1066,1094
Visit_13,1170,SUBJ0219,CH09,2028-09-05,2028-09-04,TRUE,1156,1184
End_of_Study,1080,SUBJ0219,CH09,2028-06-07,2028-06-06,TRUE,1066,1094
Safety_Followup,1170,SUBJ0219,CH09,2028-09-05,2028-09-03,TRUE,1156,1184
Screening,-7,SUBJ0220,CH08,2025-01-01,2024-12-29,TRUE,-21,7
Enrollment,0,SUBJ0220,CH08,2025-01-08,2025-01-03,TRUE,-14,14
Visit_1,90,SUBJ0220,CH08,2025-04-08,2025-04-02,TRUE,76,104
Visit_2,180,SUBJ0220,CH08,2025-07-07,2025-06-30,TRUE,166,194
Visit_3,270,SUBJ0220,CH08,2025-10-05,2025-10-02,TRUE,256,284
Visit_4,360,SUBJ0220,CH08,2026-01-03,2025-12-29,TRUE,346,374
Visit_5,450,SUBJ0220,CH08,2026-04-03,2026-04-08,TRUE,436,464
Visit_6,540,SUBJ0220,CH08,2026-07-02,2026-06-27,TRUE,526,554
Visit_7,630,SUBJ0220,CH08,2026-09-30,2026-09-28,TRUE,616,644
Visit_8,720,SUBJ0220,CH08,2026-12-29,2026-12-23,TRUE,706,734
Visit_9,810,SUBJ0220,CH08,2027-03-29,2027-04-02,TRUE,796,824
Visit_10,900,SUBJ0220,CH08,2027-06-27,2027-07-03,TRUE,886,914
Visit_11,990,SUBJ0220,CH08,2027-09-25,2027-09-30,TRUE,976,1004
Visit_12,1080,SUBJ0220,CH08,2027-12-24,2027-12-20,TRUE,1066,1094
Visit_13,1170,SUBJ0220,CH08,2028-03-23,2028-03-25,TRUE,1156,1184
End_of_Study,1080,SUBJ0220,CH08,2027-12-24,2027-12-23,TRUE,1066,1094
Safety_Followup,1170,SUBJ0220,CH08,2028-03-23,2028-03-25,TRUE,1156,1184
Screening,-7,SUBJ0221,CH07,2025-03-29,2025-03-24,TRUE,-21,7
Enrollment,0,SUBJ0221,CH07,2025-04-05,2025-04-09,TRUE,-14,14
Visit_1,90,SUBJ0221,CH07,2025-07-04,2025-06-28,TRUE,76,104
Visit_2,180,SUBJ0221,CH07,2025-10-02,2025-10-02,TRUE,166,194
Visit_3,270,SUBJ0221,CH07,2025-12-31,2026-01-01,TRUE,256,284
Visit_4,360,SUBJ0221,CH07,2026-03-31,2026-03-28,TRUE,346,374
Visit_5,450,SUBJ0221,CH07,2026-06-29,2026-06-27,TRUE,436,464
Visit_6,540,SUBJ0221,CH07,2026-09-27,2026-10-04,TRUE,526,554
Visit_7,630,SUBJ0221,CH07,2026-12-26,2026-12-29,TRUE,616,644
Visit_8,720,SUBJ0221,CH07,2027-03-26,2027-04-02,TRUE,706,734
Visit_9,810,SUBJ0221,CH07,2027-06-24,2027-06-28,TRUE,796,824
Visit_10,900,SUBJ0221,CH07,2027-09-22,2027-09-29,TRUE,886,914
Visit_11,990,SUBJ0221,CH07,2027-12-21,2027-12-25,TRUE,976,1004
Visit_12,1080,SUBJ0221,CH07,2028-03-20,2028-03-18,TRUE,1066,1094
Visit_13,1170,SUBJ0221,CH07,2028-06-18,2028-06-21,TRUE,1156,1184
End_of_Study,1080,SUBJ0221,CH07,2028-03-20,2028-03-27,TRUE,1066,1094
Safety_Followup,1170,SUBJ0221,CH07,2028-06-18,2028-06-21,TRUE,1156,1184
Screening,-7,SUBJ0222,CH03,2025-05-31,2025-06-01,TRUE,-21,7
Enrollment,0,SUBJ0222,CH03,2025-06-07,2025-06-04,TRUE,-14,14
Visit_1,90,SUBJ0222,CH03,2025-09-05,2025-09-06,TRUE,76,104
Visit_2,180,SUBJ0222,CH03,2025-12-04,2025-11-29,TRUE,166,194
Visit_3,270,SUBJ0222,CH03,2026-03-04,2026-02-25,TRUE,256,284
Visit_4,360,SUBJ0222,CH03,2026-06-02,2026-06-09,TRUE,346,374
Visit_5,450,SUBJ0222,CH03,2026-08-31,2026-09-07,TRUE,436,464
Visit_6,540,SUBJ0222,CH03,2026-11-29,2026-12-04,TRUE,526,554
Visit_7,630,SUBJ0222,CH03,2027-02-27,2027-02-27,TRUE,616,644
Visit_8,720,SUBJ0222,CH03,2027-05-28,2027-06-03,TRUE,706,734
Visit_9,810,SUBJ0222,CH03,2027-08-26,2027-08-24,TRUE,796,824
Visit_10,900,SUBJ0222,CH03,2027-11-24,2027-11-21,TRUE,886,914
Visit_11,990,SUBJ0222,CH03,2028-02-22,2028-02-23,TRUE,976,1004
Visit_12,1080,SUBJ0222,CH03,2028-05-22,2028-05-26,TRUE,1066,1094
Visit_13,1170,SUBJ0222,CH03,2028-08-20,2028-08-20,TRUE,1156,1184
End_of_Study,1080,SUBJ0222,CH03,2028-05-22,2028-05-25,TRUE,1066,1094
Safety_Followup,1170,SUBJ0222,CH03,2028-08-20,2028-08-23,TRUE,1156,1184
Screening,-7,SUBJ0223,CH04,2025-03-21,2025-03-26,TRUE,-21,7
Enrollment,0,SUBJ0223,CH04,2025-03-28,2025-03-30,TRUE,-14,14
Visit_1,90,SUBJ0223,CH04,2025-06-26,2025-06-22,TRUE,76,104
Visit_2,180,SUBJ0223,CH04,2025-09-24,2025-09-20,TRUE,166,194
Visit_3,270,SUBJ0223,CH04,2025-12-23,2025-12-17,TRUE,256,284
Visit_4,360,SUBJ0223,CH04,2026-03-23,2026-03-18,TRUE,346,374
Visit_5,450,SUBJ0223,CH04,2026-06-21,2026-06-23,TRUE,436,464
Visit_6,540,SUBJ0223,CH04,2026-09-19,2026-09-13,TRUE,526,554
Visit_7,630,SUBJ0223,CH04,2026-12-18,2026-12-12,TRUE,616,644
Visit_8,720,SUBJ0223,CH04,2027-03-18,2027-03-24,TRUE,706,734
Visit_9,810,SUBJ0223,CH04,2027-06-16,2027-06-20,TRUE,796,824
Visit_10,900,SUBJ0223,CH04,2027-09-14,2027-09-21,TRUE,886,914
Visit_11,990,SUBJ0223,CH04,2027-12-13,2027-12-16,TRUE,976,1004
Visit_12,1080,SUBJ0223,CH04,2028-03-12,2028-03-13,TRUE,1066,1094
Visit_13,1170,SUBJ0223,CH04,2028-06-10,2028-06-16,TRUE,1156,1184
End_of_Study,1080,SUBJ0223,CH04,2028-03-12,2028-03-07,TRUE,1066,1094
Safety_Followup,1170,SUBJ0223,CH04,2028-06-10,2028-06-17,TRUE,1156,1184
Screening,-7,SUBJ0224,CH12,2025-03-17,2025-03-16,TRUE,-21,7
Enrollment,0,SUBJ0224,CH12,2025-03-24,2025-03-17,TRUE,-14,14
Visit_1,90,SUBJ0224,CH12,2025-06-22,2025-06-24,TRUE,76,104
Visit_2,180,SUBJ0224,CH12,2025-09-20,2025-09-24,TRUE,166,194
Visit_3,270,SUBJ0224,CH12,2025-12-19,2025-12-24,TRUE,256,284
Visit_4,360,SUBJ0224,CH12,2026-03-19,2026-03-17,TRUE,346,374
Visit_5,450,SUBJ0224,CH12,2026-06-17,2026-06-20,TRUE,436,464
Visit_6,540,SUBJ0224,CH12,2026-09-15,2026-09-08,TRUE,526,554
Visit_7,630,SUBJ0224,CH12,2026-12-14,2026-12-09,TRUE,616,644
Visit_8,720,SUBJ0224,CH12,2027-03-14,2027-03-20,TRUE,706,734
Visit_9,810,SUBJ0224,CH12,2027-06-12,2027-06-19,TRUE,796,824
Visit_10,900,SUBJ0224,CH12,2027-09-10,2027-09-05,TRUE,886,914
Visit_11,990,SUBJ0224,CH12,2027-12-09,2027-12-03,TRUE,976,1004
Visit_12,1080,SUBJ0224,CH12,2028-03-08,2028-03-12,TRUE,1066,1094
Visit_13,1170,SUBJ0224,CH12,2028-06-06,2028-06-01,TRUE,1156,1184
End_of_Study,1080,SUBJ0224,CH12,2028-03-08,2028-03-09,TRUE,1066,1094
Safety_Followup,1170,SUBJ0224,CH12,2028-06-06,2028-06-10,TRUE,1156,1184
Screening,-7,SUBJ0225,CH13,2025-04-27,2025-04-23,TRUE,-21,7
Enrollment,0,SUBJ0225,CH13,2025-05-04,2025-04-27,TRUE,-14,14
Visit_1,90,SUBJ0225,CH13,2025-08-02,2025-07-26,TRUE,76,104
Visit_2,180,SUBJ0225,CH13,2025-10-31,2025-11-04,TRUE,166,194
Visit_3,270,SUBJ0225,CH13,2026-01-29,2026-02-01,TRUE,256,284
Visit_4,360,SUBJ0225,CH13,2026-04-29,2026-05-06,TRUE,346,374
Visit_5,450,SUBJ0225,CH13,2026-07-28,2026-07-23,TRUE,436,464
Visit_6,540,SUBJ0225,CH13,2026-10-26,2026-10-19,TRUE,526,554
Visit_7,630,SUBJ0225,CH13,2027-01-24,2027-01-24,TRUE,616,644
Visit_8,720,SUBJ0225,CH13,2027-04-24,2027-04-27,TRUE,706,734
Visit_9,810,SUBJ0225,CH13,2027-07-23,2027-07-23,TRUE,796,824
Visit_10,900,SUBJ0225,CH13,2027-10-21,2027-10-24,TRUE,886,914
Visit_11,990,SUBJ0225,CH13,2028-01-19,2028-01-13,TRUE,976,1004
Visit_12,1080,SUBJ0225,CH13,2028-04-18,2028-04-21,TRUE,1066,1094
Visit_13,1170,SUBJ0225,CH13,2028-07-17,2028-07-14,TRUE,1156,1184
End_of_Study,1080,SUBJ0225,CH13,2028-04-18,2028-04-18,TRUE,1066,1094
Safety_Followup,1170,SUBJ0225,CH13,2028-07-17,2028-07-19,TRUE,1156,1184
Screening,-7,SUBJ0226,CH05,2025-01-15,2025-01-14,TRUE,-21,7
Enrollment,0,SUBJ0226,CH05,2025-01-22,2025-01-27,TRUE,-14,14
Visit_1,90,SUBJ0226,CH05,2025-04-22,2025-04-15,TRUE,76,104
Visit_2,180,SUBJ0226,CH05,2025-07-21,2025-07-18,TRUE,166,194
Visit_3,270,SUBJ0226,CH05,2025-10-19,2025-10-12,TRUE,256,284
Visit_4,360,SUBJ0226,CH05,2026-01-17,2026-01-17,TRUE,346,374
Visit_5,450,SUBJ0226,CH05,2026-04-17,2026-04-13,TRUE,436,464
Visit_6,540,SUBJ0226,CH05,2026-07-16,NA,FALSE,526,554
Visit_7,630,SUBJ0226,CH05,2026-10-14,NA,FALSE,616,644
Visit_8,720,SUBJ0226,CH05,2027-01-12,NA,FALSE,706,734
Visit_9,810,SUBJ0226,CH05,2027-04-12,NA,FALSE,796,824
Visit_10,900,SUBJ0226,CH05,2027-07-11,NA,FALSE,886,914
Visit_11,990,SUBJ0226,CH05,2027-10-09,NA,FALSE,976,1004
Visit_12,1080,SUBJ0226,CH05,2028-01-07,NA,FALSE,1066,1094
Visit_13,1170,SUBJ0226,CH05,2028-04-06,NA,FALSE,1156,1184
End_of_Study,1080,SUBJ0226,CH05,2028-01-07,NA,FALSE,1066,1094
Safety_Followup,1170,SUBJ0226,CH05,2028-04-06,NA,FALSE,1156,1184
Screening,-7,SUBJ0227,FR02,2025-04-19,2025-04-25,TRUE,-21,7
Enrollment,0,SUBJ0227,FR02,2025-04-26,2025-05-02,TRUE,-14,14
Visit_1,90,SUBJ0227,FR02,2025-07-25,2025-07-25,TRUE,76,104
Visit_2,180,SUBJ0227,FR02,2025-10-23,2025-10-22,TRUE,166,194
Visit_3,270,SUBJ0227,FR02,2026-01-21,2026-01-25,TRUE,256,284
Visit_4,360,SUBJ0227,FR02,2026-04-21,2026-04-15,TRUE,346,374
Visit_5,450,SUBJ0227,FR02,2026-07-20,2026-07-14,TRUE,436,464
Visit_6,540,SUBJ0227,FR02,2026-10-18,2026-10-13,TRUE,526,554
Visit_7,630,SUBJ0227,FR02,2027-01-16,2027-01-19,TRUE,616,644
Visit_8,720,SUBJ0227,FR02,2027-04-16,2027-04-18,TRUE,706,734
Visit_9,810,SUBJ0227,FR02,2027-07-15,2027-07-14,TRUE,796,824
Visit_10,900,SUBJ0227,FR02,2027-10-13,2027-10-08,TRUE,886,914
Visit_11,990,SUBJ0227,FR02,2028-01-11,2028-01-14,TRUE,976,1004
Visit_12,1080,SUBJ0227,FR02,2028-04-10,2028-04-07,TRUE,1066,1094
Visit_13,1170,SUBJ0227,FR02,2028-07-09,2028-07-10,TRUE,1156,1184
End_of_Study,1080,SUBJ0227,FR02,2028-04-10,2028-04-06,TRUE,1066,1094
Safety_Followup,1170,SUBJ0227,FR02,2028-07-09,2028-07-03,TRUE,1156,1184
Screening,-7,SUBJ0228,CH03,2025-02-05,2025-01-29,TRUE,-21,7
Enrollment,0,SUBJ0228,CH03,2025-02-12,2025-02-07,TRUE,-14,14
Visit_1,90,SUBJ0228,CH03,2025-05-13,2025-05-11,TRUE,76,104
Visit_2,180,SUBJ0228,CH03,2025-08-11,2025-08-15,TRUE,166,194
Visit_3,270,SUBJ0228,CH03,2025-11-09,2025-11-15,TRUE,256,284
Visit_4,360,SUBJ0228,CH03,2026-02-07,2026-01-31,TRUE,346,374
Visit_5,450,SUBJ0228,CH03,2026-05-08,2026-05-14,TRUE,436,464
Visit_6,540,SUBJ0228,CH03,2026-08-06,2026-08-07,TRUE,526,554
Visit_7,630,SUBJ0228,CH03,2026-11-04,2026-11-05,TRUE,616,644
Visit_8,720,SUBJ0228,CH03,2027-02-02,2027-01-26,TRUE,706,734
Visit_9,810,SUBJ0228,CH03,2027-05-03,2027-04-28,TRUE,796,824
Visit_10,900,SUBJ0228,CH03,2027-08-01,2027-07-25,TRUE,886,914
Visit_11,990,SUBJ0228,CH03,2027-10-30,2027-10-26,TRUE,976,1004
Visit_12,1080,SUBJ0228,CH03,2028-01-28,2028-02-02,TRUE,1066,1094
Visit_13,1170,SUBJ0228,CH03,2028-04-27,2028-05-01,TRUE,1156,1184
End_of_Study,1080,SUBJ0228,CH03,2028-01-28,2028-01-29,TRUE,1066,1094
Safety_Followup,1170,SUBJ0228,CH03,2028-04-27,2028-04-29,TRUE,1156,1184
Screening,-7,SUBJ0229,CH16,2025-05-11,2025-05-08,TRUE,-21,7
Enrollment,0,SUBJ0229,CH16,2025-05-18,2025-05-22,TRUE,-14,14
Visit_1,90,SUBJ0229,CH16,2025-08-16,2025-08-19,TRUE,76,104
Visit_2,180,SUBJ0229,CH16,2025-11-14,2025-11-09,TRUE,166,194
Visit_3,270,SUBJ0229,CH16,2026-02-12,2026-02-10,TRUE,256,284
Visit_4,360,SUBJ0229,CH16,2026-05-13,2026-05-18,TRUE,346,374
Visit_5,450,SUBJ0229,CH16,2026-08-11,2026-08-13,TRUE,436,464
Visit_6,540,SUBJ0229,CH16,2026-11-09,2026-11-14,TRUE,526,554
Visit_7,630,SUBJ0229,CH16,2027-02-07,2027-02-02,TRUE,616,644
Visit_8,720,SUBJ0229,CH16,2027-05-08,2027-05-08,TRUE,706,734
Visit_9,810,SUBJ0229,CH16,2027-08-06,2027-08-02,TRUE,796,824
Visit_10,900,SUBJ0229,CH16,2027-11-04,2027-11-08,TRUE,886,914
Visit_11,990,SUBJ0229,CH16,2028-02-02,2028-02-05,TRUE,976,1004
Visit_12,1080,SUBJ0229,CH16,2028-05-02,2028-05-06,TRUE,1066,1094
Visit_13,1170,SUBJ0229,CH16,2028-07-31,2028-07-30,TRUE,1156,1184
End_of_Study,1080,SUBJ0229,CH16,2028-05-02,2028-04-25,TRUE,1066,1094
Safety_Followup,1170,SUBJ0229,CH16,2028-07-31,2028-07-24,TRUE,1156,1184
Screening,-7,SUBJ0230,CH05,2025-03-27,2025-04-01,TRUE,-21,7
Enrollment,0,SUBJ0230,CH05,2025-04-03,2025-04-04,TRUE,-14,14
Visit_1,90,SUBJ0230,CH05,2025-07-02,2025-07-05,TRUE,76,104
Visit_2,180,SUBJ0230,CH05,2025-09-30,2025-09-28,TRUE,166,194
Visit_3,270,SUBJ0230,CH05,2025-12-29,2025-12-25,TRUE,256,284
Visit_4,360,SUBJ0230,CH05,2026-03-29,2026-03-25,TRUE,346,374
Visit_5,450,SUBJ0230,CH05,2026-06-27,2026-06-28,TRUE,436,464
Visit_6,540,SUBJ0230,CH05,2026-09-25,2026-09-28,TRUE,526,554
Visit_7,630,SUBJ0230,CH05,2026-12-24,2026-12-31,TRUE,616,644
Visit_8,720,SUBJ0230,CH05,2027-03-24,2027-03-22,TRUE,706,734
Visit_9,810,SUBJ0230,CH05,2027-06-22,2027-06-29,TRUE,796,824
Visit_10,900,SUBJ0230,CH05,2027-09-20,2027-09-13,TRUE,886,914
Visit_11,990,SUBJ0230,CH05,2027-12-19,2027-12-26,TRUE,976,1004
Visit_12,1080,SUBJ0230,CH05,2028-03-18,2028-03-25,TRUE,1066,1094
Visit_13,1170,SUBJ0230,CH05,2028-06-16,2028-06-19,TRUE,1156,1184
End_of_Study,1080,SUBJ0230,CH05,2028-03-18,2028-03-24,TRUE,1066,1094
Safety_Followup,1170,SUBJ0230,CH05,2028-06-16,2028-06-14,TRUE,1156,1184
Screening,-7,SUBJ0231,CH13,2025-06-01,2025-06-08,TRUE,-21,7
Enrollment,0,SUBJ0231,CH13,2025-06-08,2025-06-04,TRUE,-14,14
Visit_1,90,SUBJ0231,CH13,2025-09-06,2025-09-01,TRUE,76,104
Visit_2,180,SUBJ0231,CH13,2025-12-05,2025-11-29,TRUE,166,194
Visit_3,270,SUBJ0231,CH13,2026-03-05,2026-03-01,TRUE,256,284
Visit_4,360,SUBJ0231,CH13,2026-06-03,2026-06-02,TRUE,346,374
Visit_5,450,SUBJ0231,CH13,2026-09-01,2026-08-25,TRUE,436,464
Visit_6,540,SUBJ0231,CH13,2026-11-30,2026-11-27,TRUE,526,554
Visit_7,630,SUBJ0231,CH13,2027-02-28,2027-03-06,TRUE,616,644
Visit_8,720,SUBJ0231,CH13,2027-05-29,2027-05-23,TRUE,706,734
Visit_9,810,SUBJ0231,CH13,2027-08-27,2027-08-21,TRUE,796,824
Visit_10,900,SUBJ0231,CH13,2027-11-25,2027-11-25,TRUE,886,914
Visit_11,990,SUBJ0231,CH13,2028-02-23,2028-02-23,TRUE,976,1004
Visit_12,1080,SUBJ0231,CH13,2028-05-23,2028-05-16,TRUE,1066,1094
Visit_13,1170,SUBJ0231,CH13,2028-08-21,2028-08-19,TRUE,1156,1184
End_of_Study,1080,SUBJ0231,CH13,2028-05-23,2028-05-26,TRUE,1066,1094
Safety_Followup,1170,SUBJ0231,CH13,2028-08-21,2028-08-18,TRUE,1156,1184
Screening,-7,SUBJ0232,CH04,2025-03-12,2025-03-16,TRUE,-21,7
Enrollment,0,SUBJ0232,CH04,2025-03-19,2025-03-25,TRUE,-14,14
Visit_1,90,SUBJ0232,CH04,2025-06-17,2025-06-13,TRUE,76,104
Visit_2,180,SUBJ0232,CH04,2025-09-15,2025-09-18,TRUE,166,194
Visit_3,270,SUBJ0232,CH04,2025-12-14,2025-12-15,TRUE,256,284
Visit_4,360,SUBJ0232,CH04,2026-03-14,2026-03-17,TRUE,346,374
Visit_5,450,SUBJ0232,CH04,2026-06-12,2026-06-15,TRUE,436,464
Visit_6,540,SUBJ0232,CH04,2026-09-10,2026-09-08,TRUE,526,554
Visit_7,630,SUBJ0232,CH04,2026-12-09,NA,FALSE,616,644
Visit_8,720,SUBJ0232,CH04,2027-03-09,NA,FALSE,706,734
Visit_9,810,SUBJ0232,CH04,2027-06-07,NA,FALSE,796,824
Visit_10,900,SUBJ0232,CH04,2027-09-05,NA,FALSE,886,914
Visit_11,990,SUBJ0232,CH04,2027-12-04,NA,FALSE,976,1004
Visit_12,1080,SUBJ0232,CH04,2028-03-03,NA,FALSE,1066,1094
Visit_13,1170,SUBJ0232,CH04,2028-06-01,NA,FALSE,1156,1184
End_of_Study,1080,SUBJ0232,CH04,2028-03-03,NA,FALSE,1066,1094
Safety_Followup,1170,SUBJ0232,CH04,2028-06-01,NA,FALSE,1156,1184
Screening,-7,SUBJ0233,CH01,2024-12-25,2024-12-22,TRUE,-21,7
Enrollment,0,SUBJ0233,CH01,2025-01-01,2025-01-02,TRUE,-14,14
Visit_1,90,SUBJ0233,CH01,2025-04-01,2025-03-31,TRUE,76,104
Visit_2,180,SUBJ0233,CH01,2025-06-30,2025-07-01,TRUE,166,194
Visit_3,270,SUBJ0233,CH01,2025-09-28,2025-09-21,TRUE,256,284
Visit_4,360,SUBJ0233,CH01,2025-12-27,2025-12-29,TRUE,346,374
Visit_5,450,SUBJ0233,CH01,2026-03-27,2026-03-23,TRUE,436,464
Visit_6,540,SUBJ0233,CH01,2026-06-25,2026-06-21,TRUE,526,554
Visit_7,630,SUBJ0233,CH01,2026-09-23,2026-09-30,TRUE,616,644
Visit_8,720,SUBJ0233,CH01,2026-12-22,2026-12-21,TRUE,706,734
Visit_9,810,SUBJ0233,CH01,2027-03-22,2027-03-27,TRUE,796,824
Visit_10,900,SUBJ0233,CH01,2027-06-20,2027-06-14,TRUE,886,914
Visit_11,990,SUBJ0233,CH01,2027-09-18,NA,FALSE,976,1004
Visit_12,1080,SUBJ0233,CH01,2027-12-17,NA,FALSE,1066,1094
Visit_13,1170,SUBJ0233,CH01,2028-03-16,NA,FALSE,1156,1184
End_of_Study,1080,SUBJ0233,CH01,2027-12-17,NA,FALSE,1066,1094
Safety_Followup,1170,SUBJ0233,CH01,2028-03-16,NA,FALSE,1156,1184
Screening,-7,SUBJ0234,CH05,2025-01-05,2025-01-09,TRUE,-21,7
Enrollment,0,SUBJ0234,CH05,2025-01-12,2025-01-08,TRUE,-14,14
Visit_1,90,SUBJ0234,CH05,2025-04-12,2025-04-16,TRUE,76,104
Visit_2,180,SUBJ0234,CH05,2025-07-11,2025-07-14,TRUE,166,194
Visit_3,270,SUBJ0234,CH05,2025-10-09,2025-10-03,TRUE,256,284
Visit_4,360,SUBJ0234,CH05,2026-01-07,2025-12-31,TRUE,346,374
Visit_5,450,SUBJ0234,CH05,2026-04-07,2026-04-08,TRUE,436,464
Visit_6,540,SUBJ0234,CH05,2026-07-06,2026-07-02,TRUE,526,554
Visit_7,630,SUBJ0234,CH05,2026-10-04,2026-09-30,TRUE,616,644
Visit_8,720,SUBJ0234,CH05,2027-01-02,2026-12-30,TRUE,706,734
Visit_9,810,SUBJ0234,CH05,2027-04-02,2027-04-09,TRUE,796,824
Visit_10,900,SUBJ0234,CH05,2027-07-01,2027-07-07,TRUE,886,914
Visit_11,990,SUBJ0234,CH05,2027-09-29,2027-10-03,TRUE,976,1004
Visit_12,1080,SUBJ0234,CH05,2027-12-28,2027-12-22,TRUE,1066,1094
Visit_13,1170,SUBJ0234,CH05,2028-03-27,2028-03-20,TRUE,1156,1184
End_of_Study,1080,SUBJ0234,CH05,2027-12-28,2027-12-28,TRUE,1066,1094
Safety_Followup,1170,SUBJ0234,CH05,2028-03-27,2028-03-29,TRUE,1156,1184
Screening,-7,SUBJ0235,CH11,2025-04-04,2025-04-09,TRUE,-21,7
Enrollment,0,SUBJ0235,CH11,2025-04-11,2025-04-04,TRUE,-14,14
Visit_1,90,SUBJ0235,CH11,2025-07-10,2025-07-12,TRUE,76,104
Visit_2,180,SUBJ0235,CH11,2025-10-08,2025-10-04,TRUE,166,194
Visit_3,270,SUBJ0235,CH11,2026-01-06,2026-01-06,TRUE,256,284
Visit_4,360,SUBJ0235,CH11,2026-04-06,2026-04-10,TRUE,346,374
Visit_5,450,SUBJ0235,CH11,2026-07-05,2026-06-30,TRUE,436,464
Visit_6,540,SUBJ0235,CH11,2026-10-03,2026-09-30,TRUE,526,554
Visit_7,630,SUBJ0235,CH11,2027-01-01,2026-12-29,TRUE,616,644
Visit_8,720,SUBJ0235,CH11,2027-04-01,2027-04-07,TRUE,706,734
Visit_9,810,SUBJ0235,CH11,2027-06-30,2027-06-29,TRUE,796,824
Visit_10,900,SUBJ0235,CH11,2027-09-28,2027-09-25,TRUE,886,914
Visit_11,990,SUBJ0235,CH11,2027-12-27,2027-12-28,TRUE,976,1004
Visit_12,1080,SUBJ0235,CH11,2028-03-26,2028-03-19,TRUE,1066,1094
Visit_13,1170,SUBJ0235,CH11,2028-06-24,2028-06-20,TRUE,1156,1184
End_of_Study,1080,SUBJ0235,CH11,2028-03-26,2028-03-20,TRUE,1066,1094
Safety_Followup,1170,SUBJ0235,CH11,2028-06-24,2028-06-21,TRUE,1156,1184
Screening,-7,SUBJ0236,CH16,2025-04-14,2025-04-11,TRUE,-21,7
Enrollment,0,SUBJ0236,CH16,2025-04-21,2025-04-16,TRUE,-14,14
Visit_1,90,SUBJ0236,CH16,2025-07-20,2025-07-25,TRUE,76,104
Visit_2,180,SUBJ0236,CH16,2025-10-18,2025-10-16,TRUE,166,194
Visit_3,270,SUBJ0236,CH16,2026-01-16,2026-01-12,TRUE,256,284
Visit_4,360,SUBJ0236,CH16,2026-04-16,2026-04-19,TRUE,346,374
Visit_5,450,SUBJ0236,CH16,2026-07-15,2026-07-19,TRUE,436,464
Visit_6,540,SUBJ0236,CH16,2026-10-13,2026-10-15,TRUE,526,554
Visit_7,630,SUBJ0236,CH16,2027-01-11,2027-01-10,TRUE,616,644
Visit_8,720,SUBJ0236,CH16,2027-04-11,2027-04-14,TRUE,706,734
Visit_9,810,SUBJ0236,CH16,2027-07-10,2027-07-11,TRUE,796,824
Visit_10,900,SUBJ0236,CH16,2027-10-08,2027-10-12,TRUE,886,914
Visit_11,990,SUBJ0236,CH16,2028-01-06,2028-01-05,TRUE,976,1004
Visit_12,1080,SUBJ0236,CH16,2028-04-05,2028-04-04,TRUE,1066,1094
Visit_13,1170,SUBJ0236,CH16,2028-07-04,2028-07-08,TRUE,1156,1184
End_of_Study,1080,SUBJ0236,CH16,2028-04-05,2028-03-30,TRUE,1066,1094
Safety_Followup,1170,SUBJ0236,CH16,2028-07-04,2028-07-10,TRUE,1156,1184
Screening,-7,SUBJ0237,CH11,2025-03-04,2025-03-01,TRUE,-21,7
Enrollment,0,SUBJ0237,CH11,2025-03-11,2025-03-04,TRUE,-14,14
Visit_1,90,SUBJ0237,CH11,2025-06-09,2025-06-11,TRUE,76,104
Visit_2,180,SUBJ0237,CH11,2025-09-07,2025-09-11,TRUE,166,194
Visit_3,270,SUBJ0237,CH11,2025-12-06,2025-11-30,TRUE,256,284
Visit_4,360,SUBJ0237,CH11,2026-03-06,2026-03-06,TRUE,346,374
Visit_5,450,SUBJ0237,CH11,2026-06-04,2026-05-30,TRUE,436,464
Visit_6,540,SUBJ0237,CH11,2026-09-02,2026-09-03,TRUE,526,554
Visit_7,630,SUBJ0237,CH11,2026-12-01,2026-11-24,TRUE,616,644
Visit_8,720,SUBJ0237,CH11,2027-03-01,2027-03-01,TRUE,706,734
Visit_9,810,SUBJ0237,CH11,2027-05-30,2027-06-06,TRUE,796,824
Visit_10,900,SUBJ0237,CH11,2027-08-28,2027-08-24,TRUE,886,914
Visit_11,990,SUBJ0237,CH11,2027-11-26,2027-11-22,TRUE,976,1004
Visit_12,1080,SUBJ0237,CH11,2028-02-24,2028-02-22,TRUE,1066,1094
Visit_13,1170,SUBJ0237,CH11,2028-05-24,2028-05-24,TRUE,1156,1184
End_of_Study,1080,SUBJ0237,CH11,2028-02-24,2028-02-25,TRUE,1066,1094
Safety_Followup,1170,SUBJ0237,CH11,2028-05-24,2028-05-27,TRUE,1156,1184
Screening,-7,SUBJ0238,CH05,2025-06-13,2025-06-12,TRUE,-21,7
Enrollment,0,SUBJ0238,CH05,2025-06-20,2025-06-15,TRUE,-14,14
Visit_1,90,SUBJ0238,CH05,2025-09-18,2025-09-25,TRUE,76,104
Visit_2,180,SUBJ0238,CH05,2025-12-17,2025-12-10,TRUE,166,194
Visit_3,270,SUBJ0238,CH05,2026-03-17,2026-03-16,TRUE,256,284
Visit_4,360,SUBJ0238,CH05,2026-06-15,2026-06-13,TRUE,346,374
Visit_5,450,SUBJ0238,CH05,2026-09-13,2026-09-17,TRUE,436,464
Visit_6,540,SUBJ0238,CH05,2026-12-12,2026-12-18,TRUE,526,554
Visit_7,630,SUBJ0238,CH05,2027-03-12,2027-03-17,TRUE,616,644
Visit_8,720,SUBJ0238,CH05,2027-06-10,NA,FALSE,706,734
Visit_9,810,SUBJ0238,CH05,2027-09-08,NA,FALSE,796,824
Visit_10,900,SUBJ0238,CH05,2027-12-07,NA,FALSE,886,914
Visit_11,990,SUBJ0238,CH05,2028-03-06,NA,FALSE,976,1004
Visit_12,1080,SUBJ0238,CH05,2028-06-04,NA,FALSE,1066,1094
Visit_13,1170,SUBJ0238,CH05,2028-09-02,NA,FALSE,1156,1184
End_of_Study,1080,SUBJ0238,CH05,2028-06-04,NA,FALSE,1066,1094
Safety_Followup,1170,SUBJ0238,CH05,2028-09-02,NA,FALSE,1156,1184
Screening,-7,SUBJ0239,CH07,2025-03-20,2025-03-20,TRUE,-21,7
Enrollment,0,SUBJ0239,CH07,2025-03-27,2025-03-25,TRUE,-14,14
Visit_1,90,SUBJ0239,CH07,2025-06-25,2025-07-01,TRUE,76,104
Visit_2,180,SUBJ0239,CH07,2025-09-23,2025-09-29,TRUE,166,194
Visit_3,270,SUBJ0239,CH07,2025-12-22,2025-12-19,TRUE,256,284
Visit_4,360,SUBJ0239,CH07,2026-03-22,2026-03-23,TRUE,346,374
Visit_5,450,SUBJ0239,CH07,2026-06-20,2026-06-22,TRUE,436,464
Visit_6,540,SUBJ0239,CH07,2026-09-18,2026-09-22,TRUE,526,554
Visit_7,630,SUBJ0239,CH07,2026-12-17,2026-12-19,TRUE,616,644
Visit_8,720,SUBJ0239,CH07,2027-03-17,2027-03-24,TRUE,706,734
Visit_9,810,SUBJ0239,CH07,2027-06-15,2027-06-11,TRUE,796,824
Visit_10,900,SUBJ0239,CH07,2027-09-13,2027-09-11,TRUE,886,914
Visit_11,990,SUBJ0239,CH07,2027-12-12,2027-12-14,TRUE,976,1004
Visit_12,1080,SUBJ0239,CH07,2028-03-11,2028-03-17,TRUE,1066,1094
Visit_13,1170,SUBJ0239,CH07,2028-06-09,2028-06-05,TRUE,1156,1184
End_of_Study,1080,SUBJ0239,CH07,2028-03-11,2028-03-04,TRUE,1066,1094
Safety_Followup,1170,SUBJ0239,CH07,2028-06-09,2028-06-08,TRUE,1156,1184
Screening,-7,SUBJ0240,CH06,2025-01-04,2025-01-09,TRUE,-21,7
Enrollment,0,SUBJ0240,CH06,2025-01-11,2025-01-12,TRUE,-14,14
Visit_1,90,SUBJ0240,CH06,2025-04-11,2025-04-06,TRUE,76,104
Visit_2,180,SUBJ0240,CH06,2025-07-10,2025-07-03,TRUE,166,194
Visit_3,270,SUBJ0240,CH06,2025-10-08,2025-10-08,TRUE,256,284
Visit_4,360,SUBJ0240,CH06,2026-01-06,2026-01-10,TRUE,346,374
Visit_5,450,SUBJ0240,CH06,2026-04-06,2026-04-08,TRUE,436,464
Visit_6,540,SUBJ0240,CH06,2026-07-05,2026-07-12,TRUE,526,554
Visit_7,630,SUBJ0240,CH06,2026-10-03,2026-10-04,TRUE,616,644
Visit_8,720,SUBJ0240,CH06,2027-01-01,2026-12-28,TRUE,706,734
Visit_9,810,SUBJ0240,CH06,2027-04-01,2027-04-02,TRUE,796,824
Visit_10,900,SUBJ0240,CH06,2027-06-30,2027-07-05,TRUE,886,914
Visit_11,990,SUBJ0240,CH06,2027-09-28,2027-09-24,TRUE,976,1004
Visit_12,1080,SUBJ0240,CH06,2027-12-27,2027-12-27,TRUE,1066,1094
Visit_13,1170,SUBJ0240,CH06,2028-03-26,2028-04-02,TRUE,1156,1184
End_of_Study,1080,SUBJ0240,CH06,2027-12-27,2027-12-26,TRUE,1066,1094
Safety_Followup,1170,SUBJ0240,CH06,2028-03-26,2028-03-29,TRUE,1156,1184
Screening,-7,SUBJ0241,CH10,2025-02-10,2025-02-15,TRUE,-21,7
Enrollment,0,SUBJ0241,CH10,2025-02-17,2025-02-14,TRUE,-14,14
Visit_1,90,SUBJ0241,CH10,2025-05-18,2025-05-16,TRUE,76,104
Visit_2,180,SUBJ0241,CH10,2025-08-16,2025-08-23,TRUE,166,194
Visit_3,270,SUBJ0241,CH10,2025-11-14,2025-11-17,TRUE,256,284
Visit_4,360,SUBJ0241,CH10,2026-02-12,2026-02-05,TRUE,346,374
Visit_5,450,SUBJ0241,CH10,2026-05-13,2026-05-12,TRUE,436,464
Visit_6,540,SUBJ0241,CH10,2026-08-11,2026-08-09,TRUE,526,554
Visit_7,630,SUBJ0241,CH10,2026-11-09,2026-11-05,TRUE,616,644
Visit_8,720,SUBJ0241,CH10,2027-02-07,2027-02-04,TRUE,706,734
Visit_9,810,SUBJ0241,CH10,2027-05-08,2027-05-02,TRUE,796,824
Visit_10,900,SUBJ0241,CH10,2027-08-06,2027-08-08,TRUE,886,914
Visit_11,990,SUBJ0241,CH10,2027-11-04,2027-11-06,TRUE,976,1004
Visit_12,1080,SUBJ0241,CH10,2028-02-02,2028-01-27,TRUE,1066,1094
Visit_13,1170,SUBJ0241,CH10,2028-05-02,2028-04-25,TRUE,1156,1184
End_of_Study,1080,SUBJ0241,CH10,2028-02-02,2028-02-01,TRUE,1066,1094
Safety_Followup,1170,SUBJ0241,CH10,2028-05-02,2028-05-09,TRUE,1156,1184
Screening,-7,SUBJ0242,CH03,2025-05-27,2025-05-27,TRUE,-21,7
Enrollment,0,SUBJ0242,CH03,2025-06-03,2025-05-27,TRUE,-14,14
Visit_1,90,SUBJ0242,CH03,2025-09-01,2025-09-01,TRUE,76,104
Visit_2,180,SUBJ0242,CH03,2025-11-30,2025-12-02,TRUE,166,194
Visit_3,270,SUBJ0242,CH03,2026-02-28,2026-02-27,TRUE,256,284
Visit_4,360,SUBJ0242,CH03,2026-05-29,2026-05-24,TRUE,346,374
Visit_5,450,SUBJ0242,CH03,2026-08-27,2026-08-20,TRUE,436,464
Visit_6,540,SUBJ0242,CH03,2026-11-25,2026-11-29,TRUE,526,554
Visit_7,630,SUBJ0242,CH03,2027-02-23,2027-02-16,TRUE,616,644
Visit_8,720,SUBJ0242,CH03,2027-05-24,2027-05-31,TRUE,706,734
Visit_9,810,SUBJ0242,CH03,2027-08-22,2027-08-24,TRUE,796,824
Visit_10,900,SUBJ0242,CH03,2027-11-20,2027-11-22,TRUE,886,914
Visit_11,990,SUBJ0242,CH03,2028-02-18,2028-02-21,TRUE,976,1004
Visit_12,1080,SUBJ0242,CH03,2028-05-18,2028-05-21,TRUE,1066,1094
Visit_13,1170,SUBJ0242,CH03,2028-08-16,2028-08-19,TRUE,1156,1184
End_of_Study,1080,SUBJ0242,CH03,2028-05-18,2028-05-12,TRUE,1066,1094
Safety_Followup,1170,SUBJ0242,CH03,2028-08-16,2028-08-21,TRUE,1156,1184
Screening,-7,SUBJ0243,CH14,2025-02-05,2025-02-06,TRUE,-21,7
Enrollment,0,SUBJ0243,CH14,2025-02-12,2025-02-16,TRUE,-14,14
Visit_1,90,SUBJ0243,CH14,2025-05-13,2025-05-19,TRUE,76,104
Visit_2,180,SUBJ0243,CH14,2025-08-11,2025-08-04,TRUE,166,194
Visit_3,270,SUBJ0243,CH14,2025-11-09,2025-11-03,TRUE,256,284
Visit_4,360,SUBJ0243,CH14,2026-02-07,2026-02-02,TRUE,346,374
Visit_5,450,SUBJ0243,CH14,2026-05-08,2026-05-14,TRUE,436,464
Visit_6,540,SUBJ0243,CH14,2026-08-06,2026-07-31,TRUE,526,554
Visit_7,630,SUBJ0243,CH14,2026-11-04,2026-11-06,TRUE,616,644
Visit_8,720,SUBJ0243,CH14,2027-02-02,2027-02-09,TRUE,706,734
Visit_9,810,SUBJ0243,CH14,2027-05-03,2027-05-07,TRUE,796,824
Visit_10,900,SUBJ0243,CH14,2027-08-01,2027-08-04,TRUE,886,914
Visit_11,990,SUBJ0243,CH14,2027-10-30,2027-10-28,TRUE,976,1004
Visit_12,1080,SUBJ0243,CH14,2028-01-28,2028-01-27,TRUE,1066,1094
Visit_13,1170,SUBJ0243,CH14,2028-04-27,2028-04-20,TRUE,1156,1184
End_of_Study,1080,SUBJ0243,CH14,2028-01-28,2028-02-01,TRUE,1066,1094
Safety_Followup,1170,SUBJ0243,CH14,2028-04-27,2028-04-26,TRUE,1156,1184
Screening,-7,SUBJ0244,CH01,2025-06-04,2025-05-30,TRUE,-21,7
Enrollment,0,SUBJ0244,CH01,2025-06-11,2025-06-06,TRUE,-14,14
Visit_1,90,SUBJ0244,CH01,2025-09-09,2025-09-14,TRUE,76,104
Visit_2,180,SUBJ0244,CH01,2025-12-08,2025-12-02,TRUE,166,194
Visit_3,270,SUBJ0244,CH01,2026-03-08,2026-03-14,TRUE,256,284
Visit_4,360,SUBJ0244,CH01,2026-06-06,2026-06-06,TRUE,346,374
Visit_5,450,SUBJ0244,CH01,2026-09-04,2026-09-10,TRUE,436,464
Visit_6,540,SUBJ0244,CH01,2026-12-03,2026-12-02,TRUE,526,554
Visit_7,630,SUBJ0244,CH01,2027-03-03,2027-03-03,TRUE,616,644
Visit_8,720,SUBJ0244,CH01,2027-06-01,2027-06-06,TRUE,706,734
Visit_9,810,SUBJ0244,CH01,2027-08-30,2027-09-04,TRUE,796,824
Visit_10,900,SUBJ0244,CH01,2027-11-28,2027-12-02,TRUE,886,914
Visit_11,990,SUBJ0244,CH01,2028-02-26,2028-02-19,TRUE,976,1004
Visit_12,1080,SUBJ0244,CH01,2028-05-26,2028-06-02,TRUE,1066,1094
Visit_13,1170,SUBJ0244,CH01,2028-08-24,2028-08-23,TRUE,1156,1184
End_of_Study,1080,SUBJ0244,CH01,2028-05-26,2028-05-21,TRUE,1066,1094
Safety_Followup,1170,SUBJ0244,CH01,2028-08-24,2028-08-17,TRUE,1156,1184
Screening,-7,SUBJ0245,CH02,2024-12-27,2024-12-24,TRUE,-21,7
Enrollment,0,SUBJ0245,CH02,2025-01-03,2025-01-05,TRUE,-14,14
Visit_1,90,SUBJ0245,CH02,2025-04-03,2025-03-27,TRUE,76,104
Visit_2,180,SUBJ0245,CH02,2025-07-02,2025-06-28,TRUE,166,194
Visit_3,270,SUBJ0245,CH02,2025-09-30,2025-09-29,TRUE,256,284
Visit_4,360,SUBJ0245,CH02,2025-12-29,2026-01-05,TRUE,346,374
Visit_5,450,SUBJ0245,CH02,2026-03-29,2026-03-31,TRUE,436,464
Visit_6,540,SUBJ0245,CH02,2026-06-27,2026-06-26,TRUE,526,554
Visit_7,630,SUBJ0245,CH02,2026-09-25,2026-09-22,TRUE,616,644
Visit_8,720,SUBJ0245,CH02,2026-12-24,2026-12-21,TRUE,706,734
Visit_9,810,SUBJ0245,CH02,2027-03-24,2027-03-31,TRUE,796,824
Visit_10,900,SUBJ0245,CH02,2027-06-22,2027-06-15,TRUE,886,914
Visit_11,990,SUBJ0245,CH02,2027-09-20,2027-09-25,TRUE,976,1004
Visit_12,1080,SUBJ0245,CH02,2027-12-19,2027-12-26,TRUE,1066,1094
Visit_13,1170,SUBJ0245,CH02,2028-03-18,2028-03-12,TRUE,1156,1184
End_of_Study,1080,SUBJ0245,CH02,2027-12-19,2027-12-25,TRUE,1066,1094
Safety_Followup,1170,SUBJ0245,CH02,2028-03-18,2028-03-22,TRUE,1156,1184
Screening,-7,SUBJ0246,IT01,2025-03-15,2025-03-15,TRUE,-21,7
Enrollment,0,SUBJ0246,IT01,2025-03-22,2025-03-23,TRUE,-14,14
Visit_1,90,SUBJ0246,IT01,2025-06-20,2025-06-23,TRUE,76,104
Visit_2,180,SUBJ0246,IT01,2025-09-18,2025-09-23,TRUE,166,194
Visit_3,270,SUBJ0246,IT01,2025-12-17,2025-12-13,TRUE,256,284
Visit_4,360,SUBJ0246,IT01,2026-03-17,2026-03-17,TRUE,346,374
Visit_5,450,SUBJ0246,IT01,2026-06-15,2026-06-16,TRUE,436,464
Visit_6,540,SUBJ0246,IT01,2026-09-13,2026-09-13,TRUE,526,554
Visit_7,630,SUBJ0246,IT01,2026-12-12,2026-12-14,TRUE,616,644
Visit_8,720,SUBJ0246,IT01,2027-03-12,2027-03-15,TRUE,706,734
Visit_9,810,SUBJ0246,IT01,2027-06-10,2027-06-04,TRUE,796,824
Visit_10,900,SUBJ0246,IT01,2027-09-08,2027-09-12,TRUE,886,914
Visit_11,990,SUBJ0246,IT01,2027-12-07,2027-12-06,TRUE,976,1004
Visit_12,1080,SUBJ0246,IT01,2028-03-06,2028-03-07,TRUE,1066,1094
Visit_13,1170,SUBJ0246,IT01,2028-06-04,2028-06-03,TRUE,1156,1184
End_of_Study,1080,SUBJ0246,IT01,2028-03-06,2028-02-28,TRUE,1066,1094
Safety_Followup,1170,SUBJ0246,IT01,2028-06-04,2028-06-03,TRUE,1156,1184
Screening,-7,SUBJ0247,CH05,2025-05-09,2025-05-04,TRUE,-21,7
Enrollment,0,SUBJ0247,CH05,2025-05-16,2025-05-17,TRUE,-14,14
Visit_1,90,SUBJ0247,CH05,2025-08-14,2025-08-13,TRUE,76,104
Visit_2,180,SUBJ0247,CH05,2025-11-12,2025-11-08,TRUE,166,194
Visit_3,270,SUBJ0247,CH05,2026-02-10,2026-02-17,TRUE,256,284
Visit_4,360,SUBJ0247,CH05,2026-05-11,2026-05-16,TRUE,346,374
Visit_5,450,SUBJ0247,CH05,2026-08-09,2026-08-10,TRUE,436,464
Visit_6,540,SUBJ0247,CH05,2026-11-07,2026-11-11,TRUE,526,554
Visit_7,630,SUBJ0247,CH05,2027-02-05,2027-02-01,TRUE,616,644
Visit_8,720,SUBJ0247,CH05,2027-05-06,2027-05-13,TRUE,706,734
Visit_9,810,SUBJ0247,CH05,2027-08-04,2027-07-29,TRUE,796,824
Visit_10,900,SUBJ0247,CH05,2027-11-02,2027-11-07,TRUE,886,914
Visit_11,990,SUBJ0247,CH05,2028-01-31,2028-01-31,TRUE,976,1004
Visit_12,1080,SUBJ0247,CH05,2028-04-30,2028-04-24,TRUE,1066,1094
Visit_13,1170,SUBJ0247,CH05,2028-07-29,2028-07-27,TRUE,1156,1184
End_of_Study,1080,SUBJ0247,CH05,2028-04-30,2028-05-04,TRUE,1066,1094
Safety_Followup,1170,SUBJ0247,CH05,2028-07-29,2028-07-26,TRUE,1156,1184
Screening,-7,SUBJ0248,CH01,2025-06-17,2025-06-10,TRUE,-21,7
Enrollment,0,SUBJ0248,CH01,2025-06-24,2025-06-18,TRUE,-14,14
Visit_1,90,SUBJ0248,CH01,2025-09-22,2025-09-27,TRUE,76,104
Visit_2,180,SUBJ0248,CH01,2025-12-21,2025-12-17,TRUE,166,194
Visit_3,270,SUBJ0248,CH01,2026-03-21,2026-03-15,TRUE,256,284
Visit_4,360,SUBJ0248,CH01,2026-06-19,2026-06-21,TRUE,346,374
Visit_5,450,SUBJ0248,CH01,2026-09-17,2026-09-11,TRUE,436,464
Visit_6,540,SUBJ0248,CH01,2026-12-16,2026-12-22,TRUE,526,554
Visit_7,630,SUBJ0248,CH01,2027-03-16,2027-03-11,TRUE,616,644
Visit_8,720,SUBJ0248,CH01,2027-06-14,2027-06-12,TRUE,706,734
Visit_9,810,SUBJ0248,CH01,2027-09-12,2027-09-09,TRUE,796,824
Visit_10,900,SUBJ0248,CH01,2027-12-11,2027-12-05,TRUE,886,914
Visit_11,990,SUBJ0248,CH01,2028-03-10,2028-03-11,TRUE,976,1004
Visit_12,1080,SUBJ0248,CH01,2028-06-08,2028-06-06,TRUE,1066,1094
Visit_13,1170,SUBJ0248,CH01,2028-09-06,2028-09-09,TRUE,1156,1184
End_of_Study,1080,SUBJ0248,CH01,2028-06-08,2028-06-12,TRUE,1066,1094
Safety_Followup,1170,SUBJ0248,CH01,2028-09-06,2028-09-06,TRUE,1156,1184
Screening,-7,SUBJ0249,CH07,2024-12-28,2025-01-01,TRUE,-21,7
Enrollment,0,SUBJ0249,CH07,2025-01-04,2024-12-30,TRUE,-14,14
Visit_1,90,SUBJ0249,CH07,2025-04-04,2025-04-09,TRUE,76,104
Visit_2,180,SUBJ0249,CH07,2025-07-03,2025-07-09,TRUE,166,194
Visit_3,270,SUBJ0249,CH07,2025-10-01,2025-10-02,TRUE,256,284
Visit_4,360,SUBJ0249,CH07,2025-12-30,2026-01-04,TRUE,346,374
Visit_5,450,SUBJ0249,CH07,2026-03-30,2026-04-06,TRUE,436,464
Visit_6,540,SUBJ0249,CH07,2026-06-28,2026-06-25,TRUE,526,554
Visit_7,630,SUBJ0249,CH07,2026-09-26,2026-09-28,TRUE,616,644
Visit_8,720,SUBJ0249,CH07,2026-12-25,2026-12-30,TRUE,706,734
Visit_9,810,SUBJ0249,CH07,2027-03-25,2027-03-29,TRUE,796,824
Visit_10,900,SUBJ0249,CH07,2027-06-23,2027-06-23,TRUE,886,914
Visit_11,990,SUBJ0249,CH07,2027-09-21,2027-09-22,TRUE,976,1004
Visit_12,1080,SUBJ0249,CH07,2027-12-20,2027-12-27,TRUE,1066,1094
Visit_13,1170,SUBJ0249,CH07,2028-03-19,2028-03-14,TRUE,1156,1184
End_of_Study,1080,SUBJ0249,CH07,2027-12-20,2027-12-23,TRUE,1066,1094
Safety_Followup,1170,SUBJ0249,CH07,2028-03-19,2028-03-20,TRUE,1156,1184
Screening,-7,SUBJ0250,CH05,2025-01-13,2025-01-08,TRUE,-21,7
Enrollment,0,SUBJ0250,CH05,2025-01-20,2025-01-18,TRUE,-14,14
Visit_1,90,SUBJ0250,CH05,2025-04-20,2025-04-14,TRUE,76,104
Visit_2,180,SUBJ0250,CH05,2025-07-19,2025-07-14,TRUE,166,194
Visit_3,270,SUBJ0250,CH05,2025-10-17,2025-10-17,TRUE,256,284
Visit_4,360,SUBJ0250,CH05,2026-01-15,2026-01-19,TRUE,346,374
Visit_5,450,SUBJ0250,CH05,2026-04-15,2026-04-08,TRUE,436,464
Visit_6,540,SUBJ0250,CH05,2026-07-14,2026-07-09,TRUE,526,554
Visit_7,630,SUBJ0250,CH05,2026-10-12,2026-10-07,TRUE,616,644
Visit_8,720,SUBJ0250,CH05,2027-01-10,2027-01-13,TRUE,706,734
Visit_9,810,SUBJ0250,CH05,2027-04-10,2027-04-16,TRUE,796,824
Visit_10,900,SUBJ0250,CH05,2027-07-09,2027-07-11,TRUE,886,914
Visit_11,990,SUBJ0250,CH05,2027-10-07,2027-10-12,TRUE,976,1004
Visit_12,1080,SUBJ0250,CH05,2028-01-05,2028-01-07,TRUE,1066,1094
Visit_13,1170,SUBJ0250,CH05,2028-04-04,2028-04-04,TRUE,1156,1184
End_of_Study,1080,SUBJ0250,CH05,2028-01-05,2027-12-29,TRUE,1066,1094
Safety_Followup,1170,SUBJ0250,CH05,2028-04-04,2028-04-07,TRUE,1156,1184
Screening,-7,SUBJ0251,CH17,2025-04-16,2025-04-15,TRUE,-21,7
Enrollment,0,SUBJ0251,CH17,2025-04-23,2025-04-29,TRUE,-14,14
Visit_1,90,SUBJ0251,CH17,2025-07-22,2025-07-27,TRUE,76,104
Visit_2,180,SUBJ0251,CH17,2025-10-20,2025-10-20,TRUE,166,194
Visit_3,270,SUBJ0251,CH17,2026-01-18,2026-01-25,TRUE,256,284
Visit_4,360,SUBJ0251,CH17,2026-04-18,2026-04-21,TRUE,346,374
Visit_5,450,SUBJ0251,CH17,2026-07-17,2026-07-20,TRUE,436,464
Visit_6,540,SUBJ0251,CH17,2026-10-15,2026-10-22,TRUE,526,554
Visit_7,630,SUBJ0251,CH17,2027-01-13,2027-01-15,TRUE,616,644
Visit_8,720,SUBJ0251,CH17,2027-04-13,2027-04-13,TRUE,706,734
Visit_9,810,SUBJ0251,CH17,2027-07-12,2027-07-09,TRUE,796,824
Visit_10,900,SUBJ0251,CH17,2027-10-10,2027-10-17,TRUE,886,914
Visit_11,990,SUBJ0251,CH17,2028-01-08,2028-01-11,TRUE,976,1004
Visit_12,1080,SUBJ0251,CH17,2028-04-07,2028-04-01,TRUE,1066,1094
Visit_13,1170,SUBJ0251,CH17,2028-07-06,2028-07-02,TRUE,1156,1184
End_of_Study,1080,SUBJ0251,CH17,2028-04-07,2028-04-08,TRUE,1066,1094
Safety_Followup,1170,SUBJ0251,CH17,2028-07-06,2028-06-29,TRUE,1156,1184
Screening,-7,SUBJ0252,CH01,2025-06-21,2025-06-23,TRUE,-21,7
Enrollment,0,SUBJ0252,CH01,2025-06-28,2025-07-02,TRUE,-14,14
Visit_1,90,SUBJ0252,CH01,2025-09-26,2025-09-26,TRUE,76,104
Visit_2,180,SUBJ0252,CH01,2025-12-25,2025-12-29,TRUE,166,194
Visit_3,270,SUBJ0252,CH01,2026-03-25,2026-03-24,TRUE,256,284
Visit_4,360,SUBJ0252,CH01,2026-06-23,2026-06-16,TRUE,346,374
Visit_5,450,SUBJ0252,CH01,2026-09-21,2026-09-16,TRUE,436,464
Visit_6,540,SUBJ0252,CH01,2026-12-20,2026-12-25,TRUE,526,554
Visit_7,630,SUBJ0252,CH01,2027-03-20,2027-03-27,TRUE,616,644
Visit_8,720,SUBJ0252,CH01,2027-06-18,2027-06-11,TRUE,706,734
Visit_9,810,SUBJ0252,CH01,2027-09-16,2027-09-09,TRUE,796,824
Visit_10,900,SUBJ0252,CH01,2027-12-15,NA,FALSE,886,914
Visit_11,990,SUBJ0252,CH01,2028-03-14,NA,FALSE,976,1004
Visit_12,1080,SUBJ0252,CH01,2028-06-12,NA,FALSE,1066,1094
Visit_13,1170,SUBJ0252,CH01,2028-09-10,NA,FALSE,1156,1184
End_of_Study,1080,SUBJ0252,CH01,2028-06-12,NA,FALSE,1066,1094
Safety_Followup,1170,SUBJ0252,CH01,2028-09-10,NA,FALSE,1156,1184
Screening,-7,SUBJ0253,FR02,2025-02-04,2025-02-04,TRUE,-21,7
Enrollment,0,SUBJ0253,FR02,2025-02-11,2025-02-05,TRUE,-14,14
Visit_1,90,SUBJ0253,FR02,2025-05-12,2025-05-10,TRUE,76,104
Visit_2,180,SUBJ0253,FR02,2025-08-10,2025-08-11,TRUE,166,194
Visit_3,270,SUBJ0253,FR02,2025-11-08,2025-11-09,TRUE,256,284
Visit_4,360,SUBJ0253,FR02,2026-02-06,2026-02-10,TRUE,346,374
Visit_5,450,SUBJ0253,FR02,2026-05-07,2026-05-03,TRUE,436,464
Visit_6,540,SUBJ0253,FR02,2026-08-05,2026-08-11,TRUE,526,554
Visit_7,630,SUBJ0253,FR02,2026-11-03,2026-11-04,TRUE,616,644
Visit_8,720,SUBJ0253,FR02,2027-02-01,2027-01-26,TRUE,706,734
Visit_9,810,SUBJ0253,FR02,2027-05-02,2027-04-29,TRUE,796,824
Visit_10,900,SUBJ0253,FR02,2027-07-31,2027-08-05,TRUE,886,914
Visit_11,990,SUBJ0253,FR02,2027-10-29,2027-11-04,TRUE,976,1004
Visit_12,1080,SUBJ0253,FR02,2028-01-27,2028-01-30,TRUE,1066,1094
Visit_13,1170,SUBJ0253,FR02,2028-04-26,2028-04-26,TRUE,1156,1184
End_of_Study,1080,SUBJ0253,FR02,2028-01-27,2028-02-03,TRUE,1066,1094
Safety_Followup,1170,SUBJ0253,FR02,2028-04-26,2028-04-28,TRUE,1156,1184
Screening,-7,SUBJ0254,CH17,2025-05-22,2025-05-29,TRUE,-21,7
Enrollment,0,SUBJ0254,CH17,2025-05-29,2025-05-24,TRUE,-14,14
Visit_1,90,SUBJ0254,CH17,2025-08-27,2025-08-24,TRUE,76,104
Visit_2,180,SUBJ0254,CH17,2025-11-25,2025-11-26,TRUE,166,194
Visit_3,270,SUBJ0254,CH17,2026-02-23,2026-02-26,TRUE,256,284
Visit_4,360,SUBJ0254,CH17,2026-05-24,2026-05-20,TRUE,346,374
Visit_5,450,SUBJ0254,CH17,2026-08-22,2026-08-16,TRUE,436,464
Visit_6,540,SUBJ0254,CH17,2026-11-20,2026-11-17,TRUE,526,554
Visit_7,630,SUBJ0254,CH17,2027-02-18,2027-02-21,TRUE,616,644
Visit_8,720,SUBJ0254,CH17,2027-05-19,2027-05-19,TRUE,706,734
Visit_9,810,SUBJ0254,CH17,2027-08-17,2027-08-22,TRUE,796,824
Visit_10,900,SUBJ0254,CH17,2027-11-15,2027-11-14,TRUE,886,914
Visit_11,990,SUBJ0254,CH17,2028-02-13,2028-02-18,TRUE,976,1004
Visit_12,1080,SUBJ0254,CH17,2028-05-13,2028-05-11,TRUE,1066,1094
Visit_13,1170,SUBJ0254,CH17,2028-08-11,2028-08-09,TRUE,1156,1184
End_of_Study,1080,SUBJ0254,CH17,2028-05-13,2028-05-16,TRUE,1066,1094
Safety_Followup,1170,SUBJ0254,CH17,2028-08-11,2028-08-14,TRUE,1156,1184
Screening,-7,SUBJ0255,CH02,2025-01-22,2025-01-26,TRUE,-21,7
Enrollment,0,SUBJ0255,CH02,2025-01-29,2025-01-23,TRUE,-14,14
Visit_1,90,SUBJ0255,CH02,2025-04-29,2025-04-27,TRUE,76,104
Visit_2,180,SUBJ0255,CH02,2025-07-28,2025-07-22,TRUE,166,194
Visit_3,270,SUBJ0255,CH02,2025-10-26,2025-11-02,TRUE,256,284
Visit_4,360,SUBJ0255,CH02,2026-01-24,2026-01-22,TRUE,346,374
Visit_5,450,SUBJ0255,CH02,2026-04-24,2026-05-01,TRUE,436,464
Visit_6,540,SUBJ0255,CH02,2026-07-23,2026-07-23,TRUE,526,554
Visit_7,630,SUBJ0255,CH02,2026-10-21,2026-10-25,TRUE,616,644
Visit_8,720,SUBJ0255,CH02,2027-01-19,2027-01-14,TRUE,706,734
Visit_9,810,SUBJ0255,CH02,2027-04-19,2027-04-18,TRUE,796,824
Visit_10,900,SUBJ0255,CH02,2027-07-18,2027-07-21,TRUE,886,914
Visit_11,990,SUBJ0255,CH02,2027-10-16,2027-10-18,TRUE,976,1004
Visit_12,1080,SUBJ0255,CH02,2028-01-14,2028-01-07,TRUE,1066,1094
Visit_13,1170,SUBJ0255,CH02,2028-04-13,2028-04-12,TRUE,1156,1184
End_of_Study,1080,SUBJ0255,CH02,2028-01-14,2028-01-17,TRUE,1066,1094
Safety_Followup,1170,SUBJ0255,CH02,2028-04-13,2028-04-07,TRUE,1156,1184
Screening,-7,SUBJ0256,CH06,2025-03-13,2025-03-18,TRUE,-21,7
Enrollment,0,SUBJ0256,CH06,2025-03-20,2025-03-27,TRUE,-14,14
Visit_1,90,SUBJ0256,CH06,2025-06-18,2025-06-12,TRUE,76,104
Visit_2,180,SUBJ0256,CH06,2025-09-16,2025-09-18,TRUE,166,194
Visit_3,270,SUBJ0256,CH06,2025-12-15,2025-12-13,TRUE,256,284
Visit_4,360,SUBJ0256,CH06,2026-03-15,2026-03-15,TRUE,346,374
Visit_5,450,SUBJ0256,CH06,2026-06-13,2026-06-20,TRUE,436,464
Visit_6,540,SUBJ0256,CH06,2026-09-11,2026-09-07,TRUE,526,554
Visit_7,630,SUBJ0256,CH06,2026-12-10,2026-12-12,TRUE,616,644
Visit_8,720,SUBJ0256,CH06,2027-03-10,2027-03-16,TRUE,706,734
Visit_9,810,SUBJ0256,CH06,2027-06-08,2027-06-11,TRUE,796,824
Visit_10,900,SUBJ0256,CH06,2027-09-06,2027-09-07,TRUE,886,914
Visit_11,990,SUBJ0256,CH06,2027-12-05,2027-12-06,TRUE,976,1004
Visit_12,1080,SUBJ0256,CH06,2028-03-04,2028-02-28,TRUE,1066,1094
Visit_13,1170,SUBJ0256,CH06,2028-06-02,2028-06-05,TRUE,1156,1184
End_of_Study,1080,SUBJ0256,CH06,2028-03-04,2028-03-09,TRUE,1066,1094
Safety_Followup,1170,SUBJ0256,CH06,2028-06-02,2028-05-26,TRUE,1156,1184
Screening,-7,SUBJ0257,CH09,2025-06-03,2025-06-10,TRUE,-21,7
Enrollment,0,SUBJ0257,CH09,2025-06-10,2025-06-11,TRUE,-14,14
Visit_1,90,SUBJ0257,CH09,2025-09-08,2025-09-15,TRUE,76,104
Visit_2,180,SUBJ0257,CH09,2025-12-07,2025-12-10,TRUE,166,194
Visit_3,270,SUBJ0257,CH09,2026-03-07,2026-03-13,TRUE,256,284
Visit_4,360,SUBJ0257,CH09,2026-06-05,2026-06-07,TRUE,346,374
Visit_5,450,SUBJ0257,CH09,2026-09-03,2026-08-29,TRUE,436,464
Visit_6,540,SUBJ0257,CH09,2026-12-02,2026-12-05,TRUE,526,554
Visit_7,630,SUBJ0257,CH09,2027-03-02,2027-03-04,TRUE,616,644
Visit_8,720,SUBJ0257,CH09,2027-05-31,2027-05-25,TRUE,706,734
Visit_9,810,SUBJ0257,CH09,2027-08-29,2027-09-01,TRUE,796,824
Visit_10,900,SUBJ0257,CH09,2027-11-27,2027-11-25,TRUE,886,914
Visit_11,990,SUBJ0257,CH09,2028-02-25,2028-02-28,TRUE,976,1004
Visit_12,1080,SUBJ0257,CH09,2028-05-25,2028-05-21,TRUE,1066,1094
Visit_13,1170,SUBJ0257,CH09,2028-08-23,2028-08-22,TRUE,1156,1184
End_of_Study,1080,SUBJ0257,CH09,2028-05-25,2028-05-19,TRUE,1066,1094
Safety_Followup,1170,SUBJ0257,CH09,2028-08-23,2028-08-25,TRUE,1156,1184
Screening,-7,SUBJ0258,CH04,2025-05-17,2025-05-11,TRUE,-21,7
Enrollment,0,SUBJ0258,CH04,2025-05-24,2025-05-26,TRUE,-14,14
Visit_1,90,SUBJ0258,CH04,2025-08-22,2025-08-26,TRUE,76,104
Visit_2,180,SUBJ0258,CH04,2025-11-20,2025-11-27,TRUE,166,194
Visit_3,270,SUBJ0258,CH04,2026-02-18,2026-02-23,TRUE,256,284
Visit_4,360,SUBJ0258,CH04,2026-05-19,2026-05-14,TRUE,346,374
Visit_5,450,SUBJ0258,CH04,2026-08-17,2026-08-19,TRUE,436,464
Visit_6,540,SUBJ0258,CH04,2026-11-15,2026-11-13,TRUE,526,554
Visit_7,630,SUBJ0258,CH04,2027-02-13,2027-02-18,TRUE,616,644
Visit_8,720,SUBJ0258,CH04,2027-05-14,2027-05-16,TRUE,706,734
Visit_9,810,SUBJ0258,CH04,2027-08-12,2027-08-10,TRUE,796,824
Visit_10,900,SUBJ0258,CH04,2027-11-10,2027-11-10,TRUE,886,914
Visit_11,990,SUBJ0258,CH04,2028-02-08,2028-02-04,TRUE,976,1004
Visit_12,1080,SUBJ0258,CH04,2028-05-08,2028-05-05,TRUE,1066,1094
Visit_13,1170,SUBJ0258,CH04,2028-08-06,2028-08-07,TRUE,1156,1184
End_of_Study,1080,SUBJ0258,CH04,2028-05-08,2028-05-02,TRUE,1066,1094
Safety_Followup,1170,SUBJ0258,CH04,2028-08-06,2028-08-01,TRUE,1156,1184
Screening,-7,SUBJ0259,CH05,2025-03-11,2025-03-13,TRUE,-21,7
Enrollment,0,SUBJ0259,CH05,2025-03-18,2025-03-25,TRUE,-14,14
Visit_1,90,SUBJ0259,CH05,2025-06-16,2025-06-19,TRUE,76,104
Visit_2,180,SUBJ0259,CH05,2025-09-14,2025-09-08,TRUE,166,194
Visit_3,270,SUBJ0259,CH05,2025-12-13,2025-12-06,TRUE,256,284
Visit_4,360,SUBJ0259,CH05,2026-03-13,2026-03-10,TRUE,346,374
Visit_5,450,SUBJ0259,CH05,2026-06-11,2026-06-08,TRUE,436,464
Visit_6,540,SUBJ0259,CH05,2026-09-09,2026-09-04,TRUE,526,554
Visit_7,630,SUBJ0259,CH05,2026-12-08,2026-12-03,TRUE,616,644
Visit_8,720,SUBJ0259,CH05,2027-03-08,2027-03-15,TRUE,706,734
Visit_9,810,SUBJ0259,CH05,2027-06-06,2027-06-12,TRUE,796,824
Visit_10,900,SUBJ0259,CH05,2027-09-04,2027-08-30,TRUE,886,914
Visit_11,990,SUBJ0259,CH05,2027-12-03,2027-12-03,TRUE,976,1004
Visit_12,1080,SUBJ0259,CH05,2028-03-02,2028-02-28,TRUE,1066,1094
Visit_13,1170,SUBJ0259,CH05,2028-05-31,2028-06-07,TRUE,1156,1184
End_of_Study,1080,SUBJ0259,CH05,2028-03-02,2028-03-03,TRUE,1066,1094
Safety_Followup,1170,SUBJ0259,CH05,2028-05-31,2028-06-02,TRUE,1156,1184
Screening,-7,SUBJ0260,CH17,2024-12-28,2025-01-04,TRUE,-21,7
Enrollment,0,SUBJ0260,CH17,2025-01-04,2025-01-07,TRUE,-14,14
Visit_1,90,SUBJ0260,CH17,2025-04-04,2025-04-05,TRUE,76,104
Visit_2,180,SUBJ0260,CH17,2025-07-03,2025-06-26,TRUE,166,194
Visit_3,270,SUBJ0260,CH17,2025-10-01,2025-10-08,TRUE,256,284
Visit_4,360,SUBJ0260,CH17,2025-12-30,2026-01-06,TRUE,346,374
Visit_5,450,SUBJ0260,CH17,2026-03-30,2026-03-29,TRUE,436,464
Visit_6,540,SUBJ0260,CH17,2026-06-28,2026-06-22,TRUE,526,554
Visit_7,630,SUBJ0260,CH17,2026-09-26,2026-09-30,TRUE,616,644
Visit_8,720,SUBJ0260,CH17,2026-12-25,2026-12-23,TRUE,706,734
Visit_9,810,SUBJ0260,CH17,2027-03-25,2027-04-01,TRUE,796,824
Visit_10,900,SUBJ0260,CH17,2027-06-23,2027-06-29,TRUE,886,914
Visit_11,990,SUBJ0260,CH17,2027-09-21,2027-09-14,TRUE,976,1004
Visit_12,1080,SUBJ0260,CH17,2027-12-20,2027-12-20,TRUE,1066,1094
Visit_13,1170,SUBJ0260,CH17,2028-03-19,2028-03-16,TRUE,1156,1184
End_of_Study,1080,SUBJ0260,CH17,2027-12-20,2027-12-20,TRUE,1066,1094
Safety_Followup,1170,SUBJ0260,CH17,2028-03-19,2028-03-16,TRUE,1156,1184
Screening,-7,SUBJ0261,CH15,2025-03-08,2025-03-15,TRUE,-21,7
Enrollment,0,SUBJ0261,CH15,2025-03-15,2025-03-15,TRUE,-14,14
Visit_1,90,SUBJ0261,CH15,2025-06-13,2025-06-08,TRUE,76,104
Visit_2,180,SUBJ0261,CH15,2025-09-11,2025-09-04,TRUE,166,194
Visit_3,270,SUBJ0261,CH15,2025-12-10,2025-12-08,TRUE,256,284
Visit_4,360,SUBJ0261,CH15,2026-03-10,2026-03-09,TRUE,346,374
Visit_5,450,SUBJ0261,CH15,2026-06-08,2026-06-01,TRUE,436,464
Visit_6,540,SUBJ0261,CH15,2026-09-06,2026-09-01,TRUE,526,554
Visit_7,630,SUBJ0261,CH15,2026-12-05,2026-12-04,TRUE,616,644
Visit_8,720,SUBJ0261,CH15,2027-03-05,2027-03-02,TRUE,706,734
Visit_9,810,SUBJ0261,CH15,2027-06-03,2027-06-02,TRUE,796,824
Visit_10,900,SUBJ0261,CH15,2027-09-01,2027-09-04,TRUE,886,914
Visit_11,990,SUBJ0261,CH15,2027-11-30,2027-11-28,TRUE,976,1004
Visit_12,1080,SUBJ0261,CH15,2028-02-28,2028-03-01,TRUE,1066,1094
Visit_13,1170,SUBJ0261,CH15,2028-05-28,2028-05-29,TRUE,1156,1184
End_of_Study,1080,SUBJ0261,CH15,2028-02-28,2028-03-05,TRUE,1066,1094
Safety_Followup,1170,SUBJ0261,CH15,2028-05-28,2028-06-04,TRUE,1156,1184
Screening,-7,SUBJ0262,CH15,2025-04-05,2025-03-31,TRUE,-21,7
Enrollment,0,SUBJ0262,CH15,2025-04-12,2025-04-14,TRUE,-14,14
Visit_1,90,SUBJ0262,CH15,2025-07-11,2025-07-09,TRUE,76,104
Visit_2,180,SUBJ0262,CH15,2025-10-09,2025-10-09,TRUE,166,194
Visit_3,270,SUBJ0262,CH15,2026-01-07,2026-01-08,TRUE,256,284
Visit_4,360,SUBJ0262,CH15,2026-04-07,2026-04-06,TRUE,346,374
Visit_5,450,SUBJ0262,CH15,2026-07-06,2026-07-10,TRUE,436,464
Visit_6,540,SUBJ0262,CH15,2026-10-04,2026-10-03,TRUE,526,554
Visit_7,630,SUBJ0262,CH15,2027-01-02,2027-01-06,TRUE,616,644
Visit_8,720,SUBJ0262,CH15,2027-04-02,2027-04-08,TRUE,706,734
Visit_9,810,SUBJ0262,CH15,2027-07-01,2027-07-05,TRUE,796,824
Visit_10,900,SUBJ0262,CH15,2027-09-29,2027-10-06,TRUE,886,914
Visit_11,990,SUBJ0262,CH15,2027-12-28,2027-12-29,TRUE,976,1004
Visit_12,1080,SUBJ0262,CH15,2028-03-27,2028-03-24,TRUE,1066,1094
Visit_13,1170,SUBJ0262,CH15,2028-06-25,2028-07-01,TRUE,1156,1184
End_of_Study,1080,SUBJ0262,CH15,2028-03-27,2028-03-29,TRUE,1066,1094
Safety_Followup,1170,SUBJ0262,CH15,2028-06-25,2028-06-30,TRUE,1156,1184
Screening,-7,SUBJ0263,CH12,2025-05-13,2025-05-08,TRUE,-21,7
Enrollment,0,SUBJ0263,CH12,2025-05-20,2025-05-16,TRUE,-14,14
Visit_1,90,SUBJ0263,CH12,2025-08-18,2025-08-13,TRUE,76,104
Visit_2,180,SUBJ0263,CH12,2025-11-16,2025-11-20,TRUE,166,194
Visit_3,270,SUBJ0263,CH12,2026-02-14,2026-02-21,TRUE,256,284
Visit_4,360,SUBJ0263,CH12,2026-05-15,2026-05-10,TRUE,346,374
Visit_5,450,SUBJ0263,CH12,2026-08-13,2026-08-20,TRUE,436,464
Visit_6,540,SUBJ0263,CH12,2026-11-11,2026-11-09,TRUE,526,554
Visit_7,630,SUBJ0263,CH12,2027-02-09,2027-02-10,TRUE,616,644
Visit_8,720,SUBJ0263,CH12,2027-05-10,2027-05-16,TRUE,706,734
Visit_9,810,SUBJ0263,CH12,2027-08-08,2027-08-01,TRUE,796,824
Visit_10,900,SUBJ0263,CH12,2027-11-06,2027-10-30,TRUE,886,914
Visit_11,990,SUBJ0263,CH12,2028-02-04,2028-01-30,TRUE,976,1004
Visit_12,1080,SUBJ0263,CH12,2028-05-04,2028-05-04,TRUE,1066,1094
Visit_13,1170,SUBJ0263,CH12,2028-08-02,2028-07-29,TRUE,1156,1184
End_of_Study,1080,SUBJ0263,CH12,2028-05-04,2028-04-30,TRUE,1066,1094
Safety_Followup,1170,SUBJ0263,CH12,2028-08-02,2028-07-31,TRUE,1156,1184
Screening,-7,SUBJ0264,CH08,2025-05-30,2025-05-31,TRUE,-21,7
Enrollment,0,SUBJ0264,CH08,2025-06-06,2025-06-10,TRUE,-14,14
Visit_1,90,SUBJ0264,CH08,2025-09-04,2025-09-01,TRUE,76,104
Visit_2,180,SUBJ0264,CH08,2025-12-03,2025-12-07,TRUE,166,194
Visit_3,270,SUBJ0264,CH08,2026-03-03,2026-03-05,TRUE,256,284
Visit_4,360,SUBJ0264,CH08,2026-06-01,2026-05-27,TRUE,346,374
Visit_5,450,SUBJ0264,CH08,2026-08-30,2026-08-24,TRUE,436,464
Visit_6,540,SUBJ0264,CH08,2026-11-28,NA,FALSE,526,554
Visit_7,630,SUBJ0264,CH08,2027-02-26,NA,FALSE,616,644
Visit_8,720,SUBJ0264,CH08,2027-05-27,NA,FALSE,706,734
Visit_9,810,SUBJ0264,CH08,2027-08-25,NA,FALSE,796,824
Visit_10,900,SUBJ0264,CH08,2027-11-23,NA,FALSE,886,914
Visit_11,990,SUBJ0264,CH08,2028-02-21,NA,FALSE,976,1004
Visit_12,1080,SUBJ0264,CH08,2028-05-21,NA,FALSE,1066,1094
Visit_13,1170,SUBJ0264,CH08,2028-08-19,NA,FALSE,1156,1184
End_of_Study,1080,SUBJ0264,CH08,2028-05-21,NA,FALSE,1066,1094
Safety_Followup,1170,SUBJ0264,CH08,2028-08-19,NA,FALSE,1156,1184
Screening,-7,SUBJ0265,CH07,2025-04-03,2025-04-09,TRUE,-21,7
Enrollment,0,SUBJ0265,CH07,2025-04-10,2025-04-07,TRUE,-14,14
Visit_1,90,SUBJ0265,CH07,2025-07-09,2025-07-04,TRUE,76,104
Visit_2,180,SUBJ0265,CH07,2025-10-07,2025-10-10,TRUE,166,194
Visit_3,270,SUBJ0265,CH07,2026-01-05,2026-01-12,TRUE,256,284
Visit_4,360,SUBJ0265,CH07,2026-04-05,2026-04-07,TRUE,346,374
Visit_5,450,SUBJ0265,CH07,2026-07-04,2026-07-09,TRUE,436,464
Visit_6,540,SUBJ0265,CH07,2026-10-02,2026-10-09,TRUE,526,554
Visit_7,630,SUBJ0265,CH07,2026-12-31,2027-01-04,TRUE,616,644
Visit_8,720,SUBJ0265,CH07,2027-03-31,2027-03-28,TRUE,706,734
Visit_9,810,SUBJ0265,CH07,2027-06-29,2027-06-27,TRUE,796,824
Visit_10,900,SUBJ0265,CH07,2027-09-27,2027-09-23,TRUE,886,914
Visit_11,990,SUBJ0265,CH07,2027-12-26,2027-12-23,TRUE,976,1004
Visit_12,1080,SUBJ0265,CH07,2028-03-25,2028-03-30,TRUE,1066,1094
Visit_13,1170,SUBJ0265,CH07,2028-06-23,2028-06-24,TRUE,1156,1184
End_of_Study,1080,SUBJ0265,CH07,2028-03-25,2028-03-27,TRUE,1066,1094
Safety_Followup,1170,SUBJ0265,CH07,2028-06-23,2028-06-24,TRUE,1156,1184
Screening,-7,SUBJ0266,CH06,2025-05-25,2025-05-27,TRUE,-21,7
Enrollment,0,SUBJ0266,CH06,2025-06-01,2025-06-08,TRUE,-14,14
Visit_1,90,SUBJ0266,CH06,2025-08-30,2025-08-25,TRUE,76,104
Visit_2,180,SUBJ0266,CH06,2025-11-28,2025-11-30,TRUE,166,194
Visit_3,270,SUBJ0266,CH06,2026-02-26,2026-02-25,TRUE,256,284
Visit_4,360,SUBJ0266,CH06,2026-05-27,2026-05-20,TRUE,346,374
Visit_5,450,SUBJ0266,CH06,2026-08-25,2026-08-23,TRUE,436,464
Visit_6,540,SUBJ0266,CH06,2026-11-23,2026-11-16,TRUE,526,554
Visit_7,630,SUBJ0266,CH06,2027-02-21,2027-02-25,TRUE,616,644
Visit_8,720,SUBJ0266,CH06,2027-05-22,2027-05-21,TRUE,706,734
Visit_9,810,SUBJ0266,CH06,2027-08-20,2027-08-25,TRUE,796,824
Visit_10,900,SUBJ0266,CH06,2027-11-18,2027-11-15,TRUE,886,914
Visit_11,990,SUBJ0266,CH06,2028-02-16,2028-02-22,TRUE,976,1004
Visit_12,1080,SUBJ0266,CH06,2028-05-16,2028-05-23,TRUE,1066,1094
Visit_13,1170,SUBJ0266,CH06,2028-08-14,2028-08-08,TRUE,1156,1184
End_of_Study,1080,SUBJ0266,CH06,2028-05-16,2028-05-23,TRUE,1066,1094
Safety_Followup,1170,SUBJ0266,CH06,2028-08-14,2028-08-08,TRUE,1156,1184
Screening,-7,SUBJ0267,CH09,2025-01-21,2025-01-21,TRUE,-21,7
Enrollment,0,SUBJ0267,CH09,2025-01-28,2025-01-24,TRUE,-14,14
Visit_1,90,SUBJ0267,CH09,2025-04-28,2025-04-28,TRUE,76,104
Visit_2,180,SUBJ0267,CH09,2025-07-27,2025-07-23,TRUE,166,194
Visit_3,270,SUBJ0267,CH09,2025-10-25,2025-10-30,TRUE,256,284
Visit_4,360,SUBJ0267,CH09,2026-01-23,2026-01-24,TRUE,346,374
Visit_5,450,SUBJ0267,CH09,2026-04-23,2026-04-30,TRUE,436,464
Visit_6,540,SUBJ0267,CH09,2026-07-22,2026-07-16,TRUE,526,554
Visit_7,630,SUBJ0267,CH09,2026-10-20,2026-10-26,TRUE,616,644
Visit_8,720,SUBJ0267,CH09,2027-01-18,2027-01-11,TRUE,706,734
Visit_9,810,SUBJ0267,CH09,2027-04-18,2027-04-12,TRUE,796,824
Visit_10,900,SUBJ0267,CH09,2027-07-17,2027-07-23,TRUE,886,914
Visit_11,990,SUBJ0267,CH09,2027-10-15,2027-10-21,TRUE,976,1004
Visit_12,1080,SUBJ0267,CH09,2028-01-13,2028-01-11,TRUE,1066,1094
Visit_13,1170,SUBJ0267,CH09,2028-04-12,2028-04-14,TRUE,1156,1184
End_of_Study,1080,SUBJ0267,CH09,2028-01-13,2028-01-18,TRUE,1066,1094
Safety_Followup,1170,SUBJ0267,CH09,2028-04-12,2028-04-09,TRUE,1156,1184
Screening,-7,SUBJ0268,CH03,2025-01-05,2025-01-04,TRUE,-21,7
Enrollment,0,SUBJ0268,CH03,2025-01-12,2025-01-09,TRUE,-14,14
Visit_1,90,SUBJ0268,CH03,2025-04-12,2025-04-11,TRUE,76,104
Visit_2,180,SUBJ0268,CH03,2025-07-11,2025-07-11,TRUE,166,194
Visit_3,270,SUBJ0268,CH03,2025-10-09,2025-10-04,TRUE,256,284
Visit_4,360,SUBJ0268,CH03,2026-01-07,2026-01-03,TRUE,346,374
Visit_5,450,SUBJ0268,CH03,2026-04-07,2026-04-07,TRUE,436,464
Visit_6,540,SUBJ0268,CH03,2026-07-06,2026-07-09,TRUE,526,554
Visit_7,630,SUBJ0268,CH03,2026-10-04,2026-10-08,TRUE,616,644
Visit_8,720,SUBJ0268,CH03,2027-01-02,2026-12-26,TRUE,706,734
Visit_9,810,SUBJ0268,CH03,2027-04-02,2027-03-31,TRUE,796,824
Visit_10,900,SUBJ0268,CH03,2027-07-01,2027-06-26,TRUE,886,914
Visit_11,990,SUBJ0268,CH03,2027-09-29,2027-09-23,TRUE,976,1004
Visit_12,1080,SUBJ0268,CH03,2027-12-28,2027-12-27,TRUE,1066,1094
Visit_13,1170,SUBJ0268,CH03,2028-03-27,2028-03-31,TRUE,1156,1184
End_of_Study,1080,SUBJ0268,CH03,2027-12-28,2027-12-23,TRUE,1066,1094
Safety_Followup,1170,SUBJ0268,CH03,2028-03-27,2028-03-30,TRUE,1156,1184
Screening,-7,SUBJ0269,CH05,2025-04-07,2025-04-13,TRUE,-21,7
Enrollment,0,SUBJ0269,CH05,2025-04-14,2025-04-09,TRUE,-14,14
Visit_1,90,SUBJ0269,CH05,2025-07-13,2025-07-07,TRUE,76,104
Visit_2,180,SUBJ0269,CH05,2025-10-11,2025-10-15,TRUE,166,194
Visit_3,270,SUBJ0269,CH05,2026-01-09,2026-01-10,TRUE,256,284
Visit_4,360,SUBJ0269,CH05,2026-04-09,2026-04-05,TRUE,346,374
Visit_5,450,SUBJ0269,CH05,2026-07-08,2026-07-03,TRUE,436,464
Visit_6,540,SUBJ0269,CH05,2026-10-06,2026-10-05,TRUE,526,554
Visit_7,630,SUBJ0269,CH05,2027-01-04,2026-12-29,TRUE,616,644
Visit_8,720,SUBJ0269,CH05,2027-04-04,2027-04-06,TRUE,706,734
Visit_9,810,SUBJ0269,CH05,2027-07-03,2027-06-29,TRUE,796,824
Visit_10,900,SUBJ0269,CH05,2027-10-01,2027-10-05,TRUE,886,914
Visit_11,990,SUBJ0269,CH05,2027-12-30,2028-01-06,TRUE,976,1004
Visit_12,1080,SUBJ0269,CH05,2028-03-29,2028-03-25,TRUE,1066,1094
Visit_13,1170,SUBJ0269,CH05,2028-06-27,2028-07-02,TRUE,1156,1184
End_of_Study,1080,SUBJ0269,CH05,2028-03-29,2028-03-23,TRUE,1066,1094
Safety_Followup,1170,SUBJ0269,CH05,2028-06-27,2028-07-04,TRUE,1156,1184
Screening,-7,SUBJ0270,CH17,2025-03-31,2025-04-06,TRUE,-21,7
Enrollment,0,SUBJ0270,CH17,2025-04-07,2025-04-02,TRUE,-14,14
Visit_1,90,SUBJ0270,CH17,2025-07-06,2025-07-13,TRUE,76,104
Visit_2,180,SUBJ0270,CH17,2025-10-04,2025-10-03,TRUE,166,194
Visit_3,270,SUBJ0270,CH17,2026-01-02,2026-01-09,TRUE,256,284
Visit_4,360,SUBJ0270,CH17,2026-04-02,2026-03-30,TRUE,346,374
Visit_5,450,SUBJ0270,CH17,2026-07-01,2026-07-06,TRUE,436,464
Visit_6,540,SUBJ0270,CH17,2026-09-29,2026-09-29,TRUE,526,554
Visit_7,630,SUBJ0270,CH17,2026-12-28,2026-12-23,TRUE,616,644
Visit_8,720,SUBJ0270,CH17,2027-03-28,2027-03-23,TRUE,706,734
Visit_9,810,SUBJ0270,CH17,2027-06-26,2027-06-24,TRUE,796,824
Visit_10,900,SUBJ0270,CH17,2027-09-24,2027-10-01,TRUE,886,914
Visit_11,990,SUBJ0270,CH17,2027-12-23,2027-12-17,TRUE,976,1004
Visit_12,1080,SUBJ0270,CH17,2028-03-22,2028-03-27,TRUE,1066,1094
Visit_13,1170,SUBJ0270,CH17,2028-06-20,2028-06-17,TRUE,1156,1184
End_of_Study,1080,SUBJ0270,CH17,2028-03-22,2028-03-15,TRUE,1066,1094
Safety_Followup,1170,SUBJ0270,CH17,2028-06-20,2028-06-16,TRUE,1156,1184
Screening,-7,SUBJ0271,FR02,2025-04-01,2025-03-30,TRUE,-21,7
Enrollment,0,SUBJ0271,FR02,2025-04-08,2025-04-14,TRUE,-14,14
Visit_1,90,SUBJ0271,FR02,2025-07-07,2025-07-01,TRUE,76,104
Visit_2,180,SUBJ0271,FR02,2025-10-05,2025-10-03,TRUE,166,194
Visit_3,270,SUBJ0271,FR02,2026-01-03,2026-01-07,TRUE,256,284
Visit_4,360,SUBJ0271,FR02,2026-04-03,2026-04-09,TRUE,346,374
Visit_5,450,SUBJ0271,FR02,2026-07-02,2026-07-07,TRUE,436,464
Visit_6,540,SUBJ0271,FR02,2026-09-30,2026-10-06,TRUE,526,554
Visit_7,630,SUBJ0271,FR02,2026-12-29,2026-12-22,TRUE,616,644
Visit_8,720,SUBJ0271,FR02,2027-03-29,2027-04-05,TRUE,706,734
Visit_9,810,SUBJ0271,FR02,2027-06-27,2027-06-23,TRUE,796,824
Visit_10,900,SUBJ0271,FR02,2027-09-25,2027-09-22,TRUE,886,914
Visit_11,990,SUBJ0271,FR02,2027-12-24,2027-12-30,TRUE,976,1004
Visit_12,1080,SUBJ0271,FR02,2028-03-23,2028-03-16,TRUE,1066,1094
Visit_13,1170,SUBJ0271,FR02,2028-06-21,2028-06-14,TRUE,1156,1184
End_of_Study,1080,SUBJ0271,FR02,2028-03-23,2028-03-19,TRUE,1066,1094
Safety_Followup,1170,SUBJ0271,FR02,2028-06-21,2028-06-16,TRUE,1156,1184
Screening,-7,SUBJ0272,CH14,2025-03-31,2025-03-24,TRUE,-21,7
Enrollment,0,SUBJ0272,CH14,2025-04-07,2025-04-10,TRUE,-14,14
Visit_1,90,SUBJ0272,CH14,2025-07-06,2025-07-09,TRUE,76,104
Visit_2,180,SUBJ0272,CH14,2025-10-04,2025-09-28,TRUE,166,194
Visit_3,270,SUBJ0272,CH14,2026-01-02,2025-12-31,TRUE,256,284
Visit_4,360,SUBJ0272,CH14,2026-04-02,2026-04-03,TRUE,346,374
Visit_5,450,SUBJ0272,CH14,2026-07-01,2026-06-28,TRUE,436,464
Visit_6,540,SUBJ0272,CH14,2026-09-29,2026-09-24,TRUE,526,554
Visit_7,630,SUBJ0272,CH14,2026-12-28,2026-12-22,TRUE,616,644
Visit_8,720,SUBJ0272,CH14,2027-03-28,2027-03-25,TRUE,706,734
Visit_9,810,SUBJ0272,CH14,2027-06-26,2027-06-23,TRUE,796,824
Visit_10,900,SUBJ0272,CH14,2027-09-24,2027-09-19,TRUE,886,914
Visit_11,990,SUBJ0272,CH14,2027-12-23,2027-12-19,TRUE,976,1004
Visit_12,1080,SUBJ0272,CH14,2028-03-22,2028-03-15,TRUE,1066,1094
Visit_13,1170,SUBJ0272,CH14,2028-06-20,2028-06-13,TRUE,1156,1184
End_of_Study,1080,SUBJ0272,CH14,2028-03-22,2028-03-28,TRUE,1066,1094
Safety_Followup,1170,SUBJ0272,CH14,2028-06-20,2028-06-15,TRUE,1156,1184
Screening,-7,SUBJ0273,CH11,2025-05-23,2025-05-17,TRUE,-21,7
Enrollment,0,SUBJ0273,CH11,2025-05-30,2025-05-30,TRUE,-14,14
Visit_1,90,SUBJ0273,CH11,2025-08-28,2025-09-03,TRUE,76,104
Visit_2,180,SUBJ0273,CH11,2025-11-26,2025-12-01,TRUE,166,194
Visit_3,270,SUBJ0273,CH11,2026-02-24,2026-02-24,TRUE,256,284
Visit_4,360,SUBJ0273,CH11,2026-05-25,2026-05-19,TRUE,346,374
Visit_5,450,SUBJ0273,CH11,2026-08-23,2026-08-17,TRUE,436,464
Visit_6,540,SUBJ0273,CH11,2026-11-21,2026-11-27,TRUE,526,554
Visit_7,630,SUBJ0273,CH11,2027-02-19,2027-02-18,TRUE,616,644
Visit_8,720,SUBJ0273,CH11,2027-05-20,2027-05-23,TRUE,706,734
Visit_9,810,SUBJ0273,CH11,2027-08-18,2027-08-18,TRUE,796,824
Visit_10,900,SUBJ0273,CH11,2027-11-16,2027-11-20,TRUE,886,914
Visit_11,990,SUBJ0273,CH11,2028-02-14,2028-02-21,TRUE,976,1004
Visit_12,1080,SUBJ0273,CH11,2028-05-14,2028-05-20,TRUE,1066,1094
Visit_13,1170,SUBJ0273,CH11,2028-08-12,2028-08-11,TRUE,1156,1184
End_of_Study,1080,SUBJ0273,CH11,2028-05-14,2028-05-15,TRUE,1066,1094
Safety_Followup,1170,SUBJ0273,CH11,2028-08-12,2028-08-12,TRUE,1156,1184
Screening,-7,SUBJ0274,CH11,2025-01-15,2025-01-17,TRUE,-21,7
Enrollment,0,SUBJ0274,CH11,2025-01-22,2025-01-19,TRUE,-14,14
Visit_1,90,SUBJ0274,CH11,2025-04-22,2025-04-21,TRUE,76,104
Visit_2,180,SUBJ0274,CH11,2025-07-21,2025-07-26,TRUE,166,194
Visit_3,270,SUBJ0274,CH11,2025-10-19,2025-10-21,TRUE,256,284
Visit_4,360,SUBJ0274,CH11,2026-01-17,2026-01-17,TRUE,346,374
Visit_5,450,SUBJ0274,CH11,2026-04-17,2026-04-14,TRUE,436,464
Visit_6,540,SUBJ0274,CH11,2026-07-16,NA,FALSE,526,554
Visit_7,630,SUBJ0274,CH11,2026-10-14,NA,FALSE,616,644
Visit_8,720,SUBJ0274,CH11,2027-01-12,NA,FALSE,706,734
Visit_9,810,SUBJ0274,CH11,2027-04-12,NA,FALSE,796,824
Visit_10,900,SUBJ0274,CH11,2027-07-11,NA,FALSE,886,914
Visit_11,990,SUBJ0274,CH11,2027-10-09,NA,FALSE,976,1004
Visit_12,1080,SUBJ0274,CH11,2028-01-07,NA,FALSE,1066,1094
Visit_13,1170,SUBJ0274,CH11,2028-04-06,NA,FALSE,1156,1184
End_of_Study,1080,SUBJ0274,CH11,2028-01-07,NA,FALSE,1066,1094
Safety_Followup,1170,SUBJ0274,CH11,2028-04-06,NA,FALSE,1156,1184
Screening,-7,SUBJ0275,CH14,2025-03-02,2025-03-09,TRUE,-21,7
Enrollment,0,SUBJ0275,CH14,2025-03-09,2025-03-06,TRUE,-14,14
Visit_1,90,SUBJ0275,CH14,2025-06-07,2025-06-07,TRUE,76,104
Visit_2,180,SUBJ0275,CH14,2025-09-05,2025-09-07,TRUE,166,194
Visit_3,270,SUBJ0275,CH14,2025-12-04,2025-12-05,TRUE,256,284
Visit_4,360,SUBJ0275,CH14,2026-03-04,2026-03-06,TRUE,346,374
Visit_5,450,SUBJ0275,CH14,2026-06-02,2026-06-08,TRUE,436,464
Visit_6,540,SUBJ0275,CH14,2026-08-31,2026-08-29,TRUE,526,554
Visit_7,630,SUBJ0275,CH14,2026-11-29,2026-11-27,TRUE,616,644
Visit_8,720,SUBJ0275,CH14,2027-02-27,2027-02-20,TRUE,706,734
Visit_9,810,SUBJ0275,CH14,2027-05-28,2027-05-25,TRUE,796,824
Visit_10,900,SUBJ0275,CH14,2027-08-26,2027-08-27,TRUE,886,914
Visit_11,990,SUBJ0275,CH14,2027-11-24,2027-11-18,TRUE,976,1004
Visit_12,1080,SUBJ0275,CH14,2028-02-22,2028-02-26,TRUE,1066,1094
Visit_13,1170,SUBJ0275,CH14,2028-05-22,2028-05-29,TRUE,1156,1184
End_of_Study,1080,SUBJ0275,CH14,2028-02-22,2028-02-27,TRUE,1066,1094
Safety_Followup,1170,SUBJ0275,CH14,2028-05-22,2028-05-29,TRUE,1156,1184
Screening,-7,SUBJ0276,CH07,2025-06-03,2025-06-04,TRUE,-21,7
Enrollment,0,SUBJ0276,CH07,2025-06-10,2025-06-04,TRUE,-14,14
Visit_1,90,SUBJ0276,CH07,2025-09-08,2025-09-15,TRUE,76,104
Visit_2,180,SUBJ0276,CH07,2025-12-07,2025-12-08,TRUE,166,194
Visit_3,270,SUBJ0276,CH07,2026-03-07,2026-02-28,TRUE,256,284
Visit_4,360,SUBJ0276,CH07,2026-06-05,2026-06-04,TRUE,346,374
Visit_5,450,SUBJ0276,CH07,2026-09-03,2026-08-31,TRUE,436,464
Visit_6,540,SUBJ0276,CH07,2026-12-02,2026-11-27,TRUE,526,554
Visit_7,630,SUBJ0276,CH07,2027-03-02,2027-02-26,TRUE,616,644
Visit_8,720,SUBJ0276,CH07,2027-05-31,2027-05-31,TRUE,706,734
Visit_9,810,SUBJ0276,CH07,2027-08-29,2027-08-25,TRUE,796,824
Visit_10,900,SUBJ0276,CH07,2027-11-27,2027-11-27,TRUE,886,914
Visit_11,990,SUBJ0276,CH07,2028-02-25,2028-03-01,TRUE,976,1004
Visit_12,1080,SUBJ0276,CH07,2028-05-25,2028-05-26,TRUE,1066,1094
Visit_13,1170,SUBJ0276,CH07,2028-08-23,2028-08-18,TRUE,1156,1184
End_of_Study,1080,SUBJ0276,CH07,2028-05-25,2028-05-27,TRUE,1066,1094
Safety_Followup,1170,SUBJ0276,CH07,2028-08-23,2028-08-27,TRUE,1156,1184
Screening,-7,SUBJ0277,CH07,2025-05-20,2025-05-16,TRUE,-21,7
Enrollment,0,SUBJ0277,CH07,2025-05-27,2025-05-27,TRUE,-14,14
Visit_1,90,SUBJ0277,CH07,2025-08-25,2025-08-21,TRUE,76,104
Visit_2,180,SUBJ0277,CH07,2025-11-23,2025-11-16,TRUE,166,194
Visit_3,270,SUBJ0277,CH07,2026-02-21,2026-02-17,TRUE,256,284
Visit_4,360,SUBJ0277,CH07,2026-05-22,2026-05-29,TRUE,346,374
Visit_5,450,SUBJ0277,CH07,2026-08-20,2026-08-16,TRUE,436,464
Visit_6,540,SUBJ0277,CH07,2026-11-18,2026-11-21,TRUE,526,554
Visit_7,630,SUBJ0277,CH07,2027-02-16,2027-02-15,TRUE,616,644
Visit_8,720,SUBJ0277,CH07,2027-05-17,2027-05-12,TRUE,706,734
Visit_9,810,SUBJ0277,CH07,2027-08-15,2027-08-17,TRUE,796,824
Visit_10,900,SUBJ0277,CH07,2027-11-13,2027-11-20,TRUE,886,914
Visit_11,990,SUBJ0277,CH07,2028-02-11,2028-02-09,TRUE,976,1004
Visit_12,1080,SUBJ0277,CH07,2028-05-11,2028-05-05,TRUE,1066,1094
Visit_13,1170,SUBJ0277,CH07,2028-08-09,2028-08-02,TRUE,1156,1184
End_of_Study,1080,SUBJ0277,CH07,2028-05-11,2028-05-18,TRUE,1066,1094
Safety_Followup,1170,SUBJ0277,CH07,2028-08-09,2028-08-09,TRUE,1156,1184
Screening,-7,SUBJ0278,CH05,2025-01-29,2025-01-22,TRUE,-21,7
Enrollment,0,SUBJ0278,CH05,2025-02-05,2025-02-11,TRUE,-14,14
Visit_1,90,SUBJ0278,CH05,2025-05-06,2025-05-07,TRUE,76,104
Visit_2,180,SUBJ0278,CH05,2025-08-04,2025-08-09,TRUE,166,194
Visit_3,270,SUBJ0278,CH05,2025-11-02,2025-10-30,TRUE,256,284
Visit_4,360,SUBJ0278,CH05,2026-01-31,2026-02-06,TRUE,346,374
Visit_5,450,SUBJ0278,CH05,2026-05-01,2026-05-04,TRUE,436,464
Visit_6,540,SUBJ0278,CH05,2026-07-30,2026-07-23,TRUE,526,554
Visit_7,630,SUBJ0278,CH05,2026-10-28,2026-10-27,TRUE,616,644
Visit_8,720,SUBJ0278,CH05,2027-01-26,2027-01-31,TRUE,706,734
Visit_9,810,SUBJ0278,CH05,2027-04-26,2027-04-30,TRUE,796,824
Visit_10,900,SUBJ0278,CH05,2027-07-25,2027-07-26,TRUE,886,914
Visit_11,990,SUBJ0278,CH05,2027-10-23,2027-10-20,TRUE,976,1004
Visit_12,1080,SUBJ0278,CH05,2028-01-21,2028-01-26,TRUE,1066,1094
Visit_13,1170,SUBJ0278,CH05,2028-04-20,2028-04-25,TRUE,1156,1184
End_of_Study,1080,SUBJ0278,CH05,2028-01-21,2028-01-18,TRUE,1066,1094
Safety_Followup,1170,SUBJ0278,CH05,2028-04-20,2028-04-25,TRUE,1156,1184
Screening,-7,SUBJ0279,CH01,2025-05-21,2025-05-25,TRUE,-21,7
Enrollment,0,SUBJ0279,CH01,2025-05-28,2025-05-21,TRUE,-14,14
Visit_1,90,SUBJ0279,CH01,2025-08-26,2025-09-02,TRUE,76,104
Visit_2,180,SUBJ0279,CH01,2025-11-24,2025-11-21,TRUE,166,194
Visit_3,270,SUBJ0279,CH01,2026-02-22,2026-02-22,TRUE,256,284
Visit_4,360,SUBJ0279,CH01,2026-05-23,2026-05-30,TRUE,346,374
Visit_5,450,SUBJ0279,CH01,2026-08-21,2026-08-17,TRUE,436,464
Visit_6,540,SUBJ0279,CH01,2026-11-19,2026-11-22,TRUE,526,554
Visit_7,630,SUBJ0279,CH01,2027-02-17,2027-02-23,TRUE,616,644
Visit_8,720,SUBJ0279,CH01,2027-05-18,2027-05-22,TRUE,706,734
Visit_9,810,SUBJ0279,CH01,2027-08-16,2027-08-23,TRUE,796,824
Visit_10,900,SUBJ0279,CH01,2027-11-14,2027-11-08,TRUE,886,914
Visit_11,990,SUBJ0279,CH01,2028-02-12,2028-02-17,TRUE,976,1004
Visit_12,1080,SUBJ0279,CH01,2028-05-12,2028-05-15,TRUE,1066,1094
Visit_13,1170,SUBJ0279,CH01,2028-08-10,2028-08-04,TRUE,1156,1184
End_of_Study,1080,SUBJ0279,CH01,2028-05-12,2028-05-05,TRUE,1066,1094
Safety_Followup,1170,SUBJ0279,CH01,2028-08-10,2028-08-08,TRUE,1156,1184
Screening,-7,SUBJ0280,CH08,2025-05-07,2025-05-10,TRUE,-21,7
Enrollment,0,SUBJ0280,CH08,2025-05-14,2025-05-20,TRUE,-14,14
Visit_1,90,SUBJ0280,CH08,2025-08-12,2025-08-13,TRUE,76,104
Visit_2,180,SUBJ0280,CH08,2025-11-10,2025-11-10,TRUE,166,194
Visit_3,270,SUBJ0280,CH08,2026-02-08,2026-02-06,TRUE,256,284
Visit_4,360,SUBJ0280,CH08,2026-05-09,2026-05-16,TRUE,346,374
Visit_5,450,SUBJ0280,CH08,2026-08-07,2026-08-02,TRUE,436,464
Visit_6,540,SUBJ0280,CH08,2026-11-05,2026-10-31,TRUE,526,554
Visit_7,630,SUBJ0280,CH08,2027-02-03,2027-02-06,TRUE,616,644
Visit_8,720,SUBJ0280,CH08,2027-05-04,2027-04-27,TRUE,706,734
Visit_9,810,SUBJ0280,CH08,2027-08-02,2027-08-06,TRUE,796,824
Visit_10,900,SUBJ0280,CH08,2027-10-31,2027-10-27,TRUE,886,914
Visit_11,990,SUBJ0280,CH08,2028-01-29,2028-01-29,TRUE,976,1004
Visit_12,1080,SUBJ0280,CH08,2028-04-28,2028-04-24,TRUE,1066,1094
Visit_13,1170,SUBJ0280,CH08,2028-07-27,2028-08-02,TRUE,1156,1184
End_of_Study,1080,SUBJ0280,CH08,2028-04-28,2028-05-02,TRUE,1066,1094
Safety_Followup,1170,SUBJ0280,CH08,2028-07-27,2028-07-31,TRUE,1156,1184
Screening,-7,SUBJ0281,CH13,2025-02-02,2025-02-05,TRUE,-21,7
Enrollment,0,SUBJ0281,CH13,2025-02-09,2025-02-16,TRUE,-14,14
Visit_1,90,SUBJ0281,CH13,2025-05-10,2025-05-11,TRUE,76,104
Visit_2,180,SUBJ0281,CH13,2025-08-08,2025-08-09,TRUE,166,194
Visit_3,270,SUBJ0281,CH13,2025-11-06,2025-11-04,TRUE,256,284
Visit_4,360,SUBJ0281,CH13,2026-02-04,2026-02-01,TRUE,346,374
Visit_5,450,SUBJ0281,CH13,2026-05-05,2026-05-09,TRUE,436,464
Visit_6,540,SUBJ0281,CH13,2026-08-03,2026-08-09,TRUE,526,554
Visit_7,630,SUBJ0281,CH13,2026-11-01,2026-11-01,TRUE,616,644
Visit_8,720,SUBJ0281,CH13,2027-01-30,2027-02-06,TRUE,706,734
Visit_9,810,SUBJ0281,CH13,2027-04-30,2027-05-01,TRUE,796,824
Visit_10,900,SUBJ0281,CH13,2027-07-29,2027-07-26,TRUE,886,914
Visit_11,990,SUBJ0281,CH13,2027-10-27,2027-10-26,TRUE,976,1004
Visit_12,1080,SUBJ0281,CH13,2028-01-25,2028-01-26,TRUE,1066,1094
Visit_13,1170,SUBJ0281,CH13,2028-04-24,2028-04-21,TRUE,1156,1184
End_of_Study,1080,SUBJ0281,CH13,2028-01-25,2028-01-22,TRUE,1066,1094
Safety_Followup,1170,SUBJ0281,CH13,2028-04-24,2028-04-21,TRUE,1156,1184
Screening,-7,SUBJ0282,CH01,2025-05-29,2025-06-02,TRUE,-21,7
Enrollment,0,SUBJ0282,CH01,2025-06-05,2025-06-11,TRUE,-14,14
Visit_1,90,SUBJ0282,CH01,2025-09-03,2025-09-07,TRUE,76,104
Visit_2,180,SUBJ0282,CH01,2025-12-02,2025-12-07,TRUE,166,194
Visit_3,270,SUBJ0282,CH01,2026-03-02,2026-02-27,TRUE,256,284
Visit_4,360,SUBJ0282,CH01,2026-05-31,2026-05-30,TRUE,346,374
Visit_5,450,SUBJ0282,CH01,2026-08-29,2026-08-31,TRUE,436,464
Visit_6,540,SUBJ0282,CH01,2026-11-27,2026-12-01,TRUE,526,554
Visit_7,630,SUBJ0282,CH01,2027-02-25,2027-02-27,TRUE,616,644
Visit_8,720,SUBJ0282,CH01,2027-05-26,2027-05-19,TRUE,706,734
Visit_9,810,SUBJ0282,CH01,2027-08-24,2027-08-31,TRUE,796,824
Visit_10,900,SUBJ0282,CH01,2027-11-22,2027-11-16,TRUE,886,914
Visit_11,990,SUBJ0282,CH01,2028-02-20,2028-02-15,TRUE,976,1004
Visit_12,1080,SUBJ0282,CH01,2028-05-20,2028-05-21,TRUE,1066,1094
Visit_13,1170,SUBJ0282,CH01,2028-08-18,2028-08-14,TRUE,1156,1184
End_of_Study,1080,SUBJ0282,CH01,2028-05-20,2028-05-22,TRUE,1066,1094
Safety_Followup,1170,SUBJ0282,CH01,2028-08-18,2028-08-17,TRUE,1156,1184
Screening,-7,SUBJ0283,CH03,2025-04-25,2025-04-28,TRUE,-21,7
Enrollment,0,SUBJ0283,CH03,2025-05-02,2025-04-29,TRUE,-14,14
Visit_1,90,SUBJ0283,CH03,2025-07-31,2025-08-02,TRUE,76,104
Visit_2,180,SUBJ0283,CH03,2025-10-29,2025-10-22,TRUE,166,194
Visit_3,270,SUBJ0283,CH03,2026-01-27,2026-01-25,TRUE,256,284
Visit_4,360,SUBJ0283,CH03,2026-04-27,2026-04-30,TRUE,346,374
Visit_5,450,SUBJ0283,CH03,2026-07-26,2026-07-19,TRUE,436,464
Visit_6,540,SUBJ0283,CH03,2026-10-24,2026-10-23,TRUE,526,554
Visit_7,630,SUBJ0283,CH03,2027-01-22,2027-01-20,TRUE,616,644
Visit_8,720,SUBJ0283,CH03,2027-04-22,2027-04-22,TRUE,706,734
Visit_9,810,SUBJ0283,CH03,2027-07-21,2027-07-18,TRUE,796,824
Visit_10,900,SUBJ0283,CH03,2027-10-19,2027-10-19,TRUE,886,914
Visit_11,990,SUBJ0283,CH03,2028-01-17,2028-01-24,TRUE,976,1004
Visit_12,1080,SUBJ0283,CH03,2028-04-16,2028-04-15,TRUE,1066,1094
Visit_13,1170,SUBJ0283,CH03,2028-07-15,2028-07-09,TRUE,1156,1184
End_of_Study,1080,SUBJ0283,CH03,2028-04-16,2028-04-20,TRUE,1066,1094
Safety_Followup,1170,SUBJ0283,CH03,2028-07-15,2028-07-19,TRUE,1156,1184
Screening,-7,SUBJ0284,CH02,2025-04-29,2025-04-27,TRUE,-21,7
Enrollment,0,SUBJ0284,CH02,2025-05-06,2025-05-08,TRUE,-14,14
Visit_1,90,SUBJ0284,CH02,2025-08-04,2025-08-03,TRUE,76,104
Visit_2,180,SUBJ0284,CH02,2025-11-02,2025-11-08,TRUE,166,194
Visit_3,270,SUBJ0284,CH02,2026-01-31,2026-01-29,TRUE,256,284
Visit_4,360,SUBJ0284,CH02,2026-05-01,2026-05-03,TRUE,346,374
Visit_5,450,SUBJ0284,CH02,2026-07-30,2026-07-24,TRUE,436,464
Visit_6,540,SUBJ0284,CH02,2026-10-28,2026-10-25,TRUE,526,554
Visit_7,630,SUBJ0284,CH02,2027-01-26,2027-01-28,TRUE,616,644
Visit_8,720,SUBJ0284,CH02,2027-04-26,2027-05-02,TRUE,706,734
Visit_9,810,SUBJ0284,CH02,2027-07-25,2027-07-24,TRUE,796,824
Visit_10,900,SUBJ0284,CH02,2027-10-23,2027-10-26,TRUE,886,914
Visit_11,990,SUBJ0284,CH02,2028-01-21,2028-01-23,TRUE,976,1004
Visit_12,1080,SUBJ0284,CH02,2028-04-20,2028-04-21,TRUE,1066,1094
Visit_13,1170,SUBJ0284,CH02,2028-07-19,2028-07-20,TRUE,1156,1184
End_of_Study,1080,SUBJ0284,CH02,2028-04-20,2028-04-17,TRUE,1066,1094
Safety_Followup,1170,SUBJ0284,CH02,2028-07-19,2028-07-12,TRUE,1156,1184
Screening,-7,SUBJ0285,CH03,2025-06-14,2025-06-07,TRUE,-21,7
Enrollment,0,SUBJ0285,CH03,2025-06-21,2025-06-17,TRUE,-14,14
Visit_1,90,SUBJ0285,CH03,2025-09-19,2025-09-25,TRUE,76,104
Visit_2,180,SUBJ0285,CH03,2025-12-18,2025-12-12,TRUE,166,194
Visit_3,270,SUBJ0285,CH03,2026-03-18,2026-03-24,TRUE,256,284
Visit_4,360,SUBJ0285,CH03,2026-06-16,2026-06-23,TRUE,346,374
Visit_5,450,SUBJ0285,CH03,2026-09-14,2026-09-10,TRUE,436,464
Visit_6,540,SUBJ0285,CH03,2026-12-13,2026-12-07,TRUE,526,554
Visit_7,630,SUBJ0285,CH03,2027-03-13,2027-03-19,TRUE,616,644
Visit_8,720,SUBJ0285,CH03,2027-06-11,2027-06-15,TRUE,706,734
Visit_9,810,SUBJ0285,CH03,2027-09-09,2027-09-12,TRUE,796,824
Visit_10,900,SUBJ0285,CH03,2027-12-08,2027-12-14,TRUE,886,914
Visit_11,990,SUBJ0285,CH03,2028-03-07,2028-03-10,TRUE,976,1004
Visit_12,1080,SUBJ0285,CH03,2028-06-05,2028-06-03,TRUE,1066,1094
Visit_13,1170,SUBJ0285,CH03,2028-09-03,2028-09-06,TRUE,1156,1184
End_of_Study,1080,SUBJ0285,CH03,2028-06-05,2028-06-10,TRUE,1066,1094
Safety_Followup,1170,SUBJ0285,CH03,2028-09-03,2028-08-31,TRUE,1156,1184
Screening,-7,SUBJ0286,CH17,2025-05-01,2025-05-05,TRUE,-21,7
Enrollment,0,SUBJ0286,CH17,2025-05-08,2025-05-06,TRUE,-14,14
Visit_1,90,SUBJ0286,CH17,2025-08-06,2025-08-08,TRUE,76,104
Visit_2,180,SUBJ0286,CH17,2025-11-04,2025-10-29,TRUE,166,194
Visit_3,270,SUBJ0286,CH17,2026-02-02,2026-01-28,TRUE,256,284
Visit_4,360,SUBJ0286,CH17,2026-05-03,2026-04-29,TRUE,346,374
Visit_5,450,SUBJ0286,CH17,2026-08-01,2026-07-28,TRUE,436,464
Visit_6,540,SUBJ0286,CH17,2026-10-30,2026-10-29,TRUE,526,554
Visit_7,630,SUBJ0286,CH17,2027-01-28,2027-01-30,TRUE,616,644
Visit_8,720,SUBJ0286,CH17,2027-04-28,2027-04-28,TRUE,706,734
Visit_9,810,SUBJ0286,CH17,2027-07-27,2027-07-20,TRUE,796,824
Visit_10,900,SUBJ0286,CH17,2027-10-25,2027-10-25,TRUE,886,914
Visit_11,990,SUBJ0286,CH17,2028-01-23,2028-01-23,TRUE,976,1004
Visit_12,1080,SUBJ0286,CH17,2028-04-22,2028-04-16,TRUE,1066,1094
Visit_13,1170,SUBJ0286,CH17,2028-07-21,2028-07-20,TRUE,1156,1184
End_of_Study,1080,SUBJ0286,CH17,2028-04-22,2028-04-23,TRUE,1066,1094
Safety_Followup,1170,SUBJ0286,CH17,2028-07-21,2028-07-28,TRUE,1156,1184
Screening,-7,SUBJ0287,CH04,2025-04-09,2025-04-06,TRUE,-21,7
Enrollment,0,SUBJ0287,CH04,2025-04-16,2025-04-10,TRUE,-14,14
Visit_1,90,SUBJ0287,CH04,2025-07-15,2025-07-13,TRUE,76,104
Visit_2,180,SUBJ0287,CH04,2025-10-13,2025-10-07,TRUE,166,194
Visit_3,270,SUBJ0287,CH04,2026-01-11,2026-01-17,TRUE,256,284
Visit_4,360,SUBJ0287,CH04,2026-04-11,2026-04-18,TRUE,346,374
Visit_5,450,SUBJ0287,CH04,2026-07-10,2026-07-10,TRUE,436,464
Visit_6,540,SUBJ0287,CH04,2026-10-08,2026-10-03,TRUE,526,554
Visit_7,630,SUBJ0287,CH04,2027-01-06,2027-01-06,TRUE,616,644
Visit_8,720,SUBJ0287,CH04,2027-04-06,2027-04-11,TRUE,706,734
Visit_9,810,SUBJ0287,CH04,2027-07-05,2027-07-03,TRUE,796,824
Visit_10,900,SUBJ0287,CH04,2027-10-03,2027-09-29,TRUE,886,914
Visit_11,990,SUBJ0287,CH04,2028-01-01,2027-12-27,TRUE,976,1004
Visit_12,1080,SUBJ0287,CH04,2028-03-31,2028-03-26,TRUE,1066,1094
Visit_13,1170,SUBJ0287,CH04,2028-06-29,2028-07-02,TRUE,1156,1184
End_of_Study,1080,SUBJ0287,CH04,2028-03-31,2028-03-24,TRUE,1066,1094
Safety_Followup,1170,SUBJ0287,CH04,2028-06-29,2028-07-01,TRUE,1156,1184
Screening,-7,SUBJ0288,CH15,2025-05-14,2025-05-15,TRUE,-21,7
Enrollment,0,SUBJ0288,CH15,2025-05-21,2025-05-16,TRUE,-14,14
Visit_1,90,SUBJ0288,CH15,2025-08-19,2025-08-20,TRUE,76,104
Visit_2,180,SUBJ0288,CH15,2025-11-17,2025-11-20,TRUE,166,194
Visit_3,270,SUBJ0288,CH15,2026-02-15,2026-02-20,TRUE,256,284
Visit_4,360,SUBJ0288,CH15,2026-05-16,2026-05-13,TRUE,346,374
Visit_5,450,SUBJ0288,CH15,2026-08-14,2026-08-21,TRUE,436,464
Visit_6,540,SUBJ0288,CH15,2026-11-12,2026-11-19,TRUE,526,554
Visit_7,630,SUBJ0288,CH15,2027-02-10,2027-02-17,TRUE,616,644
Visit_8,720,SUBJ0288,CH15,2027-05-11,2027-05-04,TRUE,706,734
Visit_9,810,SUBJ0288,CH15,2027-08-09,2027-08-15,TRUE,796,824
Visit_10,900,SUBJ0288,CH15,2027-11-07,2027-11-09,TRUE,886,914
Visit_11,990,SUBJ0288,CH15,2028-02-05,2028-02-03,TRUE,976,1004
Visit_12,1080,SUBJ0288,CH15,2028-05-05,2028-04-28,TRUE,1066,1094
Visit_13,1170,SUBJ0288,CH15,2028-08-03,2028-08-01,TRUE,1156,1184
End_of_Study,1080,SUBJ0288,CH15,2028-05-05,2028-05-05,TRUE,1066,1094
Safety_Followup,1170,SUBJ0288,CH15,2028-08-03,2028-07-31,TRUE,1156,1184
Screening,-7,SUBJ0289,CH03,2025-04-22,2025-04-27,TRUE,-21,7
Enrollment,0,SUBJ0289,CH03,2025-04-29,2025-05-01,TRUE,-14,14
Visit_1,90,SUBJ0289,CH03,2025-07-28,2025-08-02,TRUE,76,104
Visit_2,180,SUBJ0289,CH03,2025-10-26,2025-10-30,TRUE,166,194
Visit_3,270,SUBJ0289,CH03,2026-01-24,2026-01-31,TRUE,256,284
Visit_4,360,SUBJ0289,CH03,2026-04-24,2026-04-19,TRUE,346,374
Visit_5,450,SUBJ0289,CH03,2026-07-23,2026-07-26,TRUE,436,464
Visit_6,540,SUBJ0289,CH03,2026-10-21,2026-10-19,TRUE,526,554
Visit_7,630,SUBJ0289,CH03,2027-01-19,NA,FALSE,616,644
Visit_8,720,SUBJ0289,CH03,2027-04-19,NA,FALSE,706,734
Visit_9,810,SUBJ0289,CH03,2027-07-18,NA,FALSE,796,824
Visit_10,900,SUBJ0289,CH03,2027-10-16,NA,FALSE,886,914
Visit_11,990,SUBJ0289,CH03,2028-01-14,NA,FALSE,976,1004
Visit_12,1080,SUBJ0289,CH03,2028-04-13,NA,FALSE,1066,1094
Visit_13,1170,SUBJ0289,CH03,2028-07-12,NA,FALSE,1156,1184
End_of_Study,1080,SUBJ0289,CH03,2028-04-13,NA,FALSE,1066,1094
Safety_Followup,1170,SUBJ0289,CH03,2028-07-12,NA,FALSE,1156,1184
Screening,-7,SUBJ0290,CH17,2025-02-26,2025-02-24,TRUE,-21,7
Enrollment,0,SUBJ0290,CH17,2025-03-05,2025-03-04,TRUE,-14,14
Visit_1,90,SUBJ0290,CH17,2025-06-03,2025-06-07,TRUE,76,104
Visit_2,180,SUBJ0290,CH17,2025-09-01,2025-09-04,TRUE,166,194
Visit_3,270,SUBJ0290,CH17,2025-11-30,2025-11-25,TRUE,256,284
Visit_4,360,SUBJ0290,CH17,2026-02-28,2026-03-03,TRUE,346,374
Visit_5,450,SUBJ0290,CH17,2026-05-29,2026-06-05,TRUE,436,464
Visit_6,540,SUBJ0290,CH17,2026-08-27,2026-09-02,TRUE,526,554
Visit_7,630,SUBJ0290,CH17,2026-11-25,2026-11-29,TRUE,616,644
Visit_8,720,SUBJ0290,CH17,2027-02-23,2027-02-27,TRUE,706,734
Visit_9,810,SUBJ0290,CH17,2027-05-24,2027-05-24,TRUE,796,824
Visit_10,900,SUBJ0290,CH17,2027-08-22,2027-08-22,TRUE,886,914
Visit_11,990,SUBJ0290,CH17,2027-11-20,2027-11-23,TRUE,976,1004
Visit_12,1080,SUBJ0290,CH17,2028-02-18,2028-02-17,TRUE,1066,1094
Visit_13,1170,SUBJ0290,CH17,2028-05-18,2028-05-22,TRUE,1156,1184
End_of_Study,1080,SUBJ0290,CH17,2028-02-18,2028-02-23,TRUE,1066,1094
Safety_Followup,1170,SUBJ0290,CH17,2028-05-18,2028-05-17,TRUE,1156,1184
Screening,-7,SUBJ0291,CH01,2025-05-11,2025-05-16,TRUE,-21,7
Enrollment,0,SUBJ0291,CH01,2025-05-18,2025-05-18,TRUE,-14,14
Visit_1,90,SUBJ0291,CH01,2025-08-16,2025-08-15,TRUE,76,104
Visit_2,180,SUBJ0291,CH01,2025-11-14,2025-11-08,TRUE,166,194
Visit_3,270,SUBJ0291,CH01,2026-02-12,2026-02-17,TRUE,256,284
Visit_4,360,SUBJ0291,CH01,2026-05-13,2026-05-10,TRUE,346,374
Visit_5,450,SUBJ0291,CH01,2026-08-11,2026-08-09,TRUE,436,464
Visit_6,540,SUBJ0291,CH01,2026-11-09,2026-11-12,TRUE,526,554
Visit_7,630,SUBJ0291,CH01,2027-02-07,2027-02-13,TRUE,616,644
Visit_8,720,SUBJ0291,CH01,2027-05-08,2027-05-14,TRUE,706,734
Visit_9,810,SUBJ0291,CH01,2027-08-06,2027-08-01,TRUE,796,824
Visit_10,900,SUBJ0291,CH01,2027-11-04,2027-11-01,TRUE,886,914
Visit_11,990,SUBJ0291,CH01,2028-02-02,2028-02-04,TRUE,976,1004
Visit_12,1080,SUBJ0291,CH01,2028-05-02,2028-04-26,TRUE,1066,1094
Visit_13,1170,SUBJ0291,CH01,2028-07-31,2028-08-03,TRUE,1156,1184
End_of_Study,1080,SUBJ0291,CH01,2028-05-02,2028-05-02,TRUE,1066,1094
Safety_Followup,1170,SUBJ0291,CH01,2028-07-31,2028-07-27,TRUE,1156,1184
Screening,-7,SUBJ0292,CH15,2025-05-11,2025-05-08,TRUE,-21,7
Enrollment,0,SUBJ0292,CH15,2025-05-18,2025-05-18,TRUE,-14,14
Visit_1,90,SUBJ0292,CH15,2025-08-16,2025-08-10,TRUE,76,104
Visit_2,180,SUBJ0292,CH15,2025-11-14,2025-11-11,TRUE,166,194
Visit_3,270,SUBJ0292,CH15,2026-02-12,2026-02-05,TRUE,256,284
Visit_4,360,SUBJ0292,CH15,2026-05-13,2026-05-06,TRUE,346,374
Visit_5,450,SUBJ0292,CH15,2026-08-11,2026-08-15,TRUE,436,464
Visit_6,540,SUBJ0292,CH15,2026-11-09,2026-11-10,TRUE,526,554
Visit_7,630,SUBJ0292,CH15,2027-02-07,2027-02-08,TRUE,616,644
Visit_8,720,SUBJ0292,CH15,2027-05-08,2027-05-07,TRUE,706,734
Visit_9,810,SUBJ0292,CH15,2027-08-06,2027-08-10,TRUE,796,824
Visit_10,900,SUBJ0292,CH15,2027-11-04,2027-11-06,TRUE,886,914
Visit_11,990,SUBJ0292,CH15,2028-02-02,2028-02-03,TRUE,976,1004
Visit_12,1080,SUBJ0292,CH15,2028-05-02,2028-04-25,TRUE,1066,1094
Visit_13,1170,SUBJ0292,CH15,2028-07-31,2028-07-25,TRUE,1156,1184
End_of_Study,1080,SUBJ0292,CH15,2028-05-02,2028-05-06,TRUE,1066,1094
Safety_Followup,1170,SUBJ0292,CH15,2028-07-31,2028-08-03,TRUE,1156,1184
Screening,-7,SUBJ0293,CH11,2025-04-23,2025-04-25,TRUE,-21,7
Enrollment,0,SUBJ0293,CH11,2025-04-30,2025-04-24,TRUE,-14,14
Visit_1,90,SUBJ0293,CH11,2025-07-29,2025-08-04,TRUE,76,104
Visit_2,180,SUBJ0293,CH11,2025-10-27,2025-10-31,TRUE,166,194
Visit_3,270,SUBJ0293,CH11,2026-01-25,2026-01-23,TRUE,256,284
Visit_4,360,SUBJ0293,CH11,2026-04-25,2026-04-21,TRUE,346,374
Visit_5,450,SUBJ0293,CH11,2026-07-24,2026-07-25,TRUE,436,464
Visit_6,540,SUBJ0293,CH11,2026-10-22,2026-10-23,TRUE,526,554
Visit_7,630,SUBJ0293,CH11,2027-01-20,2027-01-17,TRUE,616,644
Visit_8,720,SUBJ0293,CH11,2027-04-20,2027-04-15,TRUE,706,734
Visit_9,810,SUBJ0293,CH11,2027-07-19,2027-07-12,TRUE,796,824
Visit_10,900,SUBJ0293,CH11,2027-10-17,2027-10-19,TRUE,886,914
Visit_11,990,SUBJ0293,CH11,2028-01-15,2028-01-21,TRUE,976,1004
Visit_12,1080,SUBJ0293,CH11,2028-04-14,2028-04-16,TRUE,1066,1094
Visit_13,1170,SUBJ0293,CH11,2028-07-13,2028-07-11,TRUE,1156,1184
End_of_Study,1080,SUBJ0293,CH11,2028-04-14,2028-04-13,TRUE,1066,1094
Safety_Followup,1170,SUBJ0293,CH11,2028-07-13,2028-07-16,TRUE,1156,1184
Screening,-7,SUBJ0294,IT01,2025-04-15,2025-04-12,TRUE,-21,7
Enrollment,0,SUBJ0294,IT01,2025-04-22,2025-04-15,TRUE,-14,14
Visit_1,90,SUBJ0294,IT01,2025-07-21,2025-07-17,TRUE,76,104
Visit_2,180,SUBJ0294,IT01,2025-10-19,2025-10-17,TRUE,166,194
Visit_3,270,SUBJ0294,IT01,2026-01-17,2026-01-10,TRUE,256,284
Visit_4,360,SUBJ0294,IT01,2026-04-17,2026-04-20,TRUE,346,374
Visit_5,450,SUBJ0294,IT01,2026-07-16,2026-07-12,TRUE,436,464
Visit_6,540,SUBJ0294,IT01,2026-10-14,2026-10-21,TRUE,526,554
Visit_7,630,SUBJ0294,IT01,2027-01-12,2027-01-10,TRUE,616,644
Visit_8,720,SUBJ0294,IT01,2027-04-12,2027-04-07,TRUE,706,734
Visit_9,810,SUBJ0294,IT01,2027-07-11,2027-07-12,TRUE,796,824
Visit_10,900,SUBJ0294,IT01,2027-10-09,2027-10-05,TRUE,886,914
Visit_11,990,SUBJ0294,IT01,2028-01-07,2028-01-13,TRUE,976,1004
Visit_12,1080,SUBJ0294,IT01,2028-04-06,2028-04-13,TRUE,1066,1094
Visit_13,1170,SUBJ0294,IT01,2028-07-05,2028-07-11,TRUE,1156,1184
End_of_Study,1080,SUBJ0294,IT01,2028-04-06,2028-04-06,TRUE,1066,1094
Safety_Followup,1170,SUBJ0294,IT01,2028-07-05,2028-07-02,TRUE,1156,1184
Screening,-7,SUBJ0295,CH03,2025-03-13,2025-03-19,TRUE,-21,7
Enrollment,0,SUBJ0295,CH03,2025-03-20,2025-03-14,TRUE,-14,14
Visit_1,90,SUBJ0295,CH03,2025-06-18,2025-06-15,TRUE,76,104
Visit_2,180,SUBJ0295,CH03,2025-09-16,2025-09-19,TRUE,166,194
Visit_3,270,SUBJ0295,CH03,2025-12-15,2025-12-08,TRUE,256,284
Visit_4,360,SUBJ0295,CH03,2026-03-15,2026-03-14,TRUE,346,374
Visit_5,450,SUBJ0295,CH03,2026-06-13,2026-06-11,TRUE,436,464
Visit_6,540,SUBJ0295,CH03,2026-09-11,2026-09-08,TRUE,526,554
Visit_7,630,SUBJ0295,CH03,2026-12-10,2026-12-06,TRUE,616,644
Visit_8,720,SUBJ0295,CH03,2027-03-10,2027-03-10,TRUE,706,734
Visit_9,810,SUBJ0295,CH03,2027-06-08,2027-06-02,TRUE,796,824
Visit_10,900,SUBJ0295,CH03,2027-09-06,2027-09-12,TRUE,886,914
Visit_11,990,SUBJ0295,CH03,2027-12-05,2027-11-30,TRUE,976,1004
Visit_12,1080,SUBJ0295,CH03,2028-03-04,2028-03-07,TRUE,1066,1094
Visit_13,1170,SUBJ0295,CH03,2028-06-02,2028-06-07,TRUE,1156,1184
End_of_Study,1080,SUBJ0295,CH03,2028-03-04,2028-03-06,TRUE,1066,1094
Safety_Followup,1170,SUBJ0295,CH03,2028-06-02,2028-05-29,TRUE,1156,1184
Screening,-7,SUBJ0296,CH13,2025-03-24,2025-03-23,TRUE,-21,7
Enrollment,0,SUBJ0296,CH13,2025-03-31,2025-04-01,TRUE,-14,14
Visit_1,90,SUBJ0296,CH13,2025-06-29,2025-06-30,TRUE,76,104
Visit_2,180,SUBJ0296,CH13,2025-09-27,2025-09-24,TRUE,166,194
Visit_3,270,SUBJ0296,CH13,2025-12-26,2025-12-19,TRUE,256,284
Visit_4,360,SUBJ0296,CH13,2026-03-26,2026-03-21,TRUE,346,374
Visit_5,450,SUBJ0296,CH13,2026-06-24,2026-06-30,TRUE,436,464
Visit_6,540,SUBJ0296,CH13,2026-09-22,2026-09-16,TRUE,526,554
Visit_7,630,SUBJ0296,CH13,2026-12-21,2026-12-20,TRUE,616,644
Visit_8,720,SUBJ0296,CH13,2027-03-21,2027-03-22,TRUE,706,734
Visit_9,810,SUBJ0296,CH13,2027-06-19,2027-06-14,TRUE,796,824
Visit_10,900,SUBJ0296,CH13,2027-09-17,2027-09-11,TRUE,886,914
Visit_11,990,SUBJ0296,CH13,2027-12-16,2027-12-15,TRUE,976,1004
Visit_12,1080,SUBJ0296,CH13,2028-03-15,2028-03-13,TRUE,1066,1094
Visit_13,1170,SUBJ0296,CH13,2028-06-13,2028-06-06,TRUE,1156,1184
End_of_Study,1080,SUBJ0296,CH13,2028-03-15,2028-03-16,TRUE,1066,1094
Safety_Followup,1170,SUBJ0296,CH13,2028-06-13,2028-06-10,TRUE,1156,1184
Screening,-7,SUBJ0297,IT01,2025-06-23,2025-06-26,TRUE,-21,7
Enrollment,0,SUBJ0297,IT01,2025-06-30,2025-06-25,TRUE,-14,14
Visit_1,90,SUBJ0297,IT01,2025-09-28,2025-09-26,TRUE,76,104
Visit_2,180,SUBJ0297,IT01,2025-12-27,2025-12-29,TRUE,166,194
Visit_3,270,SUBJ0297,IT01,2026-03-27,2026-03-21,TRUE,256,284
Visit_4,360,SUBJ0297,IT01,2026-06-25,2026-06-18,TRUE,346,374
Visit_5,450,SUBJ0297,IT01,2026-09-23,2026-09-27,TRUE,436,464
Visit_6,540,SUBJ0297,IT01,2026-12-22,2026-12-20,TRUE,526,554
Visit_7,630,SUBJ0297,IT01,2027-03-22,2027-03-21,TRUE,616,644
Visit_8,720,SUBJ0297,IT01,2027-06-20,2027-06-19,TRUE,706,734
Visit_9,810,SUBJ0297,IT01,2027-09-18,2027-09-12,TRUE,796,824
Visit_10,900,SUBJ0297,IT01,2027-12-17,2027-12-23,TRUE,886,914
Visit_11,990,SUBJ0297,IT01,2028-03-16,2028-03-21,TRUE,976,1004
Visit_12,1080,SUBJ0297,IT01,2028-06-14,2028-06-07,TRUE,1066,1094
Visit_13,1170,SUBJ0297,IT01,2028-09-12,2028-09-11,TRUE,1156,1184
End_of_Study,1080,SUBJ0297,IT01,2028-06-14,2028-06-13,TRUE,1066,1094
Safety_Followup,1170,SUBJ0297,IT01,2028-09-12,2028-09-12,TRUE,1156,1184
Screening,-7,SUBJ0298,FR01,2025-01-31,2025-01-30,TRUE,-21,7
Enrollment,0,SUBJ0298,FR01,2025-02-07,2025-02-02,TRUE,-14,14
Visit_1,90,SUBJ0298,FR01,2025-05-08,2025-05-07,TRUE,76,104
Visit_2,180,SUBJ0298,FR01,2025-08-06,2025-08-05,TRUE,166,194
Visit_3,270,SUBJ0298,FR01,2025-11-04,2025-11-09,TRUE,256,284
Visit_4,360,SUBJ0298,FR01,2026-02-02,2026-02-07,TRUE,346,374
Visit_5,450,SUBJ0298,FR01,2026-05-03,2026-05-03,TRUE,436,464
Visit_6,540,SUBJ0298,FR01,2026-08-01,2026-07-26,TRUE,526,554
Visit_7,630,SUBJ0298,FR01,2026-10-30,2026-10-26,TRUE,616,644
Visit_8,720,SUBJ0298,FR01,2027-01-28,2027-01-31,TRUE,706,734
Visit_9,810,SUBJ0298,FR01,2027-04-28,2027-04-22,TRUE,796,824
Visit_10,900,SUBJ0298,FR01,2027-07-27,NA,FALSE,886,914
Visit_11,990,SUBJ0298,FR01,2027-10-25,NA,FALSE,976,1004
Visit_12,1080,SUBJ0298,FR01,2028-01-23,NA,FALSE,1066,1094
Visit_13,1170,SUBJ0298,FR01,2028-04-22,NA,FALSE,1156,1184
End_of_Study,1080,SUBJ0298,FR01,2028-01-23,NA,FALSE,1066,1094
Safety_Followup,1170,SUBJ0298,FR01,2028-04-22,NA,FALSE,1156,1184
Screening,-7,SUBJ0299,CH11,2025-04-02,2025-04-03,TRUE,-21,7
Enrollment,0,SUBJ0299,CH11,2025-04-09,2025-04-12,TRUE,-14,14
Visit_1,90,SUBJ0299,CH11,2025-07-08,2025-07-09,TRUE,76,104
Visit_2,180,SUBJ0299,CH11,2025-10-06,2025-10-07,TRUE,166,194
Visit_3,270,SUBJ0299,CH11,2026-01-04,2026-01-01,TRUE,256,284
Visit_4,360,SUBJ0299,CH11,2026-04-04,2026-04-05,TRUE,346,374
Visit_5,450,SUBJ0299,CH11,2026-07-03,2026-07-03,TRUE,436,464
Visit_6,540,SUBJ0299,CH11,2026-10-01,2026-09-30,TRUE,526,554
Visit_7,630,SUBJ0299,CH11,2026-12-30,2026-12-30,TRUE,616,644
Visit_8,720,SUBJ0299,CH11,2027-03-30,2027-04-04,TRUE,706,734
Visit_9,810,SUBJ0299,CH11,2027-06-28,2027-06-24,TRUE,796,824
Visit_10,900,SUBJ0299,CH11,2027-09-26,NA,FALSE,886,914
Visit_11,990,SUBJ0299,CH11,2027-12-25,NA,FALSE,976,1004
Visit_12,1080,SUBJ0299,CH11,2028-03-24,NA,FALSE,1066,1094
Visit_13,1170,SUBJ0299,CH11,2028-06-22,NA,FALSE,1156,1184
End_of_Study,1080,SUBJ0299,CH11,2028-03-24,NA,FALSE,1066,1094
Safety_Followup,1170,SUBJ0299,CH11,2028-06-22,NA,FALSE,1156,1184
Screening,-7,SUBJ0300,CH05,2025-06-06,2025-06-08,TRUE,-21,7
Enrollment,0,SUBJ0300,CH05,2025-06-13,2025-06-19,TRUE,-14,14
Visit_1,90,SUBJ0300,CH05,2025-09-11,2025-09-12,TRUE,76,104
Visit_2,180,SUBJ0300,CH05,2025-12-10,2025-12-12,TRUE,166,194
Visit_3,270,SUBJ0300,CH05,2026-03-10,2026-03-03,TRUE,256,284
Visit_4,360,SUBJ0300,CH05,2026-06-08,2026-06-02,TRUE,346,374
Visit_5,450,SUBJ0300,CH05,2026-09-06,2026-09-04,TRUE,436,464
Visit_6,540,SUBJ0300,CH05,2026-12-05,2026-12-07,TRUE,526,554
Visit_7,630,SUBJ0300,CH05,2027-03-05,2027-02-28,TRUE,616,644
Visit_8,720,SUBJ0300,CH05,2027-06-03,2027-06-02,TRUE,706,734
Visit_9,810,SUBJ0300,CH05,2027-09-01,2027-09-07,TRUE,796,824
Visit_10,900,SUBJ0300,CH05,2027-11-30,2027-12-06,TRUE,886,914
Visit_11,990,SUBJ0300,CH05,2028-02-28,2028-02-27,TRUE,976,1004
Visit_12,1080,SUBJ0300,CH05,2028-05-28,2028-05-26,TRUE,1066,1094
Visit_13,1170,SUBJ0300,CH05,2028-08-26,2028-08-29,TRUE,1156,1184
End_of_Study,1080,SUBJ0300,CH05,2028-05-28,2028-05-29,TRUE,1066,1094
Safety_Followup,1170,SUBJ0300,CH05,2028-08-26,2028-08-25,TRUE,1156,1184
Screening,-7,SUBJ0301,CH09,2025-04-11,2025-04-09,TRUE,-21,7
Enrollment,0,SUBJ0301,CH09,2025-04-18,2025-04-14,TRUE,-14,14
Visit_1,90,SUBJ0301,CH09,2025-07-17,2025-07-17,TRUE,76,104
Visit_2,180,SUBJ0301,CH09,2025-10-15,2025-10-08,TRUE,166,194
Visit_3,270,SUBJ0301,CH09,2026-01-13,2026-01-14,TRUE,256,284
Visit_4,360,SUBJ0301,CH09,2026-04-13,2026-04-08,TRUE,346,374
Visit_5,450,SUBJ0301,CH09,2026-07-12,2026-07-07,TRUE,436,464
Visit_6,540,SUBJ0301,CH09,2026-10-10,2026-10-15,TRUE,526,554
Visit_7,630,SUBJ0301,CH09,2027-01-08,2027-01-12,TRUE,616,644
Visit_8,720,SUBJ0301,CH09,2027-04-08,2027-04-10,TRUE,706,734
Visit_9,810,SUBJ0301,CH09,2027-07-07,2027-07-06,TRUE,796,824
Visit_10,900,SUBJ0301,CH09,2027-10-05,2027-10-06,TRUE,886,914
Visit_11,990,SUBJ0301,CH09,2028-01-03,2027-12-31,TRUE,976,1004
Visit_12,1080,SUBJ0301,CH09,2028-04-02,2028-03-30,TRUE,1066,1094
Visit_13,1170,SUBJ0301,CH09,2028-07-01,2028-07-03,TRUE,1156,1184
End_of_Study,1080,SUBJ0301,CH09,2028-04-02,2028-04-03,TRUE,1066,1094
Safety_Followup,1170,SUBJ0301,CH09,2028-07-01,2028-07-06,TRUE,1156,1184
Screening,-7,SUBJ0302,CH05,2025-01-11,2025-01-10,TRUE,-21,7
Enrollment,0,SUBJ0302,CH05,2025-01-18,2025-01-17,TRUE,-14,14
Visit_1,90,SUBJ0302,CH05,2025-04-18,2025-04-21,TRUE,76,104
Visit_2,180,SUBJ0302,CH05,2025-07-17,2025-07-19,TRUE,166,194
Visit_3,270,SUBJ0302,CH05,2025-10-15,2025-10-13,TRUE,256,284
Visit_4,360,SUBJ0302,CH05,2026-01-13,2026-01-11,TRUE,346,374
Visit_5,450,SUBJ0302,CH05,2026-04-13,2026-04-11,TRUE,436,464
Visit_6,540,SUBJ0302,CH05,2026-07-12,2026-07-14,TRUE,526,554
Visit_7,630,SUBJ0302,CH05,2026-10-10,2026-10-05,TRUE,616,644
Visit_8,720,SUBJ0302,CH05,2027-01-08,2027-01-13,TRUE,706,734
Visit_9,810,SUBJ0302,CH05,2027-04-08,2027-04-02,TRUE,796,824
Visit_10,900,SUBJ0302,CH05,2027-07-07,2027-07-12,TRUE,886,914
Visit_11,990,SUBJ0302,CH05,2027-10-05,2027-10-03,TRUE,976,1004
Visit_12,1080,SUBJ0302,CH05,2028-01-03,2028-01-06,TRUE,1066,1094
Visit_13,1170,SUBJ0302,CH05,2028-04-02,2028-04-09,TRUE,1156,1184
End_of_Study,1080,SUBJ0302,CH05,2028-01-03,2027-12-27,TRUE,1066,1094
Safety_Followup,1170,SUBJ0302,CH05,2028-04-02,2028-03-28,TRUE,1156,1184
Screening,-7,SUBJ0303,IT01,2025-05-14,2025-05-21,TRUE,-21,7
Enrollment,0,SUBJ0303,IT01,2025-05-21,2025-05-27,TRUE,-14,14
Visit_1,90,SUBJ0303,IT01,2025-08-19,2025-08-19,TRUE,76,104
Visit_2,180,SUBJ0303,IT01,2025-11-17,2025-11-22,TRUE,166,194
Visit_3,270,SUBJ0303,IT01,2026-02-15,2026-02-20,TRUE,256,284
Visit_4,360,SUBJ0303,IT01,2026-05-16,2026-05-19,TRUE,346,374
Visit_5,450,SUBJ0303,IT01,2026-08-14,2026-08-14,TRUE,436,464
Visit_6,540,SUBJ0303,IT01,2026-11-12,2026-11-14,TRUE,526,554
Visit_7,630,SUBJ0303,IT01,2027-02-10,2027-02-05,TRUE,616,644
Visit_8,720,SUBJ0303,IT01,2027-05-11,2027-05-09,TRUE,706,734
Visit_9,810,SUBJ0303,IT01,2027-08-09,2027-08-08,TRUE,796,824
Visit_10,900,SUBJ0303,IT01,2027-11-07,2027-11-11,TRUE,886,914
Visit_11,990,SUBJ0303,IT01,2028-02-05,2028-01-30,TRUE,976,1004
Visit_12,1080,SUBJ0303,IT01,2028-05-05,2028-05-06,TRUE,1066,1094
Visit_13,1170,SUBJ0303,IT01,2028-08-03,2028-08-08,TRUE,1156,1184
End_of_Study,1080,SUBJ0303,IT01,2028-05-05,2028-04-28,TRUE,1066,1094
Safety_Followup,1170,SUBJ0303,IT01,2028-08-03,2028-08-08,TRUE,1156,1184
Screening,-7,SUBJ0304,CH10,2025-01-11,2025-01-18,TRUE,-21,7
Enrollment,0,SUBJ0304,CH10,2025-01-18,2025-01-20,TRUE,-14,14
Visit_1,90,SUBJ0304,CH10,2025-04-18,2025-04-18,TRUE,76,104
Visit_2,180,SUBJ0304,CH10,2025-07-17,2025-07-15,TRUE,166,194
Visit_3,270,SUBJ0304,CH10,2025-10-15,2025-10-08,TRUE,256,284
Visit_4,360,SUBJ0304,CH10,2026-01-13,2026-01-13,TRUE,346,374
Visit_5,450,SUBJ0304,CH10,2026-04-13,2026-04-13,TRUE,436,464
Visit_6,540,SUBJ0304,CH10,2026-07-12,2026-07-16,TRUE,526,554
Visit_7,630,SUBJ0304,CH10,2026-10-10,2026-10-14,TRUE,616,644
Visit_8,720,SUBJ0304,CH10,2027-01-08,2027-01-05,TRUE,706,734
Visit_9,810,SUBJ0304,CH10,2027-04-08,2027-04-04,TRUE,796,824
Visit_10,900,SUBJ0304,CH10,2027-07-07,2027-07-10,TRUE,886,914
Visit_11,990,SUBJ0304,CH10,2027-10-05,2027-10-10,TRUE,976,1004
Visit_12,1080,SUBJ0304,CH10,2028-01-03,2027-12-27,TRUE,1066,1094
Visit_13,1170,SUBJ0304,CH10,2028-04-02,2028-03-29,TRUE,1156,1184
End_of_Study,1080,SUBJ0304,CH10,2028-01-03,2028-01-10,TRUE,1066,1094
Safety_Followup,1170,SUBJ0304,CH10,2028-04-02,2028-03-27,TRUE,1156,1184
Screening,-7,SUBJ0305,CH15,2025-02-19,2025-02-23,TRUE,-21,7
Enrollment,0,SUBJ0305,CH15,2025-02-26,2025-02-28,TRUE,-14,14
Visit_1,90,SUBJ0305,CH15,2025-05-27,2025-06-03,TRUE,76,104
Visit_2,180,SUBJ0305,CH15,2025-08-25,2025-08-20,TRUE,166,194
Visit_3,270,SUBJ0305,CH15,2025-11-23,2025-11-28,TRUE,256,284
Visit_4,360,SUBJ0305,CH15,2026-02-21,2026-02-26,TRUE,346,374
Visit_5,450,SUBJ0305,CH15,2026-05-22,2026-05-20,TRUE,436,464
Visit_6,540,SUBJ0305,CH15,2026-08-20,2026-08-25,TRUE,526,554
Visit_7,630,SUBJ0305,CH15,2026-11-18,2026-11-13,TRUE,616,644
Visit_8,720,SUBJ0305,CH15,2027-02-16,2027-02-12,TRUE,706,734
Visit_9,810,SUBJ0305,CH15,2027-05-17,2027-05-24,TRUE,796,824
Visit_10,900,SUBJ0305,CH15,2027-08-15,2027-08-12,TRUE,886,914
Visit_11,990,SUBJ0305,CH15,2027-11-13,2027-11-11,TRUE,976,1004
Visit_12,1080,SUBJ0305,CH15,2028-02-11,2028-02-06,TRUE,1066,1094
Visit_13,1170,SUBJ0305,CH15,2028-05-11,2028-05-15,TRUE,1156,1184
End_of_Study,1080,SUBJ0305,CH15,2028-02-11,2028-02-12,TRUE,1066,1094
Safety_Followup,1170,SUBJ0305,CH15,2028-05-11,2028-05-13,TRUE,1156,1184
Screening,-7,SUBJ0306,CH04,2025-04-13,2025-04-11,TRUE,-21,7
Enrollment,0,SUBJ0306,CH04,2025-04-20,2025-04-26,TRUE,-14,14
Visit_1,90,SUBJ0306,CH04,2025-07-19,2025-07-16,TRUE,76,104
Visit_2,180,SUBJ0306,CH04,2025-10-17,2025-10-20,TRUE,166,194
Visit_3,270,SUBJ0306,CH04,2026-01-15,2026-01-08,TRUE,256,284
Visit_4,360,SUBJ0306,CH04,2026-04-15,2026-04-21,TRUE,346,374
Visit_5,450,SUBJ0306,CH04,2026-07-14,2026-07-16,TRUE,436,464
Visit_6,540,SUBJ0306,CH04,2026-10-12,2026-10-18,TRUE,526,554
Visit_7,630,SUBJ0306,CH04,2027-01-10,2027-01-10,TRUE,616,644
Visit_8,720,SUBJ0306,CH04,2027-04-10,2027-04-07,TRUE,706,734
Visit_9,810,SUBJ0306,CH04,2027-07-09,2027-07-03,TRUE,796,824
Visit_10,900,SUBJ0306,CH04,2027-10-07,2027-10-06,TRUE,886,914
Visit_11,990,SUBJ0306,CH04,2028-01-05,2028-01-10,TRUE,976,1004
Visit_12,1080,SUBJ0306,CH04,2028-04-04,2028-03-29,TRUE,1066,1094
Visit_13,1170,SUBJ0306,CH04,2028-07-03,2028-07-09,TRUE,1156,1184
End_of_Study,1080,SUBJ0306,CH04,2028-04-04,2028-03-28,TRUE,1066,1094
Safety_Followup,1170,SUBJ0306,CH04,2028-07-03,2028-07-07,TRUE,1156,1184
Screening,-7,SUBJ0307,CH05,2025-02-19,2025-02-21,TRUE,-21,7
Enrollment,0,SUBJ0307,CH05,2025-02-26,2025-03-02,TRUE,-14,14
Visit_1,90,SUBJ0307,CH05,2025-05-27,2025-05-25,TRUE,76,104
Visit_2,180,SUBJ0307,CH05,2025-08-25,2025-08-22,TRUE,166,194
Visit_3,270,SUBJ0307,CH05,2025-11-23,2025-11-17,TRUE,256,284
Visit_4,360,SUBJ0307,CH05,2026-02-21,2026-02-25,TRUE,346,374
Visit_5,450,SUBJ0307,CH05,2026-05-22,2026-05-28,TRUE,436,464
Visit_6,540,SUBJ0307,CH05,2026-08-20,2026-08-24,TRUE,526,554
Visit_7,630,SUBJ0307,CH05,2026-11-18,2026-11-21,TRUE,616,644
Visit_8,720,SUBJ0307,CH05,2027-02-16,2027-02-11,TRUE,706,734
Visit_9,810,SUBJ0307,CH05,2027-05-17,2027-05-17,TRUE,796,824
Visit_10,900,SUBJ0307,CH05,2027-08-15,2027-08-15,TRUE,886,914
Visit_11,990,SUBJ0307,CH05,2027-11-13,2027-11-17,TRUE,976,1004
Visit_12,1080,SUBJ0307,CH05,2028-02-11,2028-02-11,TRUE,1066,1094
Visit_13,1170,SUBJ0307,CH05,2028-05-11,2028-05-04,TRUE,1156,1184
End_of_Study,1080,SUBJ0307,CH05,2028-02-11,2028-02-07,TRUE,1066,1094
Safety_Followup,1170,SUBJ0307,CH05,2028-05-11,2028-05-08,TRUE,1156,1184
Screening,-7,SUBJ0308,CH12,2025-04-28,2025-04-22,TRUE,-21,7
Enrollment,0,SUBJ0308,CH12,2025-05-05,2025-05-01,TRUE,-14,14
Visit_1,90,SUBJ0308,CH12,2025-08-03,2025-07-28,TRUE,76,104
Visit_2,180,SUBJ0308,CH12,2025-11-01,2025-10-30,TRUE,166,194
Visit_3,270,SUBJ0308,CH12,2026-01-30,2026-01-28,TRUE,256,284
Visit_4,360,SUBJ0308,CH12,2026-04-30,2026-05-05,TRUE,346,374
Visit_5,450,SUBJ0308,CH12,2026-07-29,2026-07-27,TRUE,436,464
Visit_6,540,SUBJ0308,CH12,2026-10-27,2026-10-30,TRUE,526,554
Visit_7,630,SUBJ0308,CH12,2027-01-25,2027-01-23,TRUE,616,644
Visit_8,720,SUBJ0308,CH12,2027-04-25,2027-05-02,TRUE,706,734
Visit_9,810,SUBJ0308,CH12,2027-07-24,2027-07-23,TRUE,796,824
Visit_10,900,SUBJ0308,CH12,2027-10-22,2027-10-19,TRUE,886,914
Visit_11,990,SUBJ0308,CH12,2028-01-20,2028-01-16,TRUE,976,1004
Visit_12,1080,SUBJ0308,CH12,2028-04-19,2028-04-12,TRUE,1066,1094
Visit_13,1170,SUBJ0308,CH12,2028-07-18,2028-07-12,TRUE,1156,1184
End_of_Study,1080,SUBJ0308,CH12,2028-04-19,2028-04-17,TRUE,1066,1094
Safety_Followup,1170,SUBJ0308,CH12,2028-07-18,2028-07-16,TRUE,1156,1184
Screening,-7,SUBJ0309,CH07,2025-05-25,2025-05-21,TRUE,-21,7
Enrollment,0,SUBJ0309,CH07,2025-06-01,2025-06-06,TRUE,-14,14
Visit_1,90,SUBJ0309,CH07,2025-08-30,2025-09-05,TRUE,76,104
Visit_2,180,SUBJ0309,CH07,2025-11-28,2025-11-25,TRUE,166,194
Visit_3,270,SUBJ0309,CH07,2026-02-26,2026-02-27,TRUE,256,284
Visit_4,360,SUBJ0309,CH07,2026-05-27,2026-06-03,TRUE,346,374
Visit_5,450,SUBJ0309,CH07,2026-08-25,2026-08-25,TRUE,436,464
Visit_6,540,SUBJ0309,CH07,2026-11-23,2026-11-16,TRUE,526,554
Visit_7,630,SUBJ0309,CH07,2027-02-21,2027-02-26,TRUE,616,644
Visit_8,720,SUBJ0309,CH07,2027-05-22,2027-05-29,TRUE,706,734
Visit_9,810,SUBJ0309,CH07,2027-08-20,2027-08-22,TRUE,796,824
Visit_10,900,SUBJ0309,CH07,2027-11-18,2027-11-11,TRUE,886,914
Visit_11,990,SUBJ0309,CH07,2028-02-16,2028-02-15,TRUE,976,1004
Visit_12,1080,SUBJ0309,CH07,2028-05-16,2028-05-09,TRUE,1066,1094
Visit_13,1170,SUBJ0309,CH07,2028-08-14,2028-08-08,TRUE,1156,1184
End_of_Study,1080,SUBJ0309,CH07,2028-05-16,2028-05-16,TRUE,1066,1094
Safety_Followup,1170,SUBJ0309,CH07,2028-08-14,2028-08-07,TRUE,1156,1184
Screening,-7,SUBJ0310,CH02,2025-06-23,2025-06-30,TRUE,-21,7
Enrollment,0,SUBJ0310,CH02,2025-06-30,2025-06-26,TRUE,-14,14
Visit_1,90,SUBJ0310,CH02,2025-09-28,2025-09-29,TRUE,76,104
Visit_2,180,SUBJ0310,CH02,2025-12-27,2025-12-21,TRUE,166,194
Visit_3,270,SUBJ0310,CH02,2026-03-27,2026-03-29,TRUE,256,284
Visit_4,360,SUBJ0310,CH02,2026-06-25,2026-06-24,TRUE,346,374
Visit_5,450,SUBJ0310,CH02,2026-09-23,2026-09-16,TRUE,436,464
Visit_6,540,SUBJ0310,CH02,2026-12-22,2026-12-28,TRUE,526,554
Visit_7,630,SUBJ0310,CH02,2027-03-22,2027-03-19,TRUE,616,644
Visit_8,720,SUBJ0310,CH02,2027-06-20,2027-06-23,TRUE,706,734
Visit_9,810,SUBJ0310,CH02,2027-09-18,2027-09-17,TRUE,796,824
Visit_10,900,SUBJ0310,CH02,2027-12-17,2027-12-11,TRUE,886,914
Visit_11,990,SUBJ0310,CH02,2028-03-16,2028-03-13,TRUE,976,1004
Visit_12,1080,SUBJ0310,CH02,2028-06-14,2028-06-09,TRUE,1066,1094
Visit_13,1170,SUBJ0310,CH02,2028-09-12,2028-09-13,TRUE,1156,1184
End_of_Study,1080,SUBJ0310,CH02,2028-06-14,2028-06-07,TRUE,1066,1094
Safety_Followup,1170,SUBJ0310,CH02,2028-09-12,2028-09-07,TRUE,1156,1184
Screening,-7,SUBJ0311,CH03,2025-01-14,2025-01-09,TRUE,-21,7
Enrollment,0,SUBJ0311,CH03,2025-01-21,2025-01-23,TRUE,-14,14
Visit_1,90,SUBJ0311,CH03,2025-04-21,2025-04-23,TRUE,76,104
Visit_2,180,SUBJ0311,CH03,2025-07-20,2025-07-23,TRUE,166,194
Visit_3,270,SUBJ0311,CH03,2025-10-18,2025-10-16,TRUE,256,284
Visit_4,360,SUBJ0311,CH03,2026-01-16,2026-01-17,TRUE,346,374
Visit_5,450,SUBJ0311,CH03,2026-04-16,2026-04-15,TRUE,436,464
Visit_6,540,SUBJ0311,CH03,2026-07-15,2026-07-14,TRUE,526,554
Visit_7,630,SUBJ0311,CH03,2026-10-13,2026-10-11,TRUE,616,644
Visit_8,720,SUBJ0311,CH03,2027-01-11,2027-01-08,TRUE,706,734
Visit_9,810,SUBJ0311,CH03,2027-04-11,2027-04-11,TRUE,796,824
Visit_10,900,SUBJ0311,CH03,2027-07-10,2027-07-11,TRUE,886,914
Visit_11,990,SUBJ0311,CH03,2027-10-08,2027-10-12,TRUE,976,1004
Visit_12,1080,SUBJ0311,CH03,2028-01-06,2028-01-05,TRUE,1066,1094
Visit_13,1170,SUBJ0311,CH03,2028-04-05,2028-03-30,TRUE,1156,1184
End_of_Study,1080,SUBJ0311,CH03,2028-01-06,2028-01-12,TRUE,1066,1094
Safety_Followup,1170,SUBJ0311,CH03,2028-04-05,2028-04-05,TRUE,1156,1184
Screening,-7,SUBJ0312,CH04,2025-03-17,2025-03-16,TRUE,-21,7
Enrollment,0,SUBJ0312,CH04,2025-03-24,2025-03-20,TRUE,-14,14
Visit_1,90,SUBJ0312,CH04,2025-06-22,2025-06-22,TRUE,76,104
Visit_2,180,SUBJ0312,CH04,2025-09-20,2025-09-22,TRUE,166,194
Visit_3,270,SUBJ0312,CH04,2025-12-19,2025-12-18,TRUE,256,284
Visit_4,360,SUBJ0312,CH04,2026-03-19,2026-03-17,TRUE,346,374
Visit_5,450,SUBJ0312,CH04,2026-06-17,2026-06-24,TRUE,436,464
Visit_6,540,SUBJ0312,CH04,2026-09-15,2026-09-21,TRUE,526,554
Visit_7,630,SUBJ0312,CH04,2026-12-14,2026-12-18,TRUE,616,644
Visit_8,720,SUBJ0312,CH04,2027-03-14,NA,FALSE,706,734
Visit_9,810,SUBJ0312,CH04,2027-06-12,NA,FALSE,796,824
Visit_10,900,SUBJ0312,CH04,2027-09-10,NA,FALSE,886,914
Visit_11,990,SUBJ0312,CH04,2027-12-09,NA,FALSE,976,1004
Visit_12,1080,SUBJ0312,CH04,2028-03-08,NA,FALSE,1066,1094
Visit_13,1170,SUBJ0312,CH04,2028-06-06,NA,FALSE,1156,1184
End_of_Study,1080,SUBJ0312,CH04,2028-03-08,NA,FALSE,1066,1094
Safety_Followup,1170,SUBJ0312,CH04,2028-06-06,NA,FALSE,1156,1184
Screening,-7,SUBJ0313,DE01,2025-01-16,2025-01-17,TRUE,-21,7
Enrollment,0,SUBJ0313,DE01,2025-01-23,2025-01-24,TRUE,-14,14
Visit_1,90,SUBJ0313,DE01,2025-04-23,2025-04-30,TRUE,76,104
Visit_2,180,SUBJ0313,DE01,2025-07-22,2025-07-20,TRUE,166,194
Visit_3,270,SUBJ0313,DE01,2025-10-20,2025-10-21,TRUE,256,284
Visit_4,360,SUBJ0313,DE01,2026-01-18,2026-01-15,TRUE,346,374
Visit_5,450,SUBJ0313,DE01,2026-04-18,2026-04-18,TRUE,436,464
Visit_6,540,SUBJ0313,DE01,2026-07-17,2026-07-12,TRUE,526,554
Visit_7,630,SUBJ0313,DE01,2026-10-15,2026-10-20,TRUE,616,644
Visit_8,720,SUBJ0313,DE01,2027-01-13,2027-01-10,TRUE,706,734
Visit_9,810,SUBJ0313,DE01,2027-04-13,2027-04-07,TRUE,796,824
Visit_10,900,SUBJ0313,DE01,2027-07-12,2027-07-14,TRUE,886,914
Visit_11,990,SUBJ0313,DE01,2027-10-10,2027-10-15,TRUE,976,1004
Visit_12,1080,SUBJ0313,DE01,2028-01-08,2028-01-02,TRUE,1066,1094
Visit_13,1170,SUBJ0313,DE01,2028-04-07,2028-04-09,TRUE,1156,1184
End_of_Study,1080,SUBJ0313,DE01,2028-01-08,2028-01-08,TRUE,1066,1094
Safety_Followup,1170,SUBJ0313,DE01,2028-04-07,2028-04-10,TRUE,1156,1184
Screening,-7,SUBJ0314,CH16,2025-03-18,2025-03-18,TRUE,-21,7
Enrollment,0,SUBJ0314,CH16,2025-03-25,2025-04-01,TRUE,-14,14
Visit_1,90,SUBJ0314,CH16,2025-06-23,2025-06-23,TRUE,76,104
Visit_2,180,SUBJ0314,CH16,2025-09-21,2025-09-27,TRUE,166,194
Visit_3,270,SUBJ0314,CH16,2025-12-20,2025-12-27,TRUE,256,284
Visit_4,360,SUBJ0314,CH16,2026-03-20,NA,FALSE,346,374
Visit_5,450,SUBJ0314,CH16,2026-06-18,NA,FALSE,436,464
Visit_6,540,SUBJ0314,CH16,2026-09-16,NA,FALSE,526,554
Visit_7,630,SUBJ0314,CH16,2026-12-15,NA,FALSE,616,644
Visit_8,720,SUBJ0314,CH16,2027-03-15,NA,FALSE,706,734
Visit_9,810,SUBJ0314,CH16,2027-06-13,NA,FALSE,796,824
Visit_10,900,SUBJ0314,CH16,2027-09-11,NA,FALSE,886,914
Visit_11,990,SUBJ0314,CH16,2027-12-10,NA,FALSE,976,1004
Visit_12,1080,SUBJ0314,CH16,2028-03-09,NA,FALSE,1066,1094
Visit_13,1170,SUBJ0314,CH16,2028-06-07,NA,FALSE,1156,1184
End_of_Study,1080,SUBJ0314,CH16,2028-03-09,NA,FALSE,1066,1094
Safety_Followup,1170,SUBJ0314,CH16,2028-06-07,NA,FALSE,1156,1184
Screening,-7,SUBJ0315,CH16,2025-05-09,2025-05-04,TRUE,-21,7
Enrollment,0,SUBJ0315,CH16,2025-05-16,2025-05-09,TRUE,-14,14
Visit_1,90,SUBJ0315,CH16,2025-08-14,2025-08-07,TRUE,76,104
Visit_2,180,SUBJ0315,CH16,2025-11-12,2025-11-06,TRUE,166,194
Visit_3,270,SUBJ0315,CH16,2026-02-10,2026-02-06,TRUE,256,284
Visit_4,360,SUBJ0315,CH16,2026-05-11,2026-05-11,TRUE,346,374
Visit_5,450,SUBJ0315,CH16,2026-08-09,2026-08-03,TRUE,436,464
Visit_6,540,SUBJ0315,CH16,2026-11-07,2026-10-31,TRUE,526,554
Visit_7,630,SUBJ0315,CH16,2027-02-05,2027-02-04,TRUE,616,644
Visit_8,720,SUBJ0315,CH16,2027-05-06,2027-05-02,TRUE,706,734
Visit_9,810,SUBJ0315,CH16,2027-08-04,2027-07-28,TRUE,796,824
Visit_10,900,SUBJ0315,CH16,2027-11-02,2027-10-26,TRUE,886,914
Visit_11,990,SUBJ0315,CH16,2028-01-31,2028-01-30,TRUE,976,1004
Visit_12,1080,SUBJ0315,CH16,2028-04-30,2028-05-04,TRUE,1066,1094
Visit_13,1170,SUBJ0315,CH16,2028-07-29,2028-07-31,TRUE,1156,1184
End_of_Study,1080,SUBJ0315,CH16,2028-04-30,2028-04-27,TRUE,1066,1094
Safety_Followup,1170,SUBJ0315,CH16,2028-07-29,2028-07-29,TRUE,1156,1184
Screening,-7,SUBJ0316,CH17,2025-02-01,2025-02-02,TRUE,-21,7
Enrollment,0,SUBJ0316,CH17,2025-02-08,2025-02-14,TRUE,-14,14
Visit_1,90,SUBJ0316,CH17,2025-05-09,2025-05-02,TRUE,76,104
Visit_2,180,SUBJ0316,CH17,2025-08-07,2025-08-09,TRUE,166,194
Visit_3,270,SUBJ0316,CH17,2025-11-05,2025-11-06,TRUE,256,284
Visit_4,360,SUBJ0316,CH17,2026-02-03,2026-01-30,TRUE,346,374
Visit_5,450,SUBJ0316,CH17,2026-05-04,2026-05-07,TRUE,436,464
Visit_6,540,SUBJ0316,CH17,2026-08-02,2026-07-27,TRUE,526,554
Visit_7,630,SUBJ0316,CH17,2026-10-31,2026-10-26,TRUE,616,644
Visit_8,720,SUBJ0316,CH17,2027-01-29,2027-01-28,TRUE,706,734
Visit_9,810,SUBJ0316,CH17,2027-04-29,2027-05-05,TRUE,796,824
Visit_10,900,SUBJ0316,CH17,2027-07-28,2027-07-25,TRUE,886,914
Visit_11,990,SUBJ0316,CH17,2027-10-26,2027-10-29,TRUE,976,1004
Visit_12,1080,SUBJ0316,CH17,2028-01-24,2028-01-21,TRUE,1066,1094
Visit_13,1170,SUBJ0316,CH17,2028-04-23,2028-04-25,TRUE,1156,1184
End_of_Study,1080,SUBJ0316,CH17,2028-01-24,2028-01-18,TRUE,1066,1094
Safety_Followup,1170,SUBJ0316,CH17,2028-04-23,2028-04-24,TRUE,1156,1184
Screening,-7,SUBJ0317,CH16,2025-02-08,2025-02-15,TRUE,-21,7
Enrollment,0,SUBJ0317,CH16,2025-02-15,2025-02-13,TRUE,-14,14
Visit_1,90,SUBJ0317,CH16,2025-05-16,2025-05-13,TRUE,76,104
Visit_2,180,SUBJ0317,CH16,2025-08-14,2025-08-18,TRUE,166,194
Visit_3,270,SUBJ0317,CH16,2025-11-12,2025-11-07,TRUE,256,284
Visit_4,360,SUBJ0317,CH16,2026-02-10,2026-02-11,TRUE,346,374
Visit_5,450,SUBJ0317,CH16,2026-05-11,2026-05-13,TRUE,436,464
Visit_6,540,SUBJ0317,CH16,2026-08-09,2026-08-09,TRUE,526,554
Visit_7,630,SUBJ0317,CH16,2026-11-07,2026-11-11,TRUE,616,644
Visit_8,720,SUBJ0317,CH16,2027-02-05,2027-02-08,TRUE,706,734
Visit_9,810,SUBJ0317,CH16,2027-05-06,2027-05-05,TRUE,796,824
Visit_10,900,SUBJ0317,CH16,2027-08-04,2027-07-28,TRUE,886,914
Visit_11,990,SUBJ0317,CH16,2027-11-02,2027-10-28,TRUE,976,1004
Visit_12,1080,SUBJ0317,CH16,2028-01-31,2028-01-24,TRUE,1066,1094
Visit_13,1170,SUBJ0317,CH16,2028-04-30,2028-05-02,TRUE,1156,1184
End_of_Study,1080,SUBJ0317,CH16,2028-01-31,2028-02-02,TRUE,1066,1094
Safety_Followup,1170,SUBJ0317,CH16,2028-04-30,2028-05-02,TRUE,1156,1184
Screening,-7,SUBJ0318,CH17,2025-04-06,2025-04-13,TRUE,-21,7
Enrollment,0,SUBJ0318,CH17,2025-04-13,2025-04-08,TRUE,-14,14
Visit_1,90,SUBJ0318,CH17,2025-07-12,2025-07-09,TRUE,76,104
Visit_2,180,SUBJ0318,CH17,2025-10-10,2025-10-09,TRUE,166,194
Visit_3,270,SUBJ0318,CH17,2026-01-08,2026-01-09,TRUE,256,284
Visit_4,360,SUBJ0318,CH17,2026-04-08,2026-04-10,TRUE,346,374
Visit_5,450,SUBJ0318,CH17,2026-07-07,2026-07-12,TRUE,436,464
Visit_6,540,SUBJ0318,CH17,2026-10-05,2026-10-09,TRUE,526,554
Visit_7,630,SUBJ0318,CH17,2027-01-03,2027-01-02,TRUE,616,644
Visit_8,720,SUBJ0318,CH17,2027-04-03,2027-04-05,TRUE,706,734
Visit_9,810,SUBJ0318,CH17,2027-07-02,2027-07-06,TRUE,796,824
Visit_10,900,SUBJ0318,CH17,2027-09-30,2027-09-29,TRUE,886,914
Visit_11,990,SUBJ0318,CH17,2027-12-29,2027-12-31,TRUE,976,1004
Visit_12,1080,SUBJ0318,CH17,2028-03-28,2028-03-21,TRUE,1066,1094
Visit_13,1170,SUBJ0318,CH17,2028-06-26,2028-06-26,TRUE,1156,1184
End_of_Study,1080,SUBJ0318,CH17,2028-03-28,2028-04-03,TRUE,1066,1094
Safety_Followup,1170,SUBJ0318,CH17,2028-06-26,2028-06-28,TRUE,1156,1184
Screening,-7,SUBJ0319,CH17,2025-05-20,2025-05-13,TRUE,-21,7
Enrollment,0,SUBJ0319,CH17,2025-05-27,2025-05-20,TRUE,-14,14
Visit_1,90,SUBJ0319,CH17,2025-08-25,2025-08-20,TRUE,76,104
Visit_2,180,SUBJ0319,CH17,2025-11-23,2025-11-27,TRUE,166,194
Visit_3,270,SUBJ0319,CH17,2026-02-21,2026-02-20,TRUE,256,284
Visit_4,360,SUBJ0319,CH17,2026-05-22,2026-05-20,TRUE,346,374
Visit_5,450,SUBJ0319,CH17,2026-08-20,2026-08-13,TRUE,436,464
Visit_6,540,SUBJ0319,CH17,2026-11-18,2026-11-24,TRUE,526,554
Visit_7,630,SUBJ0319,CH17,2027-02-16,2027-02-12,TRUE,616,644
Visit_8,720,SUBJ0319,CH17,2027-05-17,2027-05-20,TRUE,706,734
Visit_9,810,SUBJ0319,CH17,2027-08-15,2027-08-21,TRUE,796,824
Visit_10,900,SUBJ0319,CH17,2027-11-13,2027-11-19,TRUE,886,914
Visit_11,990,SUBJ0319,CH17,2028-02-11,2028-02-08,TRUE,976,1004
Visit_12,1080,SUBJ0319,CH17,2028-05-11,2028-05-11,TRUE,1066,1094
Visit_13,1170,SUBJ0319,CH17,2028-08-09,2028-08-13,TRUE,1156,1184
End_of_Study,1080,SUBJ0319,CH17,2028-05-11,2028-05-07,TRUE,1066,1094
Safety_Followup,1170,SUBJ0319,CH17,2028-08-09,2028-08-08,TRUE,1156,1184
Screening,-7,SUBJ0320,CH12,2025-04-09,2025-04-10,TRUE,-21,7
Enrollment,0,SUBJ0320,CH12,2025-04-16,2025-04-10,TRUE,-14,14
Visit_1,90,SUBJ0320,CH12,2025-07-15,2025-07-19,TRUE,76,104
Visit_2,180,SUBJ0320,CH12,2025-10-13,2025-10-17,TRUE,166,194
Visit_3,270,SUBJ0320,CH12,2026-01-11,2026-01-04,TRUE,256,284
Visit_4,360,SUBJ0320,CH12,2026-04-11,2026-04-14,TRUE,346,374
Visit_5,450,SUBJ0320,CH12,2026-07-10,2026-07-07,TRUE,436,464
Visit_6,540,SUBJ0320,CH12,2026-10-08,2026-10-02,TRUE,526,554
Visit_7,630,SUBJ0320,CH12,2027-01-06,2027-01-13,TRUE,616,644
Visit_8,720,SUBJ0320,CH12,2027-04-06,2027-04-08,TRUE,706,734
Visit_9,810,SUBJ0320,CH12,2027-07-05,2027-07-04,TRUE,796,824
Visit_10,900,SUBJ0320,CH12,2027-10-03,2027-10-03,TRUE,886,914
Visit_11,990,SUBJ0320,CH12,2028-01-01,2027-12-31,TRUE,976,1004
Visit_12,1080,SUBJ0320,CH12,2028-03-31,2028-04-02,TRUE,1066,1094
Visit_13,1170,SUBJ0320,CH12,2028-06-29,2028-06-27,TRUE,1156,1184
End_of_Study,1080,SUBJ0320,CH12,2028-03-31,2028-04-07,TRUE,1066,1094
Safety_Followup,1170,SUBJ0320,CH12,2028-06-29,2028-07-01,TRUE,1156,1184
Screening,-7,SUBJ0321,CH04,2025-01-15,2025-01-18,TRUE,-21,7
Enrollment,0,SUBJ0321,CH04,2025-01-22,2025-01-29,TRUE,-14,14
Visit_1,90,SUBJ0321,CH04,2025-04-22,2025-04-20,TRUE,76,104
Visit_2,180,SUBJ0321,CH04,2025-07-21,2025-07-28,TRUE,166,194
Visit_3,270,SUBJ0321,CH04,2025-10-19,2025-10-13,TRUE,256,284
Visit_4,360,SUBJ0321,CH04,2026-01-17,2026-01-13,TRUE,346,374
Visit_5,450,SUBJ0321,CH04,2026-04-17,2026-04-22,TRUE,436,464
Visit_6,540,SUBJ0321,CH04,2026-07-16,2026-07-12,TRUE,526,554
Visit_7,630,SUBJ0321,CH04,2026-10-14,2026-10-07,TRUE,616,644
Visit_8,720,SUBJ0321,CH04,2027-01-12,2027-01-12,TRUE,706,734
Visit_9,810,SUBJ0321,CH04,2027-04-12,2027-04-13,TRUE,796,824
Visit_10,900,SUBJ0321,CH04,2027-07-11,2027-07-12,TRUE,886,914
Visit_11,990,SUBJ0321,CH04,2027-10-09,2027-10-07,TRUE,976,1004
Visit_12,1080,SUBJ0321,CH04,2028-01-07,2028-01-03,TRUE,1066,1094
Visit_13,1170,SUBJ0321,CH04,2028-04-06,2028-04-08,TRUE,1156,1184
End_of_Study,1080,SUBJ0321,CH04,2028-01-07,2028-01-11,TRUE,1066,1094
Safety_Followup,1170,SUBJ0321,CH04,2028-04-06,2028-04-02,TRUE,1156,1184
Screening,-7,SUBJ0322,CH17,2025-03-22,2025-03-27,TRUE,-21,7
Enrollment,0,SUBJ0322,CH17,2025-03-29,2025-04-05,TRUE,-14,14
Visit_1,90,SUBJ0322,CH17,2025-06-27,2025-07-04,TRUE,76,104
Visit_2,180,SUBJ0322,CH17,2025-09-25,2025-09-26,TRUE,166,194
Visit_3,270,SUBJ0322,CH17,2025-12-24,2025-12-31,TRUE,256,284
Visit_4,360,SUBJ0322,CH17,2026-03-24,2026-03-30,TRUE,346,374
Visit_5,450,SUBJ0322,CH17,2026-06-22,2026-06-29,TRUE,436,464
Visit_6,540,SUBJ0322,CH17,2026-09-20,2026-09-18,TRUE,526,554
Visit_7,630,SUBJ0322,CH17,2026-12-19,2026-12-16,TRUE,616,644
Visit_8,720,SUBJ0322,CH17,2027-03-19,2027-03-21,TRUE,706,734
Visit_9,810,SUBJ0322,CH17,2027-06-17,2027-06-23,TRUE,796,824
Visit_10,900,SUBJ0322,CH17,2027-09-15,2027-09-13,TRUE,886,914
Visit_11,990,SUBJ0322,CH17,2027-12-14,2027-12-12,TRUE,976,1004
Visit_12,1080,SUBJ0322,CH17,2028-03-13,2028-03-15,TRUE,1066,1094
Visit_13,1170,SUBJ0322,CH17,2028-06-11,2028-06-14,TRUE,1156,1184
End_of_Study,1080,SUBJ0322,CH17,2028-03-13,2028-03-16,TRUE,1066,1094
Safety_Followup,1170,SUBJ0322,CH17,2028-06-11,2028-06-18,TRUE,1156,1184
Screening,-7,SUBJ0323,CH12,2025-06-14,2025-06-20,TRUE,-21,7
Enrollment,0,SUBJ0323,CH12,2025-06-21,2025-06-14,TRUE,-14,14
Visit_1,90,SUBJ0323,CH12,2025-09-19,2025-09-23,TRUE,76,104
Visit_2,180,SUBJ0323,CH12,2025-12-18,2025-12-14,TRUE,166,194
Visit_3,270,SUBJ0323,CH12,2026-03-18,2026-03-17,TRUE,256,284
Visit_4,360,SUBJ0323,CH12,2026-06-16,2026-06-15,TRUE,346,374
Visit_5,450,SUBJ0323,CH12,2026-09-14,2026-09-07,TRUE,436,464
Visit_6,540,SUBJ0323,CH12,2026-12-13,2026-12-11,TRUE,526,554
Visit_7,630,SUBJ0323,CH12,2027-03-13,2027-03-13,TRUE,616,644
Visit_8,720,SUBJ0323,CH12,2027-06-11,2027-06-06,TRUE,706,734
Visit_9,810,SUBJ0323,CH12,2027-09-09,2027-09-11,TRUE,796,824
Visit_10,900,SUBJ0323,CH12,2027-12-08,2027-12-14,TRUE,886,914
Visit_11,990,SUBJ0323,CH12,2028-03-07,2028-03-05,TRUE,976,1004
Visit_12,1080,SUBJ0323,CH12,2028-06-05,2028-06-01,TRUE,1066,1094
Visit_13,1170,SUBJ0323,CH12,2028-09-03,2028-08-30,TRUE,1156,1184
End_of_Study,1080,SUBJ0323,CH12,2028-06-05,2028-06-06,TRUE,1066,1094
Safety_Followup,1170,SUBJ0323,CH12,2028-09-03,2028-09-05,TRUE,1156,1184
Screening,-7,SUBJ0324,DE01,2025-02-20,2025-02-23,TRUE,-21,7
Enrollment,0,SUBJ0324,DE01,2025-02-27,2025-02-24,TRUE,-14,14
Visit_1,90,SUBJ0324,DE01,2025-05-28,2025-06-04,TRUE,76,104
Visit_2,180,SUBJ0324,DE01,2025-08-26,2025-08-28,TRUE,166,194
Visit_3,270,SUBJ0324,DE01,2025-11-24,2025-12-01,TRUE,256,284
Visit_4,360,SUBJ0324,DE01,2026-02-22,2026-02-28,TRUE,346,374
Visit_5,450,SUBJ0324,DE01,2026-05-23,2026-05-18,TRUE,436,464
Visit_6,540,SUBJ0324,DE01,2026-08-21,2026-08-20,TRUE,526,554
Visit_7,630,SUBJ0324,DE01,2026-11-19,2026-11-15,TRUE,616,644
Visit_8,720,SUBJ0324,DE01,2027-02-17,2027-02-23,TRUE,706,734
Visit_9,810,SUBJ0324,DE01,2027-05-18,2027-05-15,TRUE,796,824
Visit_10,900,SUBJ0324,DE01,2027-08-16,2027-08-15,TRUE,886,914
Visit_11,990,SUBJ0324,DE01,2027-11-14,2027-11-13,TRUE,976,1004
Visit_12,1080,SUBJ0324,DE01,2028-02-12,2028-02-11,TRUE,1066,1094
Visit_13,1170,SUBJ0324,DE01,2028-05-12,2028-05-10,TRUE,1156,1184
End_of_Study,1080,SUBJ0324,DE01,2028-02-12,2028-02-08,TRUE,1066,1094
Safety_Followup,1170,SUBJ0324,DE01,2028-05-12,2028-05-07,TRUE,1156,1184
Screening,-7,SUBJ0325,CH05,2025-04-15,2025-04-21,TRUE,-21,7
Enrollment,0,SUBJ0325,CH05,2025-04-22,2025-04-18,TRUE,-14,14
Visit_1,90,SUBJ0325,CH05,2025-07-21,2025-07-26,TRUE,76,104
Visit_2,180,SUBJ0325,CH05,2025-10-19,2025-10-19,TRUE,166,194
Visit_3,270,SUBJ0325,CH05,2026-01-17,2026-01-18,TRUE,256,284
Visit_4,360,SUBJ0325,CH05,2026-04-17,2026-04-12,TRUE,346,374
Visit_5,450,SUBJ0325,CH05,2026-07-16,2026-07-21,TRUE,436,464
Visit_6,540,SUBJ0325,CH05,2026-10-14,2026-10-21,TRUE,526,554
Visit_7,630,SUBJ0325,CH05,2027-01-12,2027-01-05,TRUE,616,644
Visit_8,720,SUBJ0325,CH05,2027-04-12,2027-04-19,TRUE,706,734
Visit_9,810,SUBJ0325,CH05,2027-07-11,2027-07-06,TRUE,796,824
Visit_10,900,SUBJ0325,CH05,2027-10-09,2027-10-13,TRUE,886,914
Visit_11,990,SUBJ0325,CH05,2028-01-07,2028-01-13,TRUE,976,1004
Visit_12,1080,SUBJ0325,CH05,2028-04-06,2028-04-12,TRUE,1066,1094
Visit_13,1170,SUBJ0325,CH05,2028-07-05,2028-07-04,TRUE,1156,1184
End_of_Study,1080,SUBJ0325,CH05,2028-04-06,2028-04-07,TRUE,1066,1094
Safety_Followup,1170,SUBJ0325,CH05,2028-07-05,2028-06-29,TRUE,1156,1184
Screening,-7,SUBJ0326,CH09,2025-04-06,2025-04-13,TRUE,-21,7
Enrollment,0,SUBJ0326,CH09,2025-04-13,2025-04-10,TRUE,-14,14
Visit_1,90,SUBJ0326,CH09,2025-07-12,2025-07-16,TRUE,76,104
Visit_2,180,SUBJ0326,CH09,2025-10-10,2025-10-17,TRUE,166,194
Visit_3,270,SUBJ0326,CH09,2026-01-08,2026-01-05,TRUE,256,284
Visit_4,360,SUBJ0326,CH09,2026-04-08,2026-04-02,TRUE,346,374
Visit_5,450,SUBJ0326,CH09,2026-07-07,2026-07-11,TRUE,436,464
Visit_6,540,SUBJ0326,CH09,2026-10-05,2026-10-01,TRUE,526,554
Visit_7,630,SUBJ0326,CH09,2027-01-03,2027-01-05,TRUE,616,644
Visit_8,720,SUBJ0326,CH09,2027-04-03,2027-04-04,TRUE,706,734
Visit_9,810,SUBJ0326,CH09,2027-07-02,2027-06-28,TRUE,796,824
Visit_10,900,SUBJ0326,CH09,2027-09-30,2027-09-24,TRUE,886,914
Visit_11,990,SUBJ0326,CH09,2027-12-29,2028-01-04,TRUE,976,1004
Visit_12,1080,SUBJ0326,CH09,2028-03-28,2028-03-22,TRUE,1066,1094
Visit_13,1170,SUBJ0326,CH09,2028-06-26,2028-06-25,TRUE,1156,1184
End_of_Study,1080,SUBJ0326,CH09,2028-03-28,2028-03-25,TRUE,1066,1094
Safety_Followup,1170,SUBJ0326,CH09,2028-06-26,2028-06-19,TRUE,1156,1184
Screening,-7,SUBJ0327,CH11,2025-03-13,2025-03-10,TRUE,-21,7
Enrollment,0,SUBJ0327,CH11,2025-03-20,2025-03-21,TRUE,-14,14
Visit_1,90,SUBJ0327,CH11,2025-06-18,2025-06-23,TRUE,76,104
Visit_2,180,SUBJ0327,CH11,2025-09-16,2025-09-21,TRUE,166,194
Visit_3,270,SUBJ0327,CH11,2025-12-15,2025-12-18,TRUE,256,284
Visit_4,360,SUBJ0327,CH11,2026-03-15,NA,FALSE,346,374
Visit_5,450,SUBJ0327,CH11,2026-06-13,NA,FALSE,436,464
Visit_6,540,SUBJ0327,CH11,2026-09-11,NA,FALSE,526,554
Visit_7,630,SUBJ0327,CH11,2026-12-10,NA,FALSE,616,644
Visit_8,720,SUBJ0327,CH11,2027-03-10,NA,FALSE,706,734
Visit_9,810,SUBJ0327,CH11,2027-06-08,NA,FALSE,796,824
Visit_10,900,SUBJ0327,CH11,2027-09-06,NA,FALSE,886,914
Visit_11,990,SUBJ0327,CH11,2027-12-05,NA,FALSE,976,1004
Visit_12,1080,SUBJ0327,CH11,2028-03-04,NA,FALSE,1066,1094
Visit_13,1170,SUBJ0327,CH11,2028-06-02,NA,FALSE,1156,1184
End_of_Study,1080,SUBJ0327,CH11,2028-03-04,NA,FALSE,1066,1094
Safety_Followup,1170,SUBJ0327,CH11,2028-06-02,NA,FALSE,1156,1184
Screening,-7,SUBJ0328,CH06,2025-04-24,2025-04-24,TRUE,-21,7
Enrollment,0,SUBJ0328,CH06,2025-05-01,2025-04-26,TRUE,-14,14
Visit_1,90,SUBJ0328,CH06,2025-07-30,2025-07-29,TRUE,76,104
Visit_2,180,SUBJ0328,CH06,2025-10-28,2025-10-21,TRUE,166,194
Visit_3,270,SUBJ0328,CH06,2026-01-26,2026-01-21,TRUE,256,284
Visit_4,360,SUBJ0328,CH06,2026-04-26,2026-05-03,TRUE,346,374
Visit_5,450,SUBJ0328,CH06,2026-07-25,2026-07-19,TRUE,436,464
Visit_6,540,SUBJ0328,CH06,2026-10-23,2026-10-17,TRUE,526,554
Visit_7,630,SUBJ0328,CH06,2027-01-21,2027-01-14,TRUE,616,644
Visit_8,720,SUBJ0328,CH06,2027-04-21,2027-04-22,TRUE,706,734
Visit_9,810,SUBJ0328,CH06,2027-07-20,2027-07-19,TRUE,796,824
Visit_10,900,SUBJ0328,CH06,2027-10-18,2027-10-15,TRUE,886,914
Visit_11,990,SUBJ0328,CH06,2028-01-16,2028-01-23,TRUE,976,1004
Visit_12,1080,SUBJ0328,CH06,2028-04-15,2028-04-08,TRUE,1066,1094
Visit_13,1170,SUBJ0328,CH06,2028-07-14,2028-07-09,TRUE,1156,1184
End_of_Study,1080,SUBJ0328,CH06,2028-04-15,2028-04-17,TRUE,1066,1094
Safety_Followup,1170,SUBJ0328,CH06,2028-07-14,2028-07-19,TRUE,1156,1184
Screening,-7,SUBJ0329,CH16,2025-01-24,2025-01-17,TRUE,-21,7
Enrollment,0,SUBJ0329,CH16,2025-01-31,2025-01-26,TRUE,-14,14
Visit_1,90,SUBJ0329,CH16,2025-05-01,2025-05-05,TRUE,76,104
Visit_2,180,SUBJ0329,CH16,2025-07-30,2025-07-29,TRUE,166,194
Visit_3,270,SUBJ0329,CH16,2025-10-28,2025-11-04,TRUE,256,284
Visit_4,360,SUBJ0329,CH16,2026-01-26,2026-01-24,TRUE,346,374
Visit_5,450,SUBJ0329,CH16,2026-04-26,2026-04-30,TRUE,436,464
Visit_6,540,SUBJ0329,CH16,2026-07-25,NA,FALSE,526,554
Visit_7,630,SUBJ0329,CH16,2026-10-23,NA,FALSE,616,644
Visit_8,720,SUBJ0329,CH16,2027-01-21,NA,FALSE,706,734
Visit_9,810,SUBJ0329,CH16,2027-04-21,NA,FALSE,796,824
Visit_10,900,SUBJ0329,CH16,2027-07-20,NA,FALSE,886,914
Visit_11,990,SUBJ0329,CH16,2027-10-18,NA,FALSE,976,1004
Visit_12,1080,SUBJ0329,CH16,2028-01-16,NA,FALSE,1066,1094
Visit_13,1170,SUBJ0329,CH16,2028-04-15,NA,FALSE,1156,1184
End_of_Study,1080,SUBJ0329,CH16,2028-01-16,NA,FALSE,1066,1094
Safety_Followup,1170,SUBJ0329,CH16,2028-04-15,NA,FALSE,1156,1184
Screening,-7,SUBJ0330,CH16,2025-02-11,2025-02-05,TRUE,-21,7
Enrollment,0,SUBJ0330,CH16,2025-02-18,2025-02-13,TRUE,-14,14
Visit_1,90,SUBJ0330,CH16,2025-05-19,2025-05-23,TRUE,76,104
Visit_2,180,SUBJ0330,CH16,2025-08-17,2025-08-12,TRUE,166,194
Visit_3,270,SUBJ0330,CH16,2025-11-15,2025-11-18,TRUE,256,284
Visit_4,360,SUBJ0330,CH16,2026-02-13,2026-02-11,TRUE,346,374
Visit_5,450,SUBJ0330,CH16,2026-05-14,2026-05-08,TRUE,436,464
Visit_6,540,SUBJ0330,CH16,2026-08-12,2026-08-14,TRUE,526,554
Visit_7,630,SUBJ0330,CH16,2026-11-10,2026-11-05,TRUE,616,644
Visit_8,720,SUBJ0330,CH16,2027-02-08,2027-02-01,TRUE,706,734
Visit_9,810,SUBJ0330,CH16,2027-05-09,2027-05-07,TRUE,796,824
Visit_10,900,SUBJ0330,CH16,2027-08-07,2027-08-08,TRUE,886,914
Visit_11,990,SUBJ0330,CH16,2027-11-05,2027-11-06,TRUE,976,1004
Visit_12,1080,SUBJ0330,CH16,2028-02-03,2028-02-01,TRUE,1066,1094
Visit_13,1170,SUBJ0330,CH16,2028-05-03,2028-04-29,TRUE,1156,1184
End_of_Study,1080,SUBJ0330,CH16,2028-02-03,2028-02-08,TRUE,1066,1094
Safety_Followup,1170,SUBJ0330,CH16,2028-05-03,2028-05-10,TRUE,1156,1184
Screening,-7,SUBJ0331,CH07,2025-06-22,2025-06-20,TRUE,-21,7
Enrollment,0,SUBJ0331,CH07,2025-06-29,2025-06-24,TRUE,-14,14
Visit_1,90,SUBJ0331,CH07,2025-09-27,2025-10-02,TRUE,76,104
Visit_2,180,SUBJ0331,CH07,2025-12-26,2026-01-01,TRUE,166,194
Visit_3,270,SUBJ0331,CH07,2026-03-26,2026-03-31,TRUE,256,284
Visit_4,360,SUBJ0331,CH07,2026-06-24,2026-06-29,TRUE,346,374
Visit_5,450,SUBJ0331,CH07,2026-09-22,2026-09-16,TRUE,436,464
Visit_6,540,SUBJ0331,CH07,2026-12-21,2026-12-16,TRUE,526,554
Visit_7,630,SUBJ0331,CH07,2027-03-21,2027-03-28,TRUE,616,644
Visit_8,720,SUBJ0331,CH07,2027-06-19,2027-06-12,TRUE,706,734
Visit_9,810,SUBJ0331,CH07,2027-09-17,2027-09-22,TRUE,796,824
Visit_10,900,SUBJ0331,CH07,2027-12-16,2027-12-13,TRUE,886,914
Visit_11,990,SUBJ0331,CH07,2028-03-15,2028-03-11,TRUE,976,1004
Visit_12,1080,SUBJ0331,CH07,2028-06-13,2028-06-19,TRUE,1066,1094
Visit_13,1170,SUBJ0331,CH07,2028-09-11,2028-09-07,TRUE,1156,1184
End_of_Study,1080,SUBJ0331,CH07,2028-06-13,2028-06-08,TRUE,1066,1094
Safety_Followup,1170,SUBJ0331,CH07,2028-09-11,2028-09-08,TRUE,1156,1184
Screening,-7,SUBJ0332,CH04,2025-01-26,2025-01-22,TRUE,-21,7
Enrollment,0,SUBJ0332,CH04,2025-02-02,2025-01-29,TRUE,-14,14
Visit_1,90,SUBJ0332,CH04,2025-05-03,2025-05-07,TRUE,76,104
Visit_2,180,SUBJ0332,CH04,2025-08-01,2025-07-27,TRUE,166,194
Visit_3,270,SUBJ0332,CH04,2025-10-30,2025-10-31,TRUE,256,284
Visit_4,360,SUBJ0332,CH04,2026-01-28,2026-01-26,TRUE,346,374
Visit_5,450,SUBJ0332,CH04,2026-04-28,2026-05-03,TRUE,436,464
Visit_6,540,SUBJ0332,CH04,2026-07-27,2026-07-30,TRUE,526,554
Visit_7,630,SUBJ0332,CH04,2026-10-25,2026-11-01,TRUE,616,644
Visit_8,720,SUBJ0332,CH04,2027-01-23,2027-01-29,TRUE,706,734
Visit_9,810,SUBJ0332,CH04,2027-04-23,2027-04-20,TRUE,796,824
Visit_10,900,SUBJ0332,CH04,2027-07-22,2027-07-17,TRUE,886,914
Visit_11,990,SUBJ0332,CH04,2027-10-20,2027-10-15,TRUE,976,1004
Visit_12,1080,SUBJ0332,CH04,2028-01-18,2028-01-19,TRUE,1066,1094
Visit_13,1170,SUBJ0332,CH04,2028-04-17,2028-04-24,TRUE,1156,1184
End_of_Study,1080,SUBJ0332,CH04,2028-01-18,2028-01-12,TRUE,1066,1094
Safety_Followup,1170,SUBJ0332,CH04,2028-04-17,2028-04-24,TRUE,1156,1184
Screening,-7,SUBJ0333,CH16,2025-05-13,2025-05-20,TRUE,-21,7
Enrollment,0,SUBJ0333,CH16,2025-05-20,2025-05-25,TRUE,-14,14
Visit_1,90,SUBJ0333,CH16,2025-08-18,2025-08-14,TRUE,76,104
Visit_2,180,SUBJ0333,CH16,2025-11-16,2025-11-21,TRUE,166,194
Visit_3,270,SUBJ0333,CH16,2026-02-14,2026-02-09,TRUE,256,284
Visit_4,360,SUBJ0333,CH16,2026-05-15,2026-05-19,TRUE,346,374
Visit_5,450,SUBJ0333,CH16,2026-08-13,2026-08-13,TRUE,436,464
Visit_6,540,SUBJ0333,CH16,2026-11-11,2026-11-16,TRUE,526,554
Visit_7,630,SUBJ0333,CH16,2027-02-09,2027-02-03,TRUE,616,644
Visit_8,720,SUBJ0333,CH16,2027-05-10,2027-05-12,TRUE,706,734
Visit_9,810,SUBJ0333,CH16,2027-08-08,2027-08-02,TRUE,796,824
Visit_10,900,SUBJ0333,CH16,2027-11-06,2027-11-03,TRUE,886,914
Visit_11,990,SUBJ0333,CH16,2028-02-04,2028-02-02,TRUE,976,1004
Visit_12,1080,SUBJ0333,CH16,2028-05-04,2028-05-04,TRUE,1066,1094
Visit_13,1170,SUBJ0333,CH16,2028-08-02,2028-08-04,TRUE,1156,1184
End_of_Study,1080,SUBJ0333,CH16,2028-05-04,2028-05-03,TRUE,1066,1094
Safety_Followup,1170,SUBJ0333,CH16,2028-08-02,2028-07-31,TRUE,1156,1184
Screening,-7,SUBJ0334,CH01,2025-06-23,2025-06-20,TRUE,-21,7
Enrollment,0,SUBJ0334,CH01,2025-06-30,2025-07-02,TRUE,-14,14
Visit_1,90,SUBJ0334,CH01,2025-09-28,2025-10-02,TRUE,76,104
Visit_2,180,SUBJ0334,CH01,2025-12-27,2025-12-22,TRUE,166,194
Visit_3,270,SUBJ0334,CH01,2026-03-27,2026-03-27,TRUE,256,284
Visit_4,360,SUBJ0334,CH01,2026-06-25,2026-06-30,TRUE,346,374
Visit_5,450,SUBJ0334,CH01,2026-09-23,2026-09-26,TRUE,436,464
Visit_6,540,SUBJ0334,CH01,2026-12-22,2026-12-22,TRUE,526,554
Visit_7,630,SUBJ0334,CH01,2027-03-22,2027-03-18,TRUE,616,644
Visit_8,720,SUBJ0334,CH01,2027-06-20,2027-06-17,TRUE,706,734
Visit_9,810,SUBJ0334,CH01,2027-09-18,2027-09-15,TRUE,796,824
Visit_10,900,SUBJ0334,CH01,2027-12-17,2027-12-17,TRUE,886,914
Visit_11,990,SUBJ0334,CH01,2028-03-16,2028-03-12,TRUE,976,1004
Visit_12,1080,SUBJ0334,CH01,2028-06-14,2028-06-16,TRUE,1066,1094
Visit_13,1170,SUBJ0334,CH01,2028-09-12,2028-09-13,TRUE,1156,1184
End_of_Study,1080,SUBJ0334,CH01,2028-06-14,2028-06-07,TRUE,1066,1094
Safety_Followup,1170,SUBJ0334,CH01,2028-09-12,2028-09-15,TRUE,1156,1184
Screening,-7,SUBJ0335,CH04,2025-01-18,2025-01-19,TRUE,-21,7
Enrollment,0,SUBJ0335,CH04,2025-01-25,2025-02-01,TRUE,-14,14
Visit_1,90,SUBJ0335,CH04,2025-04-25,2025-04-21,TRUE,76,104
Visit_2,180,SUBJ0335,CH04,2025-07-24,2025-07-21,TRUE,166,194
Visit_3,270,SUBJ0335,CH04,2025-10-22,2025-10-22,TRUE,256,284
Visit_4,360,SUBJ0335,CH04,2026-01-20,2026-01-16,TRUE,346,374
Visit_5,450,SUBJ0335,CH04,2026-04-20,2026-04-27,TRUE,436,464
Visit_6,540,SUBJ0335,CH04,2026-07-19,2026-07-24,TRUE,526,554
Visit_7,630,SUBJ0335,CH04,2026-10-17,2026-10-24,TRUE,616,644
Visit_8,720,SUBJ0335,CH04,2027-01-15,2027-01-20,TRUE,706,734
Visit_9,810,SUBJ0335,CH04,2027-04-15,2027-04-13,TRUE,796,824
Visit_10,900,SUBJ0335,CH04,2027-07-14,2027-07-07,TRUE,886,914
Visit_11,990,SUBJ0335,CH04,2027-10-12,2027-10-16,TRUE,976,1004
Visit_12,1080,SUBJ0335,CH04,2028-01-10,2028-01-04,TRUE,1066,1094
Visit_13,1170,SUBJ0335,CH04,2028-04-09,2028-04-14,TRUE,1156,1184
End_of_Study,1080,SUBJ0335,CH04,2028-01-10,2028-01-06,TRUE,1066,1094
Safety_Followup,1170,SUBJ0335,CH04,2028-04-09,2028-04-10,TRUE,1156,1184
Screening,-7,SUBJ0336,CH14,2025-04-30,2025-05-07,TRUE,-21,7
Enrollment,0,SUBJ0336,CH14,2025-05-07,2025-05-11,TRUE,-14,14
Visit_1,90,SUBJ0336,CH14,2025-08-05,2025-08-09,TRUE,76,104
Visit_2,180,SUBJ0336,CH14,2025-11-03,2025-11-04,TRUE,166,194
Visit_3,270,SUBJ0336,CH14,2026-02-01,2026-02-07,TRUE,256,284
Visit_4,360,SUBJ0336,CH14,2026-05-02,2026-04-28,TRUE,346,374
Visit_5,450,SUBJ0336,CH14,2026-07-31,2026-08-01,TRUE,436,464
Visit_6,540,SUBJ0336,CH14,2026-10-29,2026-10-25,TRUE,526,554
Visit_7,630,SUBJ0336,CH14,2027-01-27,2027-01-27,TRUE,616,644
Visit_8,720,SUBJ0336,CH14,2027-04-27,NA,FALSE,706,734
Visit_9,810,SUBJ0336,CH14,2027-07-26,NA,FALSE,796,824
Visit_10,900,SUBJ0336,CH14,2027-10-24,NA,FALSE,886,914
Visit_11,990,SUBJ0336,CH14,2028-01-22,NA,FALSE,976,1004
Visit_12,1080,SUBJ0336,CH14,2028-04-21,NA,FALSE,1066,1094
Visit_13,1170,SUBJ0336,CH14,2028-07-20,NA,FALSE,1156,1184
End_of_Study,1080,SUBJ0336,CH14,2028-04-21,NA,FALSE,1066,1094
Safety_Followup,1170,SUBJ0336,CH14,2028-07-20,NA,FALSE,1156,1184
Screening,-7,SUBJ0337,CH04,2025-06-04,2025-06-02,TRUE,-21,7
Enrollment,0,SUBJ0337,CH04,2025-06-11,2025-06-10,TRUE,-14,14
Visit_1,90,SUBJ0337,CH04,2025-09-09,2025-09-05,TRUE,76,104
Visit_2,180,SUBJ0337,CH04,2025-12-08,2025-12-13,TRUE,166,194
Visit_3,270,SUBJ0337,CH04,2026-03-08,2026-03-12,TRUE,256,284
Visit_4,360,SUBJ0337,CH04,2026-06-06,2026-06-06,TRUE,346,374
Visit_5,450,SUBJ0337,CH04,2026-09-04,2026-08-31,TRUE,436,464
Visit_6,540,SUBJ0337,CH04,2026-12-03,2026-12-09,TRUE,526,554
Visit_7,630,SUBJ0337,CH04,2027-03-03,2027-03-09,TRUE,616,644
Visit_8,720,SUBJ0337,CH04,2027-06-01,2027-05-28,TRUE,706,734
Visit_9,810,SUBJ0337,CH04,2027-08-30,2027-08-28,TRUE,796,824
Visit_10,900,SUBJ0337,CH04,2027-11-28,2027-12-05,TRUE,886,914
Visit_11,990,SUBJ0337,CH04,2028-02-26,2028-02-26,TRUE,976,1004
Visit_12,1080,SUBJ0337,CH04,2028-05-26,2028-05-24,TRUE,1066,1094
Visit_13,1170,SUBJ0337,CH04,2028-08-24,2028-08-27,TRUE,1156,1184
End_of_Study,1080,SUBJ0337,CH04,2028-05-26,2028-05-23,TRUE,1066,1094
Safety_Followup,1170,SUBJ0337,CH04,2028-08-24,2028-08-20,TRUE,1156,1184
Screening,-7,SUBJ0338,CH16,2025-01-11,2025-01-05,TRUE,-21,7
Enrollment,0,SUBJ0338,CH16,2025-01-18,2025-01-24,TRUE,-14,14
Visit_1,90,SUBJ0338,CH16,2025-04-18,2025-04-23,TRUE,76,104
Visit_2,180,SUBJ0338,CH16,2025-07-17,2025-07-20,TRUE,166,194
Visit_3,270,SUBJ0338,CH16,2025-10-15,2025-10-08,TRUE,256,284
Visit_4,360,SUBJ0338,CH16,2026-01-13,2026-01-13,TRUE,346,374
Visit_5,450,SUBJ0338,CH16,2026-04-13,2026-04-20,TRUE,436,464
Visit_6,540,SUBJ0338,CH16,2026-07-12,2026-07-09,TRUE,526,554
Visit_7,630,SUBJ0338,CH16,2026-10-10,NA,FALSE,616,644
Visit_8,720,SUBJ0338,CH16,2027-01-08,NA,FALSE,706,734
Visit_9,810,SUBJ0338,CH16,2027-04-08,NA,FALSE,796,824
Visit_10,900,SUBJ0338,CH16,2027-07-07,NA,FALSE,886,914
Visit_11,990,SUBJ0338,CH16,2027-10-05,NA,FALSE,976,1004
Visit_12,1080,SUBJ0338,CH16,2028-01-03,NA,FALSE,1066,1094
Visit_13,1170,SUBJ0338,CH16,2028-04-02,NA,FALSE,1156,1184
End_of_Study,1080,SUBJ0338,CH16,2028-01-03,NA,FALSE,1066,1094
Safety_Followup,1170,SUBJ0338,CH16,2028-04-02,NA,FALSE,1156,1184
Screening,-7,SUBJ0339,CH05,2025-05-12,2025-05-15,TRUE,-21,7
Enrollment,0,SUBJ0339,CH05,2025-05-19,2025-05-23,TRUE,-14,14
Visit_1,90,SUBJ0339,CH05,2025-08-17,2025-08-19,TRUE,76,104
Visit_2,180,SUBJ0339,CH05,2025-11-15,2025-11-18,TRUE,166,194
Visit_3,270,SUBJ0339,CH05,2026-02-13,2026-02-06,TRUE,256,284
Visit_4,360,SUBJ0339,CH05,2026-05-14,2026-05-13,TRUE,346,374
Visit_5,450,SUBJ0339,CH05,2026-08-12,2026-08-05,TRUE,436,464
Visit_6,540,SUBJ0339,CH05,2026-11-10,2026-11-16,TRUE,526,554
Visit_7,630,SUBJ0339,CH05,2027-02-08,2027-02-08,TRUE,616,644
Visit_8,720,SUBJ0339,CH05,2027-05-09,2027-05-16,TRUE,706,734
Visit_9,810,SUBJ0339,CH05,2027-08-07,2027-08-06,TRUE,796,824
Visit_10,900,SUBJ0339,CH05,2027-11-05,2027-11-07,TRUE,886,914
Visit_11,990,SUBJ0339,CH05,2028-02-03,2028-01-31,TRUE,976,1004
Visit_12,1080,SUBJ0339,CH05,2028-05-03,2028-04-27,TRUE,1066,1094
Visit_13,1170,SUBJ0339,CH05,2028-08-01,2028-08-01,TRUE,1156,1184
End_of_Study,1080,SUBJ0339,CH05,2028-05-03,2028-05-07,TRUE,1066,1094
Safety_Followup,1170,SUBJ0339,CH05,2028-08-01,2028-07-25,TRUE,1156,1184
Screening,-7,SUBJ0340,CH09,2025-02-17,2025-02-10,TRUE,-21,7
Enrollment,0,SUBJ0340,CH09,2025-02-24,2025-02-26,TRUE,-14,14
Visit_1,90,SUBJ0340,CH09,2025-05-25,2025-05-21,TRUE,76,104
Visit_2,180,SUBJ0340,CH09,2025-08-23,2025-08-24,TRUE,166,194
Visit_3,270,SUBJ0340,CH09,2025-11-21,2025-11-24,TRUE,256,284
Visit_4,360,SUBJ0340,CH09,2026-02-19,2026-02-16,TRUE,346,374
Visit_5,450,SUBJ0340,CH09,2026-05-20,2026-05-14,TRUE,436,464
Visit_6,540,SUBJ0340,CH09,2026-08-18,2026-08-19,TRUE,526,554
Visit_7,630,SUBJ0340,CH09,2026-11-16,2026-11-21,TRUE,616,644
Visit_8,720,SUBJ0340,CH09,2027-02-14,2027-02-08,TRUE,706,734
Visit_9,810,SUBJ0340,CH09,2027-05-15,2027-05-10,TRUE,796,824
Visit_10,900,SUBJ0340,CH09,2027-08-13,2027-08-12,TRUE,886,914
Visit_11,990,SUBJ0340,CH09,2027-11-11,2027-11-17,TRUE,976,1004
Visit_12,1080,SUBJ0340,CH09,2028-02-09,2028-02-13,TRUE,1066,1094
Visit_13,1170,SUBJ0340,CH09,2028-05-09,2028-05-16,TRUE,1156,1184
End_of_Study,1080,SUBJ0340,CH09,2028-02-09,2028-02-16,TRUE,1066,1094
Safety_Followup,1170,SUBJ0340,CH09,2028-05-09,2028-05-14,TRUE,1156,1184
Screening,-7,SUBJ0341,CH04,2025-04-10,2025-04-11,TRUE,-21,7
Enrollment,0,SUBJ0341,CH04,2025-04-17,2025-04-21,TRUE,-14,14
Visit_1,90,SUBJ0341,CH04,2025-07-16,2025-07-19,TRUE,76,104
Visit_2,180,SUBJ0341,CH04,2025-10-14,2025-10-14,TRUE,166,194
Visit_3,270,SUBJ0341,CH04,2026-01-12,2026-01-14,TRUE,256,284
Visit_4,360,SUBJ0341,CH04,2026-04-12,2026-04-14,TRUE,346,374
Visit_5,450,SUBJ0341,CH04,2026-07-11,2026-07-10,TRUE,436,464
Visit_6,540,SUBJ0341,CH04,2026-10-09,2026-10-02,TRUE,526,554
Visit_7,630,SUBJ0341,CH04,2027-01-07,2027-01-03,TRUE,616,644
Visit_8,720,SUBJ0341,CH04,2027-04-07,2027-04-13,TRUE,706,734
Visit_9,810,SUBJ0341,CH04,2027-07-06,2027-07-04,TRUE,796,824
Visit_10,900,SUBJ0341,CH04,2027-10-04,2027-10-09,TRUE,886,914
Visit_11,990,SUBJ0341,CH04,2028-01-02,2028-01-06,TRUE,976,1004
Visit_12,1080,SUBJ0341,CH04,2028-04-01,2028-03-26,TRUE,1066,1094
Visit_13,1170,SUBJ0341,CH04,2028-06-30,2028-07-04,TRUE,1156,1184
End_of_Study,1080,SUBJ0341,CH04,2028-04-01,2028-04-08,TRUE,1066,1094
Safety_Followup,1170,SUBJ0341,CH04,2028-06-30,2028-07-01,TRUE,1156,1184
Screening,-7,SUBJ0342,CH15,2025-02-04,2025-01-31,TRUE,-21,7
Enrollment,0,SUBJ0342,CH15,2025-02-11,2025-02-16,TRUE,-14,14
Visit_1,90,SUBJ0342,CH15,2025-05-12,2025-05-12,TRUE,76,104
Visit_2,180,SUBJ0342,CH15,2025-08-10,2025-08-16,TRUE,166,194
Visit_3,270,SUBJ0342,CH15,2025-11-08,2025-11-04,TRUE,256,284
Visit_4,360,SUBJ0342,CH15,2026-02-06,2026-02-12,TRUE,346,374
Visit_5,450,SUBJ0342,CH15,2026-05-07,2026-05-06,TRUE,436,464
Visit_6,540,SUBJ0342,CH15,2026-08-05,2026-08-01,TRUE,526,554
Visit_7,630,SUBJ0342,CH15,2026-11-03,2026-10-28,TRUE,616,644
Visit_8,720,SUBJ0342,CH15,2027-02-01,2027-02-05,TRUE,706,734
Visit_9,810,SUBJ0342,CH15,2027-05-02,2027-05-01,TRUE,796,824
Visit_10,900,SUBJ0342,CH15,2027-07-31,2027-08-01,TRUE,886,914
Visit_11,990,SUBJ0342,CH15,2027-10-29,2027-10-26,TRUE,976,1004
Visit_12,1080,SUBJ0342,CH15,2028-01-27,2028-02-02,TRUE,1066,1094
Visit_13,1170,SUBJ0342,CH15,2028-04-26,2028-04-24,TRUE,1156,1184
End_of_Study,1080,SUBJ0342,CH15,2028-01-27,2028-02-03,TRUE,1066,1094
Safety_Followup,1170,SUBJ0342,CH15,2028-04-26,2028-04-24,TRUE,1156,1184
Screening,-7,SUBJ0343,CH02,2025-04-02,2025-04-04,TRUE,-21,7
Enrollment,0,SUBJ0343,CH02,2025-04-09,2025-04-06,TRUE,-14,14
Visit_1,90,SUBJ0343,CH02,2025-07-08,2025-07-11,TRUE,76,104
Visit_2,180,SUBJ0343,CH02,2025-10-06,2025-09-29,TRUE,166,194
Visit_3,270,SUBJ0343,CH02,2026-01-04,2026-01-06,TRUE,256,284
Visit_4,360,SUBJ0343,CH02,2026-04-04,2026-04-06,TRUE,346,374
Visit_5,450,SUBJ0343,CH02,2026-07-03,2026-07-07,TRUE,436,464
Visit_6,540,SUBJ0343,CH02,2026-10-01,2026-09-27,TRUE,526,554
Visit_7,630,SUBJ0343,CH02,2026-12-30,2027-01-01,TRUE,616,644
Visit_8,720,SUBJ0343,CH02,2027-03-30,2027-04-01,TRUE,706,734
Visit_9,810,SUBJ0343,CH02,2027-06-28,2027-06-29,TRUE,796,824
Visit_10,900,SUBJ0343,CH02,2027-09-26,2027-09-22,TRUE,886,914
Visit_11,990,SUBJ0343,CH02,2027-12-25,2027-12-28,TRUE,976,1004
Visit_12,1080,SUBJ0343,CH02,2028-03-24,2028-03-27,TRUE,1066,1094
Visit_13,1170,SUBJ0343,CH02,2028-06-22,2028-06-29,TRUE,1156,1184
End_of_Study,1080,SUBJ0343,CH02,2028-03-24,2028-03-31,TRUE,1066,1094
Safety_Followup,1170,SUBJ0343,CH02,2028-06-22,2028-06-18,TRUE,1156,1184
Screening,-7,SUBJ0344,CH03,2025-05-13,2025-05-13,TRUE,-21,7
Enrollment,0,SUBJ0344,CH03,2025-05-20,2025-05-13,TRUE,-14,14
Visit_1,90,SUBJ0344,CH03,2025-08-18,2025-08-22,TRUE,76,104
Visit_2,180,SUBJ0344,CH03,2025-11-16,2025-11-09,TRUE,166,194
Visit_3,270,SUBJ0344,CH03,2026-02-14,2026-02-11,TRUE,256,284
Visit_4,360,SUBJ0344,CH03,2026-05-15,2026-05-11,TRUE,346,374
Visit_5,450,SUBJ0344,CH03,2026-08-13,2026-08-20,TRUE,436,464
Visit_6,540,SUBJ0344,CH03,2026-11-11,2026-11-11,TRUE,526,554
Visit_7,630,SUBJ0344,CH03,2027-02-09,2027-02-02,TRUE,616,644
Visit_8,720,SUBJ0344,CH03,2027-05-10,2027-05-13,TRUE,706,734
Visit_9,810,SUBJ0344,CH03,2027-08-08,2027-08-06,TRUE,796,824
Visit_10,900,SUBJ0344,CH03,2027-11-06,2027-11-03,TRUE,886,914
Visit_11,990,SUBJ0344,CH03,2028-02-04,2028-01-31,TRUE,976,1004
Visit_12,1080,SUBJ0344,CH03,2028-05-04,2028-05-07,TRUE,1066,1094
Visit_13,1170,SUBJ0344,CH03,2028-08-02,2028-08-06,TRUE,1156,1184
End_of_Study,1080,SUBJ0344,CH03,2028-05-04,2028-05-02,TRUE,1066,1094
Safety_Followup,1170,SUBJ0344,CH03,2028-08-02,2028-07-29,TRUE,1156,1184
Screening,-7,SUBJ0345,CH12,2025-02-18,2025-02-22,TRUE,-21,7
Enrollment,0,SUBJ0345,CH12,2025-02-25,2025-02-25,TRUE,-14,14
Visit_1,90,SUBJ0345,CH12,2025-05-26,2025-05-20,TRUE,76,104
Visit_2,180,SUBJ0345,CH12,2025-08-24,2025-08-28,TRUE,166,194
Visit_3,270,SUBJ0345,CH12,2025-11-22,2025-11-23,TRUE,256,284
Visit_4,360,SUBJ0345,CH12,2026-02-20,2026-02-23,TRUE,346,374
Visit_5,450,SUBJ0345,CH12,2026-05-21,2026-05-24,TRUE,436,464
Visit_6,540,SUBJ0345,CH12,2026-08-19,2026-08-24,TRUE,526,554
Visit_7,630,SUBJ0345,CH12,2026-11-17,2026-11-14,TRUE,616,644
Visit_8,720,SUBJ0345,CH12,2027-02-15,2027-02-19,TRUE,706,734
Visit_9,810,SUBJ0345,CH12,2027-05-16,2027-05-21,TRUE,796,824
Visit_10,900,SUBJ0345,CH12,2027-08-14,2027-08-14,TRUE,886,914
Visit_11,990,SUBJ0345,CH12,2027-11-12,2027-11-18,TRUE,976,1004
Visit_12,1080,SUBJ0345,CH12,2028-02-10,2028-02-16,TRUE,1066,1094
Visit_13,1170,SUBJ0345,CH12,2028-05-10,2028-05-12,TRUE,1156,1184
End_of_Study,1080,SUBJ0345,CH12,2028-02-10,2028-02-15,TRUE,1066,1094
Safety_Followup,1170,SUBJ0345,CH12,2028-05-10,2028-05-10,TRUE,1156,1184
Screening,-7,SUBJ0346,CH01,2025-06-10,2025-06-04,TRUE,-21,7
Enrollment,0,SUBJ0346,CH01,2025-06-17,2025-06-23,TRUE,-14,14
Visit_1,90,SUBJ0346,CH01,2025-09-15,2025-09-13,TRUE,76,104
Visit_2,180,SUBJ0346,CH01,2025-12-14,2025-12-18,TRUE,166,194
Visit_3,270,SUBJ0346,CH01,2026-03-14,2026-03-07,TRUE,256,284
Visit_4,360,SUBJ0346,CH01,2026-06-12,2026-06-19,TRUE,346,374
Visit_5,450,SUBJ0346,CH01,2026-09-10,2026-09-13,TRUE,436,464
Visit_6,540,SUBJ0346,CH01,2026-12-09,2026-12-08,TRUE,526,554
Visit_7,630,SUBJ0346,CH01,2027-03-09,2027-03-07,TRUE,616,644
Visit_8,720,SUBJ0346,CH01,2027-06-07,2027-06-06,TRUE,706,734
Visit_9,810,SUBJ0346,CH01,2027-09-05,2027-09-12,TRUE,796,824
Visit_10,900,SUBJ0346,CH01,2027-12-04,2027-12-08,TRUE,886,914
Visit_11,990,SUBJ0346,CH01,2028-03-03,2028-02-27,TRUE,976,1004
Visit_12,1080,SUBJ0346,CH01,2028-06-01,2028-06-05,TRUE,1066,1094
Visit_13,1170,SUBJ0346,CH01,2028-08-30,2028-08-25,TRUE,1156,1184
End_of_Study,1080,SUBJ0346,CH01,2028-06-01,2028-06-08,TRUE,1066,1094
Safety_Followup,1170,SUBJ0346,CH01,2028-08-30,2028-08-31,TRUE,1156,1184
Screening,-7,SUBJ0347,CH07,2025-06-11,2025-06-10,TRUE,-21,7
Enrollment,0,SUBJ0347,CH07,2025-06-18,2025-06-18,TRUE,-14,14
Visit_1,90,SUBJ0347,CH07,2025-09-16,2025-09-10,TRUE,76,104
Visit_2,180,SUBJ0347,CH07,2025-12-15,2025-12-13,TRUE,166,194
Visit_3,270,SUBJ0347,CH07,2026-03-15,2026-03-12,TRUE,256,284
Visit_4,360,SUBJ0347,CH07,2026-06-13,2026-06-19,TRUE,346,374
Visit_5,450,SUBJ0347,CH07,2026-09-11,2026-09-11,TRUE,436,464
Visit_6,540,SUBJ0347,CH07,2026-12-10,2026-12-15,TRUE,526,554
Visit_7,630,SUBJ0347,CH07,2027-03-10,2027-03-10,TRUE,616,644
Visit_8,720,SUBJ0347,CH07,2027-06-08,2027-06-15,TRUE,706,734
Visit_9,810,SUBJ0347,CH07,2027-09-06,2027-09-10,TRUE,796,824
Visit_10,900,SUBJ0347,CH07,2027-12-05,2027-12-12,TRUE,886,914
Visit_11,990,SUBJ0347,CH07,2028-03-04,2028-02-27,TRUE,976,1004
Visit_12,1080,SUBJ0347,CH07,2028-06-02,2028-06-01,TRUE,1066,1094
Visit_13,1170,SUBJ0347,CH07,2028-08-31,2028-08-27,TRUE,1156,1184
End_of_Study,1080,SUBJ0347,CH07,2028-06-02,2028-06-06,TRUE,1066,1094
Safety_Followup,1170,SUBJ0347,CH07,2028-08-31,2028-09-02,TRUE,1156,1184
Screening,-7,SUBJ0348,CH15,2025-05-29,2025-06-02,TRUE,-21,7
Enrollment,0,SUBJ0348,CH15,2025-06-05,2025-06-12,TRUE,-14,14
Visit_1,90,SUBJ0348,CH15,2025-09-03,2025-09-10,TRUE,76,104
Visit_2,180,SUBJ0348,CH15,2025-12-02,2025-12-05,TRUE,166,194
Visit_3,270,SUBJ0348,CH15,2026-03-02,2026-03-01,TRUE,256,284
Visit_4,360,SUBJ0348,CH15,2026-05-31,2026-05-27,TRUE,346,374
Visit_5,450,SUBJ0348,CH15,2026-08-29,2026-08-31,TRUE,436,464
Visit_6,540,SUBJ0348,CH15,2026-11-27,2026-11-25,TRUE,526,554
Visit_7,630,SUBJ0348,CH15,2027-02-25,2027-02-26,TRUE,616,644
Visit_8,720,SUBJ0348,CH15,2027-05-26,2027-05-25,TRUE,706,734
Visit_9,810,SUBJ0348,CH15,2027-08-24,2027-08-20,TRUE,796,824
Visit_10,900,SUBJ0348,CH15,2027-11-22,2027-11-16,TRUE,886,914
Visit_11,990,SUBJ0348,CH15,2028-02-20,2028-02-25,TRUE,976,1004
Visit_12,1080,SUBJ0348,CH15,2028-05-20,2028-05-26,TRUE,1066,1094
Visit_13,1170,SUBJ0348,CH15,2028-08-18,2028-08-15,TRUE,1156,1184
End_of_Study,1080,SUBJ0348,CH15,2028-05-20,2028-05-17,TRUE,1066,1094
Safety_Followup,1170,SUBJ0348,CH15,2028-08-18,2028-08-23,TRUE,1156,1184
Screening,-7,SUBJ0349,FR02,2025-05-12,2025-05-17,TRUE,-21,7
Enrollment,0,SUBJ0349,FR02,2025-05-19,2025-05-13,TRUE,-14,14
Visit_1,90,SUBJ0349,FR02,2025-08-17,2025-08-11,TRUE,76,104
Visit_2,180,SUBJ0349,FR02,2025-11-15,2025-11-09,TRUE,166,194
Visit_3,270,SUBJ0349,FR02,2026-02-13,2026-02-11,TRUE,256,284
Visit_4,360,SUBJ0349,FR02,2026-05-14,2026-05-10,TRUE,346,374
Visit_5,450,SUBJ0349,FR02,2026-08-12,2026-08-11,TRUE,436,464
Visit_6,540,SUBJ0349,FR02,2026-11-10,2026-11-16,TRUE,526,554
Visit_7,630,SUBJ0349,FR02,2027-02-08,2027-02-08,TRUE,616,644
Visit_8,720,SUBJ0349,FR02,2027-05-09,2027-05-12,TRUE,706,734
Visit_9,810,SUBJ0349,FR02,2027-08-07,2027-08-05,TRUE,796,824
Visit_10,900,SUBJ0349,FR02,2027-11-05,2027-11-11,TRUE,886,914
Visit_11,990,SUBJ0349,FR02,2028-02-03,2028-02-09,TRUE,976,1004
Visit_12,1080,SUBJ0349,FR02,2028-05-03,2028-04-28,TRUE,1066,1094
Visit_13,1170,SUBJ0349,FR02,2028-08-01,2028-08-03,TRUE,1156,1184
End_of_Study,1080,SUBJ0349,FR02,2028-05-03,2028-05-08,TRUE,1066,1094
Safety_Followup,1170,SUBJ0349,FR02,2028-08-01,2028-08-04,TRUE,1156,1184
Screening,-7,SUBJ0350,CH14,2025-04-29,2025-04-22,TRUE,-21,7
Enrollment,0,SUBJ0350,CH14,2025-05-06,2025-04-29,TRUE,-14,14
Visit_1,90,SUBJ0350,CH14,2025-08-04,2025-08-11,TRUE,76,104
Visit_2,180,SUBJ0350,CH14,2025-11-02,2025-11-05,TRUE,166,194
Visit_3,270,SUBJ0350,CH14,2026-01-31,2026-01-29,TRUE,256,284
Visit_4,360,SUBJ0350,CH14,2026-05-01,2026-05-03,TRUE,346,374
Visit_5,450,SUBJ0350,CH14,2026-07-30,2026-07-25,TRUE,436,464
Visit_6,540,SUBJ0350,CH14,2026-10-28,2026-10-21,TRUE,526,554
Visit_7,630,SUBJ0350,CH14,2027-01-26,2027-02-01,TRUE,616,644
Visit_8,720,SUBJ0350,CH14,2027-04-26,2027-04-25,TRUE,706,734
Visit_9,810,SUBJ0350,CH14,2027-07-25,2027-07-31,TRUE,796,824
Visit_10,900,SUBJ0350,CH14,2027-10-23,2027-10-20,TRUE,886,914
Visit_11,990,SUBJ0350,CH14,2028-01-21,2028-01-27,TRUE,976,1004
Visit_12,1080,SUBJ0350,CH14,2028-04-20,2028-04-22,TRUE,1066,1094
Visit_13,1170,SUBJ0350,CH14,2028-07-19,2028-07-21,TRUE,1156,1184
End_of_Study,1080,SUBJ0350,CH14,2028-04-20,2028-04-23,TRUE,1066,1094
Safety_Followup,1170,SUBJ0350,CH14,2028-07-19,2028-07-24,TRUE,1156,1184
Screening,-7,SUBJ0351,CH16,2025-05-24,2025-05-22,TRUE,-21,7
Enrollment,0,SUBJ0351,CH16,2025-05-31,2025-05-27,TRUE,-14,14
Visit_1,90,SUBJ0351,CH16,2025-08-29,2025-09-04,TRUE,76,104
Visit_2,180,SUBJ0351,CH16,2025-11-27,2025-11-29,TRUE,166,194
Visit_3,270,SUBJ0351,CH16,2026-02-25,2026-03-04,TRUE,256,284
Visit_4,360,SUBJ0351,CH16,2026-05-26,2026-05-28,TRUE,346,374
Visit_5,450,SUBJ0351,CH16,2026-08-24,2026-08-24,TRUE,436,464
Visit_6,540,SUBJ0351,CH16,2026-11-22,2026-11-19,TRUE,526,554
Visit_7,630,SUBJ0351,CH16,2027-02-20,2027-02-23,TRUE,616,644
Visit_8,720,SUBJ0351,CH16,2027-05-21,2027-05-15,TRUE,706,734
Visit_9,810,SUBJ0351,CH16,2027-08-19,2027-08-22,TRUE,796,824
Visit_10,900,SUBJ0351,CH16,2027-11-17,2027-11-20,TRUE,886,914
Visit_11,990,SUBJ0351,CH16,2028-02-15,2028-02-13,TRUE,976,1004
Visit_12,1080,SUBJ0351,CH16,2028-05-15,2028-05-10,TRUE,1066,1094
Visit_13,1170,SUBJ0351,CH16,2028-08-13,2028-08-13,TRUE,1156,1184
End_of_Study,1080,SUBJ0351,CH16,2028-05-15,2028-05-13,TRUE,1066,1094
Safety_Followup,1170,SUBJ0351,CH16,2028-08-13,2028-08-17,TRUE,1156,1184
Screening,-7,SUBJ0352,CH16,2025-03-22,2025-03-23,TRUE,-21,7
Enrollment,0,SUBJ0352,CH16,2025-03-29,2025-03-31,TRUE,-14,14
Visit_1,90,SUBJ0352,CH16,2025-06-27,2025-06-29,TRUE,76,104
Visit_2,180,SUBJ0352,CH16,2025-09-25,2025-09-20,TRUE,166,194
Visit_3,270,SUBJ0352,CH16,2025-12-24,2025-12-29,TRUE,256,284
Visit_4,360,SUBJ0352,CH16,2026-03-24,2026-03-29,TRUE,346,374
Visit_5,450,SUBJ0352,CH16,2026-06-22,2026-06-25,TRUE,436,464
Visit_6,540,SUBJ0352,CH16,2026-09-20,2026-09-19,TRUE,526,554
Visit_7,630,SUBJ0352,CH16,2026-12-19,2026-12-24,TRUE,616,644
Visit_8,720,SUBJ0352,CH16,2027-03-19,2027-03-26,TRUE,706,734
Visit_9,810,SUBJ0352,CH16,2027-06-17,2027-06-16,TRUE,796,824
Visit_10,900,SUBJ0352,CH16,2027-09-15,2027-09-11,TRUE,886,914
Visit_11,990,SUBJ0352,CH16,2027-12-14,2027-12-16,TRUE,976,1004
Visit_12,1080,SUBJ0352,CH16,2028-03-13,2028-03-18,TRUE,1066,1094
Visit_13,1170,SUBJ0352,CH16,2028-06-11,2028-06-13,TRUE,1156,1184
End_of_Study,1080,SUBJ0352,CH16,2028-03-13,2028-03-08,TRUE,1066,1094
Safety_Followup,1170,SUBJ0352,CH16,2028-06-11,2028-06-12,TRUE,1156,1184
Screening,-7,SUBJ0353,CH09,2025-01-04,2025-01-11,TRUE,-21,7
Enrollment,0,SUBJ0353,CH09,2025-01-11,2025-01-16,TRUE,-14,14
Visit_1,90,SUBJ0353,CH09,2025-04-11,2025-04-15,TRUE,76,104
Visit_2,180,SUBJ0353,CH09,2025-07-10,2025-07-05,TRUE,166,194
Visit_3,270,SUBJ0353,CH09,2025-10-08,2025-10-04,TRUE,256,284
Visit_4,360,SUBJ0353,CH09,2026-01-06,2026-01-10,TRUE,346,374
Visit_5,450,SUBJ0353,CH09,2026-04-06,2026-04-10,TRUE,436,464
Visit_6,540,SUBJ0353,CH09,2026-07-05,2026-07-06,TRUE,526,554
Visit_7,630,SUBJ0353,CH09,2026-10-03,2026-09-27,TRUE,616,644
Visit_8,720,SUBJ0353,CH09,2027-01-01,2026-12-31,TRUE,706,734
Visit_9,810,SUBJ0353,CH09,2027-04-01,2027-04-01,TRUE,796,824
Visit_10,900,SUBJ0353,CH09,2027-06-30,2027-06-27,TRUE,886,914
Visit_11,990,SUBJ0353,CH09,2027-09-28,2027-09-23,TRUE,976,1004
Visit_12,1080,SUBJ0353,CH09,2027-12-27,2027-12-22,TRUE,1066,1094
Visit_13,1170,SUBJ0353,CH09,2028-03-26,2028-03-24,TRUE,1156,1184
End_of_Study,1080,SUBJ0353,CH09,2027-12-27,2027-12-31,TRUE,1066,1094
Safety_Followup,1170,SUBJ0353,CH09,2028-03-26,2028-04-01,TRUE,1156,1184
Screening,-7,SUBJ0354,CH02,2025-04-16,2025-04-10,TRUE,-21,7
Enrollment,0,SUBJ0354,CH02,2025-04-23,2025-04-17,TRUE,-14,14
Visit_1,90,SUBJ0354,CH02,2025-07-22,2025-07-22,TRUE,76,104
Visit_2,180,SUBJ0354,CH02,2025-10-20,2025-10-22,TRUE,166,194
Visit_3,270,SUBJ0354,CH02,2026-01-18,2026-01-18,TRUE,256,284
Visit_4,360,SUBJ0354,CH02,2026-04-18,2026-04-23,TRUE,346,374
Visit_5,450,SUBJ0354,CH02,2026-07-17,2026-07-18,TRUE,436,464
Visit_6,540,SUBJ0354,CH02,2026-10-15,2026-10-18,TRUE,526,554
Visit_7,630,SUBJ0354,CH02,2027-01-13,2027-01-15,TRUE,616,644
Visit_8,720,SUBJ0354,CH02,2027-04-13,2027-04-13,TRUE,706,734
Visit_9,810,SUBJ0354,CH02,2027-07-12,2027-07-15,TRUE,796,824
Visit_10,900,SUBJ0354,CH02,2027-10-10,2027-10-09,TRUE,886,914
Visit_11,990,SUBJ0354,CH02,2028-01-08,2028-01-09,TRUE,976,1004
Visit_12,1080,SUBJ0354,CH02,2028-04-07,2028-04-09,TRUE,1066,1094
Visit_13,1170,SUBJ0354,CH02,2028-07-06,2028-06-30,TRUE,1156,1184
End_of_Study,1080,SUBJ0354,CH02,2028-04-07,2028-04-13,TRUE,1066,1094
Safety_Followup,1170,SUBJ0354,CH02,2028-07-06,2028-07-11,TRUE,1156,1184
Screening,-7,SUBJ0355,CH15,2025-04-27,2025-04-20,TRUE,-21,7
Enrollment,0,SUBJ0355,CH15,2025-05-04,2025-05-05,TRUE,-14,14
Visit_1,90,SUBJ0355,CH15,2025-08-02,2025-08-05,TRUE,76,104
Visit_2,180,SUBJ0355,CH15,2025-10-31,2025-10-25,TRUE,166,194
Visit_3,270,SUBJ0355,CH15,2026-01-29,2026-01-23,TRUE,256,284
Visit_4,360,SUBJ0355,CH15,2026-04-29,2026-05-02,TRUE,346,374
Visit_5,450,SUBJ0355,CH15,2026-07-28,2026-07-29,TRUE,436,464
Visit_6,540,SUBJ0355,CH15,2026-10-26,2026-10-28,TRUE,526,554
Visit_7,630,SUBJ0355,CH15,2027-01-24,2027-01-30,TRUE,616,644
Visit_8,720,SUBJ0355,CH15,2027-04-24,2027-04-17,TRUE,706,734
Visit_9,810,SUBJ0355,CH15,2027-07-23,2027-07-29,TRUE,796,824
Visit_10,900,SUBJ0355,CH15,2027-10-21,2027-10-21,TRUE,886,914
Visit_11,990,SUBJ0355,CH15,2028-01-19,2028-01-23,TRUE,976,1004
Visit_12,1080,SUBJ0355,CH15,2028-04-18,2028-04-17,TRUE,1066,1094
Visit_13,1170,SUBJ0355,CH15,2028-07-17,2028-07-20,TRUE,1156,1184
End_of_Study,1080,SUBJ0355,CH15,2028-04-18,2028-04-25,TRUE,1066,1094
Safety_Followup,1170,SUBJ0355,CH15,2028-07-17,2028-07-18,TRUE,1156,1184
Screening,-7,SUBJ0356,CH14,2025-04-17,2025-04-21,TRUE,-21,7
Enrollment,0,SUBJ0356,CH14,2025-04-24,2025-04-19,TRUE,-14,14
Visit_1,90,SUBJ0356,CH14,2025-07-23,2025-07-22,TRUE,76,104
Visit_2,180,SUBJ0356,CH14,2025-10-21,2025-10-15,TRUE,166,194
Visit_3,270,SUBJ0356,CH14,2026-01-19,2026-01-13,TRUE,256,284
Visit_4,360,SUBJ0356,CH14,2026-04-19,2026-04-21,TRUE,346,374
Visit_5,450,SUBJ0356,CH14,2026-07-18,2026-07-19,TRUE,436,464
Visit_6,540,SUBJ0356,CH14,2026-10-16,2026-10-12,TRUE,526,554
Visit_7,630,SUBJ0356,CH14,2027-01-14,2027-01-17,TRUE,616,644
Visit_8,720,SUBJ0356,CH14,2027-04-14,2027-04-10,TRUE,706,734
Visit_9,810,SUBJ0356,CH14,2027-07-13,2027-07-06,TRUE,796,824
Visit_10,900,SUBJ0356,CH14,2027-10-11,2027-10-07,TRUE,886,914
Visit_11,990,SUBJ0356,CH14,2028-01-09,2028-01-12,TRUE,976,1004
Visit_12,1080,SUBJ0356,CH14,2028-04-08,2028-04-11,TRUE,1066,1094
Visit_13,1170,SUBJ0356,CH14,2028-07-07,2028-07-03,TRUE,1156,1184
End_of_Study,1080,SUBJ0356,CH14,2028-04-08,2028-04-05,TRUE,1066,1094
Safety_Followup,1170,SUBJ0356,CH14,2028-07-07,2028-07-06,TRUE,1156,1184
Screening,-7,SUBJ0357,CH02,2025-04-10,2025-04-03,TRUE,-21,7
Enrollment,0,SUBJ0357,CH02,2025-04-17,2025-04-18,TRUE,-14,14
Visit_1,90,SUBJ0357,CH02,2025-07-16,2025-07-12,TRUE,76,104
Visit_2,180,SUBJ0357,CH02,2025-10-14,2025-10-14,TRUE,166,194
Visit_3,270,SUBJ0357,CH02,2026-01-12,2026-01-08,TRUE,256,284
Visit_4,360,SUBJ0357,CH02,2026-04-12,2026-04-17,TRUE,346,374
Visit_5,450,SUBJ0357,CH02,2026-07-11,2026-07-18,TRUE,436,464
Visit_6,540,SUBJ0357,CH02,2026-10-09,2026-10-08,TRUE,526,554
Visit_7,630,SUBJ0357,CH02,2027-01-07,2027-01-02,TRUE,616,644
Visit_8,720,SUBJ0357,CH02,2027-04-07,2027-04-14,TRUE,706,734
Visit_9,810,SUBJ0357,CH02,2027-07-06,2027-07-03,TRUE,796,824
Visit_10,900,SUBJ0357,CH02,2027-10-04,2027-10-06,TRUE,886,914
Visit_11,990,SUBJ0357,CH02,2028-01-02,2027-12-26,TRUE,976,1004
Visit_12,1080,SUBJ0357,CH02,2028-04-01,2028-04-02,TRUE,1066,1094
Visit_13,1170,SUBJ0357,CH02,2028-06-30,2028-07-05,TRUE,1156,1184
End_of_Study,1080,SUBJ0357,CH02,2028-04-01,2028-04-05,TRUE,1066,1094
Safety_Followup,1170,SUBJ0357,CH02,2028-06-30,2028-06-30,TRUE,1156,1184
Screening,-7,SUBJ0358,CH15,2025-05-10,2025-05-09,TRUE,-21,7
Enrollment,0,SUBJ0358,CH15,2025-05-17,2025-05-20,TRUE,-14,14
Visit_1,90,SUBJ0358,CH15,2025-08-15,2025-08-16,TRUE,76,104
Visit_2,180,SUBJ0358,CH15,2025-11-13,2025-11-06,TRUE,166,194
Visit_3,270,SUBJ0358,CH15,2026-02-11,2026-02-08,TRUE,256,284
Visit_4,360,SUBJ0358,CH15,2026-05-12,2026-05-17,TRUE,346,374
Visit_5,450,SUBJ0358,CH15,2026-08-10,2026-08-03,TRUE,436,464
Visit_6,540,SUBJ0358,CH15,2026-11-08,NA,FALSE,526,554
Visit_7,630,SUBJ0358,CH15,2027-02-06,NA,FALSE,616,644
Visit_8,720,SUBJ0358,CH15,2027-05-07,NA,FALSE,706,734
Visit_9,810,SUBJ0358,CH15,2027-08-05,NA,FALSE,796,824
Visit_10,900,SUBJ0358,CH15,2027-11-03,NA,FALSE,886,914
Visit_11,990,SUBJ0358,CH15,2028-02-01,NA,FALSE,976,1004
Visit_12,1080,SUBJ0358,CH15,2028-05-01,NA,FALSE,1066,1094
Visit_13,1170,SUBJ0358,CH15,2028-07-30,NA,FALSE,1156,1184
End_of_Study,1080,SUBJ0358,CH15,2028-05-01,NA,FALSE,1066,1094
Safety_Followup,1170,SUBJ0358,CH15,2028-07-30,NA,FALSE,1156,1184
Screening,-7,SUBJ0359,CH07,2025-01-24,2025-01-19,TRUE,-21,7
Enrollment,0,SUBJ0359,CH07,2025-01-31,2025-01-27,TRUE,-14,14
Visit_1,90,SUBJ0359,CH07,2025-05-01,2025-05-05,TRUE,76,104
Visit_2,180,SUBJ0359,CH07,2025-07-30,2025-07-23,TRUE,166,194
Visit_3,270,SUBJ0359,CH07,2025-10-28,2025-10-31,TRUE,256,284
Visit_4,360,SUBJ0359,CH07,2026-01-26,2026-02-02,TRUE,346,374
Visit_5,450,SUBJ0359,CH07,2026-04-26,2026-04-24,TRUE,436,464
Visit_6,540,SUBJ0359,CH07,2026-07-25,2026-07-31,TRUE,526,554
Visit_7,630,SUBJ0359,CH07,2026-10-23,2026-10-20,TRUE,616,644
Visit_8,720,SUBJ0359,CH07,2027-01-21,2027-01-19,TRUE,706,734
Visit_9,810,SUBJ0359,CH07,2027-04-21,2027-04-27,TRUE,796,824
Visit_10,900,SUBJ0359,CH07,2027-07-20,2027-07-23,TRUE,886,914
Visit_11,990,SUBJ0359,CH07,2027-10-18,2027-10-14,TRUE,976,1004
Visit_12,1080,SUBJ0359,CH07,2028-01-16,2028-01-21,TRUE,1066,1094
Visit_13,1170,SUBJ0359,CH07,2028-04-15,2028-04-22,TRUE,1156,1184
End_of_Study,1080,SUBJ0359,CH07,2028-01-16,2028-01-20,TRUE,1066,1094
Safety_Followup,1170,SUBJ0359,CH07,2028-04-15,2028-04-21,TRUE,1156,1184
Screening,-7,SUBJ0360,CH17,2025-01-15,2025-01-21,TRUE,-21,7
Enrollment,0,SUBJ0360,CH17,2025-01-22,2025-01-28,TRUE,-14,14
Visit_1,90,SUBJ0360,CH17,2025-04-22,2025-04-17,TRUE,76,104
Visit_2,180,SUBJ0360,CH17,2025-07-21,2025-07-27,TRUE,166,194
Visit_3,270,SUBJ0360,CH17,2025-10-19,2025-10-23,TRUE,256,284
Visit_4,360,SUBJ0360,CH17,2026-01-17,2026-01-14,TRUE,346,374
Visit_5,450,SUBJ0360,CH17,2026-04-17,2026-04-12,TRUE,436,464
Visit_6,540,SUBJ0360,CH17,2026-07-16,2026-07-16,TRUE,526,554
Visit_7,630,SUBJ0360,CH17,2026-10-14,NA,FALSE,616,644
Visit_8,720,SUBJ0360,CH17,2027-01-12,NA,FALSE,706,734
Visit_9,810,SUBJ0360,CH17,2027-04-12,NA,FALSE,796,824
Visit_10,900,SUBJ0360,CH17,2027-07-11,NA,FALSE,886,914
Visit_11,990,SUBJ0360,CH17,2027-10-09,NA,FALSE,976,1004
Visit_12,1080,SUBJ0360,CH17,2028-01-07,NA,FALSE,1066,1094
Visit_13,1170,SUBJ0360,CH17,2028-04-06,NA,FALSE,1156,1184
End_of_Study,1080,SUBJ0360,CH17,2028-01-07,NA,FALSE,1066,1094
Safety_Followup,1170,SUBJ0360,CH17,2028-04-06,NA,FALSE,1156,1184
Screening,-7,SUBJ0361,CH14,2025-04-13,2025-04-20,TRUE,-21,7
Enrollment,0,SUBJ0361,CH14,2025-04-20,2025-04-24,TRUE,-14,14
Visit_1,90,SUBJ0361,CH14,2025-07-19,2025-07-25,TRUE,76,104
Visit_2,180,SUBJ0361,CH14,2025-10-17,2025-10-23,TRUE,166,194
Visit_3,270,SUBJ0361,CH14,2026-01-15,2026-01-17,TRUE,256,284
Visit_4,360,SUBJ0361,CH14,2026-04-15,2026-04-15,TRUE,346,374
Visit_5,450,SUBJ0361,CH14,2026-07-14,2026-07-17,TRUE,436,464
Visit_6,540,SUBJ0361,CH14,2026-10-12,2026-10-16,TRUE,526,554
Visit_7,630,SUBJ0361,CH14,2027-01-10,2027-01-06,TRUE,616,644
Visit_8,720,SUBJ0361,CH14,2027-04-10,2027-04-13,TRUE,706,734
Visit_9,810,SUBJ0361,CH14,2027-07-09,2027-07-16,TRUE,796,824
Visit_10,900,SUBJ0361,CH14,2027-10-07,2027-10-01,TRUE,886,914
Visit_11,990,SUBJ0361,CH14,2028-01-05,2027-12-29,TRUE,976,1004
Visit_12,1080,SUBJ0361,CH14,2028-04-04,2028-04-06,TRUE,1066,1094
Visit_13,1170,SUBJ0361,CH14,2028-07-03,2028-07-05,TRUE,1156,1184
End_of_Study,1080,SUBJ0361,CH14,2028-04-04,2028-04-11,TRUE,1066,1094
Safety_Followup,1170,SUBJ0361,CH14,2028-07-03,2028-07-09,TRUE,1156,1184
Screening,-7,SUBJ0362,CH13,2025-01-16,2025-01-17,TRUE,-21,7
Enrollment,0,SUBJ0362,CH13,2025-01-23,2025-01-19,TRUE,-14,14
Visit_1,90,SUBJ0362,CH13,2025-04-23,2025-04-17,TRUE,76,104
Visit_2,180,SUBJ0362,CH13,2025-07-22,2025-07-16,TRUE,166,194
Visit_3,270,SUBJ0362,CH13,2025-10-20,2025-10-20,TRUE,256,284
Visit_4,360,SUBJ0362,CH13,2026-01-18,2026-01-22,TRUE,346,374
Visit_5,450,SUBJ0362,CH13,2026-04-18,2026-04-14,TRUE,436,464
Visit_6,540,SUBJ0362,CH13,2026-07-17,2026-07-19,TRUE,526,554
Visit_7,630,SUBJ0362,CH13,2026-10-15,2026-10-16,TRUE,616,644
Visit_8,720,SUBJ0362,CH13,2027-01-13,2027-01-13,TRUE,706,734
Visit_9,810,SUBJ0362,CH13,2027-04-13,2027-04-19,TRUE,796,824
Visit_10,900,SUBJ0362,CH13,2027-07-12,2027-07-10,TRUE,886,914
Visit_11,990,SUBJ0362,CH13,2027-10-10,2027-10-15,TRUE,976,1004
Visit_12,1080,SUBJ0362,CH13,2028-01-08,2028-01-12,TRUE,1066,1094
Visit_13,1170,SUBJ0362,CH13,2028-04-07,2028-04-09,TRUE,1156,1184
End_of_Study,1080,SUBJ0362,CH13,2028-01-08,2028-01-05,TRUE,1066,1094
Safety_Followup,1170,SUBJ0362,CH13,2028-04-07,2028-04-03,TRUE,1156,1184
Screening,-7,SUBJ0363,CH05,2025-05-09,2025-05-09,TRUE,-21,7
Enrollment,0,SUBJ0363,CH05,2025-05-16,2025-05-10,TRUE,-14,14
Visit_1,90,SUBJ0363,CH05,2025-08-14,2025-08-20,TRUE,76,104
Visit_2,180,SUBJ0363,CH05,2025-11-12,2025-11-12,TRUE,166,194
Visit_3,270,SUBJ0363,CH05,2026-02-10,2026-02-13,TRUE,256,284
Visit_4,360,SUBJ0363,CH05,2026-05-11,2026-05-10,TRUE,346,374
Visit_5,450,SUBJ0363,CH05,2026-08-09,2026-08-04,TRUE,436,464
Visit_6,540,SUBJ0363,CH05,2026-11-07,2026-11-09,TRUE,526,554
Visit_7,630,SUBJ0363,CH05,2027-02-05,2027-02-06,TRUE,616,644
Visit_8,720,SUBJ0363,CH05,2027-05-06,2027-05-10,TRUE,706,734
Visit_9,810,SUBJ0363,CH05,2027-08-04,2027-08-07,TRUE,796,824
Visit_10,900,SUBJ0363,CH05,2027-11-02,2027-10-27,TRUE,886,914
Visit_11,990,SUBJ0363,CH05,2028-01-31,2028-01-25,TRUE,976,1004
Visit_12,1080,SUBJ0363,CH05,2028-04-30,2028-04-27,TRUE,1066,1094
Visit_13,1170,SUBJ0363,CH05,2028-07-29,2028-07-23,TRUE,1156,1184
End_of_Study,1080,SUBJ0363,CH05,2028-04-30,2028-05-02,TRUE,1066,1094
Safety_Followup,1170,SUBJ0363,CH05,2028-07-29,2028-07-27,TRUE,1156,1184
Screening,-7,SUBJ0364,CH13,2025-03-17,2025-03-16,TRUE,-21,7
Enrollment,0,SUBJ0364,CH13,2025-03-24,2025-03-31,TRUE,-14,14
Visit_1,90,SUBJ0364,CH13,2025-06-22,2025-06-20,TRUE,76,104
Visit_2,180,SUBJ0364,CH13,2025-09-20,2025-09-22,TRUE,166,194
Visit_3,270,SUBJ0364,CH13,2025-12-19,2025-12-14,TRUE,256,284
Visit_4,360,SUBJ0364,CH13,2026-03-19,2026-03-25,TRUE,346,374
Visit_5,450,SUBJ0364,CH13,2026-06-17,2026-06-15,TRUE,436,464
Visit_6,540,SUBJ0364,CH13,2026-09-15,2026-09-10,TRUE,526,554
Visit_7,630,SUBJ0364,CH13,2026-12-14,2026-12-18,TRUE,616,644
Visit_8,720,SUBJ0364,CH13,2027-03-14,2027-03-17,TRUE,706,734
Visit_9,810,SUBJ0364,CH13,2027-06-12,2027-06-15,TRUE,796,824
Visit_10,900,SUBJ0364,CH13,2027-09-10,2027-09-17,TRUE,886,914
Visit_11,990,SUBJ0364,CH13,2027-12-09,2027-12-08,TRUE,976,1004
Visit_12,1080,SUBJ0364,CH13,2028-03-08,2028-03-05,TRUE,1066,1094
Visit_13,1170,SUBJ0364,CH13,2028-06-06,2028-05-31,TRUE,1156,1184
End_of_Study,1080,SUBJ0364,CH13,2028-03-08,2028-03-02,TRUE,1066,1094
Safety_Followup,1170,SUBJ0364,CH13,2028-06-06,2028-06-09,TRUE,1156,1184
Screening,-7,SUBJ0365,CH10,2025-02-23,2025-02-20,TRUE,-21,7
Enrollment,0,SUBJ0365,CH10,2025-03-02,2025-03-01,TRUE,-14,14
Visit_1,90,SUBJ0365,CH10,2025-05-31,2025-05-25,TRUE,76,104
Visit_2,180,SUBJ0365,CH10,2025-08-29,2025-08-25,TRUE,166,194
Visit_3,270,SUBJ0365,CH10,2025-11-27,2025-12-02,TRUE,256,284
Visit_4,360,SUBJ0365,CH10,2026-02-25,2026-02-26,TRUE,346,374
Visit_5,450,SUBJ0365,CH10,2026-05-26,2026-06-02,TRUE,436,464
Visit_6,540,SUBJ0365,CH10,2026-08-24,2026-08-23,TRUE,526,554
Visit_7,630,SUBJ0365,CH10,2026-11-22,2026-11-16,TRUE,616,644
Visit_8,720,SUBJ0365,CH10,2027-02-20,2027-02-14,TRUE,706,734
Visit_9,810,SUBJ0365,CH10,2027-05-21,2027-05-23,TRUE,796,824
Visit_10,900,SUBJ0365,CH10,2027-08-19,2027-08-25,TRUE,886,914
Visit_11,990,SUBJ0365,CH10,2027-11-17,NA,FALSE,976,1004
Visit_12,1080,SUBJ0365,CH10,2028-02-15,NA,FALSE,1066,1094
Visit_13,1170,SUBJ0365,CH10,2028-05-15,NA,FALSE,1156,1184
End_of_Study,1080,SUBJ0365,CH10,2028-02-15,NA,FALSE,1066,1094
Safety_Followup,1170,SUBJ0365,CH10,2028-05-15,NA,FALSE,1156,1184
Screening,-7,SUBJ0366,CH14,2025-03-30,2025-04-04,TRUE,-21,7
Enrollment,0,SUBJ0366,CH14,2025-04-06,2025-04-06,TRUE,-14,14
Visit_1,90,SUBJ0366,CH14,2025-07-05,2025-07-02,TRUE,76,104
Visit_2,180,SUBJ0366,CH14,2025-10-03,2025-09-27,TRUE,166,194
Visit_3,270,SUBJ0366,CH14,2026-01-01,2026-01-08,TRUE,256,284
Visit_4,360,SUBJ0366,CH14,2026-04-01,2026-03-30,TRUE,346,374
Visit_5,450,SUBJ0366,CH14,2026-06-30,2026-07-02,TRUE,436,464
Visit_6,540,SUBJ0366,CH14,2026-09-28,2026-09-22,TRUE,526,554
Visit_7,630,SUBJ0366,CH14,2026-12-27,2026-12-25,TRUE,616,644
Visit_8,720,SUBJ0366,CH14,2027-03-27,2027-03-24,TRUE,706,734
Visit_9,810,SUBJ0366,CH14,2027-06-25,2027-06-18,TRUE,796,824
Visit_10,900,SUBJ0366,CH14,2027-09-23,2027-09-29,TRUE,886,914
Visit_11,990,SUBJ0366,CH14,2027-12-22,2027-12-16,TRUE,976,1004
Visit_12,1080,SUBJ0366,CH14,2028-03-21,2028-03-14,TRUE,1066,1094
Visit_13,1170,SUBJ0366,CH14,2028-06-19,2028-06-18,TRUE,1156,1184
End_of_Study,1080,SUBJ0366,CH14,2028-03-21,2028-03-24,TRUE,1066,1094
Safety_Followup,1170,SUBJ0366,CH14,2028-06-19,2028-06-13,TRUE,1156,1184
Screening,-7,SUBJ0367,CH06,2025-04-29,2025-04-25,TRUE,-21,7
Enrollment,0,SUBJ0367,CH06,2025-05-06,2025-05-13,TRUE,-14,14
Visit_1,90,SUBJ0367,CH06,2025-08-04,2025-07-28,TRUE,76,104
Visit_2,180,SUBJ0367,CH06,2025-11-02,2025-11-09,TRUE,166,194
Visit_3,270,SUBJ0367,CH06,2026-01-31,2026-01-31,TRUE,256,284
Visit_4,360,SUBJ0367,CH06,2026-05-01,2026-04-29,TRUE,346,374
Visit_5,450,SUBJ0367,CH06,2026-07-30,2026-08-06,TRUE,436,464
Visit_6,540,SUBJ0367,CH06,2026-10-28,2026-11-01,TRUE,526,554
Visit_7,630,SUBJ0367,CH06,2027-01-26,2027-01-29,TRUE,616,644
Visit_8,720,SUBJ0367,CH06,2027-04-26,2027-04-30,TRUE,706,734
Visit_9,810,SUBJ0367,CH06,2027-07-25,2027-07-27,TRUE,796,824
Visit_10,900,SUBJ0367,CH06,2027-10-23,2027-10-22,TRUE,886,914
Visit_11,990,SUBJ0367,CH06,2028-01-21,NA,FALSE,976,1004
Visit_12,1080,SUBJ0367,CH06,2028-04-20,NA,FALSE,1066,1094
Visit_13,1170,SUBJ0367,CH06,2028-07-19,NA,FALSE,1156,1184
End_of_Study,1080,SUBJ0367,CH06,2028-04-20,NA,FALSE,1066,1094
Safety_Followup,1170,SUBJ0367,CH06,2028-07-19,NA,FALSE,1156,1184
Screening,-7,SUBJ0368,CH09,2025-02-20,2025-02-14,TRUE,-21,7
Enrollment,0,SUBJ0368,CH09,2025-02-27,2025-02-25,TRUE,-14,14
Visit_1,90,SUBJ0368,CH09,2025-05-28,2025-05-29,TRUE,76,104
Visit_2,180,SUBJ0368,CH09,2025-08-26,2025-08-27,TRUE,166,194
Visit_3,270,SUBJ0368,CH09,2025-11-24,2025-11-22,TRUE,256,284
Visit_4,360,SUBJ0368,CH09,2026-02-22,2026-02-20,TRUE,346,374
Visit_5,450,SUBJ0368,CH09,2026-05-23,2026-05-21,TRUE,436,464
Visit_6,540,SUBJ0368,CH09,2026-08-21,2026-08-17,TRUE,526,554
Visit_7,630,SUBJ0368,CH09,2026-11-19,2026-11-17,TRUE,616,644
Visit_8,720,SUBJ0368,CH09,2027-02-17,2027-02-23,TRUE,706,734
Visit_9,810,SUBJ0368,CH09,2027-05-18,2027-05-11,TRUE,796,824
Visit_10,900,SUBJ0368,CH09,2027-08-16,2027-08-09,TRUE,886,914
Visit_11,990,SUBJ0368,CH09,2027-11-14,2027-11-13,TRUE,976,1004
Visit_12,1080,SUBJ0368,CH09,2028-02-12,2028-02-15,TRUE,1066,1094
Visit_13,1170,SUBJ0368,CH09,2028-05-12,2028-05-11,TRUE,1156,1184
End_of_Study,1080,SUBJ0368,CH09,2028-02-12,2028-02-13,TRUE,1066,1094
Safety_Followup,1170,SUBJ0368,CH09,2028-05-12,2028-05-17,TRUE,1156,1184
Screening,-7,SUBJ0369,CH09,2025-01-23,2025-01-28,TRUE,-21,7
Enrollment,0,SUBJ0369,CH09,2025-01-30,2025-01-24,TRUE,-14,14
Visit_1,90,SUBJ0369,CH09,2025-04-30,2025-04-25,TRUE,76,104
Visit_2,180,SUBJ0369,CH09,2025-07-29,2025-07-31,TRUE,166,194
Visit_3,270,SUBJ0369,CH09,2025-10-27,2025-11-01,TRUE,256,284
Visit_4,360,SUBJ0369,CH09,2026-01-25,2026-01-23,TRUE,346,374
Visit_5,450,SUBJ0369,CH09,2026-04-25,2026-04-27,TRUE,436,464
Visit_6,540,SUBJ0369,CH09,2026-07-24,2026-07-20,TRUE,526,554
Visit_7,630,SUBJ0369,CH09,2026-10-22,2026-10-29,TRUE,616,644
Visit_8,720,SUBJ0369,CH09,2027-01-20,2027-01-17,TRUE,706,734
Visit_9,810,SUBJ0369,CH09,2027-04-20,2027-04-20,TRUE,796,824
Visit_10,900,SUBJ0369,CH09,2027-07-19,2027-07-18,TRUE,886,914
Visit_11,990,SUBJ0369,CH09,2027-10-17,2027-10-19,TRUE,976,1004
Visit_12,1080,SUBJ0369,CH09,2028-01-15,2028-01-22,TRUE,1066,1094
Visit_13,1170,SUBJ0369,CH09,2028-04-14,2028-04-19,TRUE,1156,1184
End_of_Study,1080,SUBJ0369,CH09,2028-01-15,2028-01-19,TRUE,1066,1094
Safety_Followup,1170,SUBJ0369,CH09,2028-04-14,2028-04-10,TRUE,1156,1184
Screening,-7,SUBJ0370,CH09,2025-01-26,2025-02-01,TRUE,-21,7
Enrollment,0,SUBJ0370,CH09,2025-02-02,2025-02-05,TRUE,-14,14
Visit_1,90,SUBJ0370,CH09,2025-05-03,2025-04-29,TRUE,76,104
Visit_2,180,SUBJ0370,CH09,2025-08-01,2025-07-31,TRUE,166,194
Visit_3,270,SUBJ0370,CH09,2025-10-30,2025-11-05,TRUE,256,284
Visit_4,360,SUBJ0370,CH09,2026-01-28,2026-01-21,TRUE,346,374
Visit_5,450,SUBJ0370,CH09,2026-04-28,2026-04-28,TRUE,436,464
Visit_6,540,SUBJ0370,CH09,2026-07-27,2026-08-03,TRUE,526,554
Visit_7,630,SUBJ0370,CH09,2026-10-25,2026-10-21,TRUE,616,644
Visit_8,720,SUBJ0370,CH09,2027-01-23,2027-01-18,TRUE,706,734
Visit_9,810,SUBJ0370,CH09,2027-04-23,2027-04-16,TRUE,796,824
Visit_10,900,SUBJ0370,CH09,2027-07-22,2027-07-24,TRUE,886,914
Visit_11,990,SUBJ0370,CH09,2027-10-20,2027-10-17,TRUE,976,1004
Visit_12,1080,SUBJ0370,CH09,2028-01-18,2028-01-17,TRUE,1066,1094
Visit_13,1170,SUBJ0370,CH09,2028-04-17,2028-04-20,TRUE,1156,1184
End_of_Study,1080,SUBJ0370,CH09,2028-01-18,2028-01-16,TRUE,1066,1094
Safety_Followup,1170,SUBJ0370,CH09,2028-04-17,2028-04-19,TRUE,1156,1184
Screening,-7,SUBJ0371,CH06,2025-05-24,2025-05-28,TRUE,-21,7
Enrollment,0,SUBJ0371,CH06,2025-05-31,2025-06-03,TRUE,-14,14
Visit_1,90,SUBJ0371,CH06,2025-08-29,2025-08-22,TRUE,76,104
Visit_2,180,SUBJ0371,CH06,2025-11-27,2025-11-26,TRUE,166,194
Visit_3,270,SUBJ0371,CH06,2026-02-25,2026-02-28,TRUE,256,284
Visit_4,360,SUBJ0371,CH06,2026-05-26,2026-05-21,TRUE,346,374
Visit_5,450,SUBJ0371,CH06,2026-08-24,2026-08-20,TRUE,436,464
Visit_6,540,SUBJ0371,CH06,2026-11-22,2026-11-23,TRUE,526,554
Visit_7,630,SUBJ0371,CH06,2027-02-20,2027-02-27,TRUE,616,644
Visit_8,720,SUBJ0371,CH06,2027-05-21,2027-05-15,TRUE,706,734
Visit_9,810,SUBJ0371,CH06,2027-08-19,2027-08-20,TRUE,796,824
Visit_10,900,SUBJ0371,CH06,2027-11-17,2027-11-21,TRUE,886,914
Visit_11,990,SUBJ0371,CH06,2028-02-15,2028-02-12,TRUE,976,1004
Visit_12,1080,SUBJ0371,CH06,2028-05-15,2028-05-09,TRUE,1066,1094
Visit_13,1170,SUBJ0371,CH06,2028-08-13,2028-08-15,TRUE,1156,1184
End_of_Study,1080,SUBJ0371,CH06,2028-05-15,2028-05-15,TRUE,1066,1094
Safety_Followup,1170,SUBJ0371,CH06,2028-08-13,2028-08-20,TRUE,1156,1184
Screening,-7,SUBJ0372,CH13,2025-04-01,2025-04-08,TRUE,-21,7
Enrollment,0,SUBJ0372,CH13,2025-04-08,2025-04-03,TRUE,-14,14
Visit_1,90,SUBJ0372,CH13,2025-07-07,2025-07-14,TRUE,76,104
Visit_2,180,SUBJ0372,CH13,2025-10-05,2025-10-02,TRUE,166,194
Visit_3,270,SUBJ0372,CH13,2026-01-03,2026-01-05,TRUE,256,284
Visit_4,360,SUBJ0372,CH13,2026-04-03,2026-04-04,TRUE,346,374
Visit_5,450,SUBJ0372,CH13,2026-07-02,2026-07-06,TRUE,436,464
Visit_6,540,SUBJ0372,CH13,2026-09-30,2026-10-04,TRUE,526,554
Visit_7,630,SUBJ0372,CH13,2026-12-29,2026-12-22,TRUE,616,644
Visit_8,720,SUBJ0372,CH13,2027-03-29,2027-03-22,TRUE,706,734
Visit_9,810,SUBJ0372,CH13,2027-06-27,2027-07-01,TRUE,796,824
Visit_10,900,SUBJ0372,CH13,2027-09-25,2027-09-25,TRUE,886,914
Visit_11,990,SUBJ0372,CH13,2027-12-24,2027-12-27,TRUE,976,1004
Visit_12,1080,SUBJ0372,CH13,2028-03-23,2028-03-27,TRUE,1066,1094
Visit_13,1170,SUBJ0372,CH13,2028-06-21,2028-06-24,TRUE,1156,1184
End_of_Study,1080,SUBJ0372,CH13,2028-03-23,2028-03-21,TRUE,1066,1094
Safety_Followup,1170,SUBJ0372,CH13,2028-06-21,2028-06-28,TRUE,1156,1184
Screening,-7,SUBJ0373,CH11,2025-05-21,2025-05-21,TRUE,-21,7
Enrollment,0,SUBJ0373,CH11,2025-05-28,2025-05-25,TRUE,-14,14
Visit_1,90,SUBJ0373,CH11,2025-08-26,2025-09-01,TRUE,76,104
Visit_2,180,SUBJ0373,CH11,2025-11-24,2025-12-01,TRUE,166,194
Visit_3,270,SUBJ0373,CH11,2026-02-22,2026-02-28,TRUE,256,284
Visit_4,360,SUBJ0373,CH11,2026-05-23,2026-05-18,TRUE,346,374
Visit_5,450,SUBJ0373,CH11,2026-08-21,2026-08-28,TRUE,436,464
Visit_6,540,SUBJ0373,CH11,2026-11-19,2026-11-24,TRUE,526,554
Visit_7,630,SUBJ0373,CH11,2027-02-17,NA,FALSE,616,644
Visit_8,720,SUBJ0373,CH11,2027-05-18,NA,FALSE,706,734
Visit_9,810,SUBJ0373,CH11,2027-08-16,NA,FALSE,796,824
Visit_10,900,SUBJ0373,CH11,2027-11-14,NA,FALSE,886,914
Visit_11,990,SUBJ0373,CH11,2028-02-12,NA,FALSE,976,1004
Visit_12,1080,SUBJ0373,CH11,2028-05-12,NA,FALSE,1066,1094
Visit_13,1170,SUBJ0373,CH11,2028-08-10,NA,FALSE,1156,1184
End_of_Study,1080,SUBJ0373,CH11,2028-05-12,NA,FALSE,1066,1094
Safety_Followup,1170,SUBJ0373,CH11,2028-08-10,NA,FALSE,1156,1184
Screening,-7,SUBJ0374,CH11,2025-02-09,2025-02-08,TRUE,-21,7
Enrollment,0,SUBJ0374,CH11,2025-02-16,2025-02-16,TRUE,-14,14
Visit_1,90,SUBJ0374,CH11,2025-05-17,2025-05-20,TRUE,76,104
Visit_2,180,SUBJ0374,CH11,2025-08-15,2025-08-10,TRUE,166,194
Visit_3,270,SUBJ0374,CH11,2025-11-13,2025-11-20,TRUE,256,284
Visit_4,360,SUBJ0374,CH11,2026-02-11,2026-02-08,TRUE,346,374
Visit_5,450,SUBJ0374,CH11,2026-05-12,2026-05-12,TRUE,436,464
Visit_6,540,SUBJ0374,CH11,2026-08-10,2026-08-05,TRUE,526,554
Visit_7,630,SUBJ0374,CH11,2026-11-08,2026-11-03,TRUE,616,644
Visit_8,720,SUBJ0374,CH11,2027-02-06,2027-02-02,TRUE,706,734
Visit_9,810,SUBJ0374,CH11,2027-05-07,2027-05-13,TRUE,796,824
Visit_10,900,SUBJ0374,CH11,2027-08-05,2027-08-12,TRUE,886,914
Visit_11,990,SUBJ0374,CH11,2027-11-03,2027-11-08,TRUE,976,1004
Visit_12,1080,SUBJ0374,CH11,2028-02-01,2028-01-29,TRUE,1066,1094
Visit_13,1170,SUBJ0374,CH11,2028-05-01,2028-05-06,TRUE,1156,1184
End_of_Study,1080,SUBJ0374,CH11,2028-02-01,2028-02-04,TRUE,1066,1094
Safety_Followup,1170,SUBJ0374,CH11,2028-05-01,2028-04-27,TRUE,1156,1184
Screening,-7,SUBJ0375,CH05,2025-04-01,2025-03-30,TRUE,-21,7
Enrollment,0,SUBJ0375,CH05,2025-04-08,2025-04-06,TRUE,-14,14
Visit_1,90,SUBJ0375,CH05,2025-07-07,2025-07-06,TRUE,76,104
Visit_2,180,SUBJ0375,CH05,2025-10-05,2025-10-04,TRUE,166,194
Visit_3,270,SUBJ0375,CH05,2026-01-03,2026-01-01,TRUE,256,284
Visit_4,360,SUBJ0375,CH05,2026-04-03,2026-04-03,TRUE,346,374
Visit_5,450,SUBJ0375,CH05,2026-07-02,2026-07-08,TRUE,436,464
Visit_6,540,SUBJ0375,CH05,2026-09-30,2026-09-25,TRUE,526,554
Visit_7,630,SUBJ0375,CH05,2026-12-29,2027-01-02,TRUE,616,644
Visit_8,720,SUBJ0375,CH05,2027-03-29,2027-04-04,TRUE,706,734
Visit_9,810,SUBJ0375,CH05,2027-06-27,2027-06-26,TRUE,796,824
Visit_10,900,SUBJ0375,CH05,2027-09-25,2027-10-02,TRUE,886,914
Visit_11,990,SUBJ0375,CH05,2027-12-24,2027-12-20,TRUE,976,1004
Visit_12,1080,SUBJ0375,CH05,2028-03-23,2028-03-17,TRUE,1066,1094
Visit_13,1170,SUBJ0375,CH05,2028-06-21,2028-06-15,TRUE,1156,1184
End_of_Study,1080,SUBJ0375,CH05,2028-03-23,2028-03-21,TRUE,1066,1094
Safety_Followup,1170,SUBJ0375,CH05,2028-06-21,2028-06-20,TRUE,1156,1184
Screening,-7,SUBJ0376,CH02,2025-03-23,2025-03-18,TRUE,-21,7
Enrollment,0,SUBJ0376,CH02,2025-03-30,2025-04-04,TRUE,-14,14
Visit_1,90,SUBJ0376,CH02,2025-06-28,2025-06-30,TRUE,76,104
Visit_2,180,SUBJ0376,CH02,2025-09-26,2025-09-29,TRUE,166,194
Visit_3,270,SUBJ0376,CH02,2025-12-25,2026-01-01,TRUE,256,284
Visit_4,360,SUBJ0376,CH02,2026-03-25,2026-03-27,TRUE,346,374
Visit_5,450,SUBJ0376,CH02,2026-06-23,2026-06-25,TRUE,436,464
Visit_6,540,SUBJ0376,CH02,2026-09-21,2026-09-21,TRUE,526,554
Visit_7,630,SUBJ0376,CH02,2026-12-20,2026-12-20,TRUE,616,644
Visit_8,720,SUBJ0376,CH02,2027-03-20,2027-03-19,TRUE,706,734
Visit_9,810,SUBJ0376,CH02,2027-06-18,2027-06-12,TRUE,796,824
Visit_10,900,SUBJ0376,CH02,2027-09-16,2027-09-17,TRUE,886,914
Visit_11,990,SUBJ0376,CH02,2027-12-15,2027-12-08,TRUE,976,1004
Visit_12,1080,SUBJ0376,CH02,2028-03-14,2028-03-10,TRUE,1066,1094
Visit_13,1170,SUBJ0376,CH02,2028-06-12,2028-06-08,TRUE,1156,1184
End_of_Study,1080,SUBJ0376,CH02,2028-03-14,2028-03-09,TRUE,1066,1094
Safety_Followup,1170,SUBJ0376,CH02,2028-06-12,2028-06-06,TRUE,1156,1184
Screening,-7,SUBJ0377,CH11,2025-06-09,2025-06-10,TRUE,-21,7
Enrollment,0,SUBJ0377,CH11,2025-06-16,2025-06-18,TRUE,-14,14
Visit_1,90,SUBJ0377,CH11,2025-09-14,2025-09-12,TRUE,76,104
Visit_2,180,SUBJ0377,CH11,2025-12-13,2025-12-08,TRUE,166,194
Visit_3,270,SUBJ0377,CH11,2026-03-13,2026-03-10,TRUE,256,284
Visit_4,360,SUBJ0377,CH11,2026-06-11,2026-06-18,TRUE,346,374
Visit_5,450,SUBJ0377,CH11,2026-09-09,2026-09-13,TRUE,436,464
Visit_6,540,SUBJ0377,CH11,2026-12-08,2026-12-07,TRUE,526,554
Visit_7,630,SUBJ0377,CH11,2027-03-08,2027-03-03,TRUE,616,644
Visit_8,720,SUBJ0377,CH11,2027-06-06,2027-06-06,TRUE,706,734
Visit_9,810,SUBJ0377,CH11,2027-09-04,2027-09-02,TRUE,796,824
Visit_10,900,SUBJ0377,CH11,2027-12-03,2027-11-29,TRUE,886,914
Visit_11,990,SUBJ0377,CH11,2028-03-02,2028-03-01,TRUE,976,1004
Visit_12,1080,SUBJ0377,CH11,2028-05-31,2028-05-30,TRUE,1066,1094
Visit_13,1170,SUBJ0377,CH11,2028-08-29,2028-08-30,TRUE,1156,1184
End_of_Study,1080,SUBJ0377,CH11,2028-05-31,2028-05-26,TRUE,1066,1094
Safety_Followup,1170,SUBJ0377,CH11,2028-08-29,2028-09-05,TRUE,1156,1184
Screening,-7,SUBJ0378,CH04,2025-02-20,2025-02-20,TRUE,-21,7
Enrollment,0,SUBJ0378,CH04,2025-02-27,2025-02-24,TRUE,-14,14
Visit_1,90,SUBJ0378,CH04,2025-05-28,2025-05-27,TRUE,76,104
Visit_2,180,SUBJ0378,CH04,2025-08-26,2025-08-20,TRUE,166,194
Visit_3,270,SUBJ0378,CH04,2025-11-24,2025-11-19,TRUE,256,284
Visit_4,360,SUBJ0378,CH04,2026-02-22,2026-02-15,TRUE,346,374
Visit_5,450,SUBJ0378,CH04,2026-05-23,2026-05-25,TRUE,436,464
Visit_6,540,SUBJ0378,CH04,2026-08-21,2026-08-27,TRUE,526,554
Visit_7,630,SUBJ0378,CH04,2026-11-19,2026-11-14,TRUE,616,644
Visit_8,720,SUBJ0378,CH04,2027-02-17,2027-02-21,TRUE,706,734
Visit_9,810,SUBJ0378,CH04,2027-05-18,2027-05-11,TRUE,796,824
Visit_10,900,SUBJ0378,CH04,2027-08-16,2027-08-22,TRUE,886,914
Visit_11,990,SUBJ0378,CH04,2027-11-14,2027-11-21,TRUE,976,1004
Visit_12,1080,SUBJ0378,CH04,2028-02-12,2028-02-17,TRUE,1066,1094
Visit_13,1170,SUBJ0378,CH04,2028-05-12,2028-05-19,TRUE,1156,1184
End_of_Study,1080,SUBJ0378,CH04,2028-02-12,2028-02-15,TRUE,1066,1094
Safety_Followup,1170,SUBJ0378,CH04,2028-05-12,2028-05-10,TRUE,1156,1184
Screening,-7,SUBJ0379,CH09,2025-06-20,2025-06-25,TRUE,-21,7
Enrollment,0,SUBJ0379,CH09,2025-06-27,2025-07-03,TRUE,-14,14
Visit_1,90,SUBJ0379,CH09,2025-09-25,2025-09-26,TRUE,76,104
Visit_2,180,SUBJ0379,CH09,2025-12-24,2025-12-20,TRUE,166,194
Visit_3,270,SUBJ0379,CH09,2026-03-24,2026-03-30,TRUE,256,284
Visit_4,360,SUBJ0379,CH09,2026-06-22,2026-06-15,TRUE,346,374
Visit_5,450,SUBJ0379,CH09,2026-09-20,2026-09-22,TRUE,436,464
Visit_6,540,SUBJ0379,CH09,2026-12-19,2026-12-24,TRUE,526,554
Visit_7,630,SUBJ0379,CH09,2027-03-19,2027-03-22,TRUE,616,644
Visit_8,720,SUBJ0379,CH09,2027-06-17,2027-06-22,TRUE,706,734
Visit_9,810,SUBJ0379,CH09,2027-09-15,2027-09-16,TRUE,796,824
Visit_10,900,SUBJ0379,CH09,2027-12-14,2027-12-15,TRUE,886,914
Visit_11,990,SUBJ0379,CH09,2028-03-13,2028-03-08,TRUE,976,1004
Visit_12,1080,SUBJ0379,CH09,2028-06-11,2028-06-17,TRUE,1066,1094
Visit_13,1170,SUBJ0379,CH09,2028-09-09,2028-09-02,TRUE,1156,1184
End_of_Study,1080,SUBJ0379,CH09,2028-06-11,2028-06-15,TRUE,1066,1094
Safety_Followup,1170,SUBJ0379,CH09,2028-09-09,2028-09-03,TRUE,1156,1184
Screening,-7,SUBJ0380,CH06,2025-05-17,2025-05-21,TRUE,-21,7
Enrollment,0,SUBJ0380,CH06,2025-05-24,2025-05-27,TRUE,-14,14
Visit_1,90,SUBJ0380,CH06,2025-08-22,2025-08-25,TRUE,76,104
Visit_2,180,SUBJ0380,CH06,2025-11-20,2025-11-18,TRUE,166,194
Visit_3,270,SUBJ0380,CH06,2026-02-18,2026-02-23,TRUE,256,284
Visit_4,360,SUBJ0380,CH06,2026-05-19,2026-05-16,TRUE,346,374
Visit_5,450,SUBJ0380,CH06,2026-08-17,2026-08-12,TRUE,436,464
Visit_6,540,SUBJ0380,CH06,2026-11-15,2026-11-15,TRUE,526,554
Visit_7,630,SUBJ0380,CH06,2027-02-13,2027-02-09,TRUE,616,644
Visit_8,720,SUBJ0380,CH06,2027-05-14,2027-05-10,TRUE,706,734
Visit_9,810,SUBJ0380,CH06,2027-08-12,2027-08-06,TRUE,796,824
Visit_10,900,SUBJ0380,CH06,2027-11-10,2027-11-04,TRUE,886,914
Visit_11,990,SUBJ0380,CH06,2028-02-08,2028-02-08,TRUE,976,1004
Visit_12,1080,SUBJ0380,CH06,2028-05-08,2028-05-13,TRUE,1066,1094
Visit_13,1170,SUBJ0380,CH06,2028-08-06,2028-08-01,TRUE,1156,1184
End_of_Study,1080,SUBJ0380,CH06,2028-05-08,2028-05-01,TRUE,1066,1094
Safety_Followup,1170,SUBJ0380,CH06,2028-08-06,2028-08-02,TRUE,1156,1184
Screening,-7,SUBJ0381,CH08,2025-05-03,2025-05-07,TRUE,-21,7
Enrollment,0,SUBJ0381,CH08,2025-05-10,2025-05-07,TRUE,-14,14
Visit_1,90,SUBJ0381,CH08,2025-08-08,2025-08-10,TRUE,76,104
Visit_2,180,SUBJ0381,CH08,2025-11-06,2025-11-04,TRUE,166,194
Visit_3,270,SUBJ0381,CH08,2026-02-04,2026-02-05,TRUE,256,284
Visit_4,360,SUBJ0381,CH08,2026-05-05,2026-05-02,TRUE,346,374
Visit_5,450,SUBJ0381,CH08,2026-08-03,2026-08-07,TRUE,436,464
Visit_6,540,SUBJ0381,CH08,2026-11-01,2026-11-02,TRUE,526,554
Visit_7,630,SUBJ0381,CH08,2027-01-30,2027-01-27,TRUE,616,644
Visit_8,720,SUBJ0381,CH08,2027-04-30,2027-04-23,TRUE,706,734
Visit_9,810,SUBJ0381,CH08,2027-07-29,2027-07-26,TRUE,796,824
Visit_10,900,SUBJ0381,CH08,2027-10-27,2027-10-28,TRUE,886,914
Visit_11,990,SUBJ0381,CH08,2028-01-25,2028-01-24,TRUE,976,1004
Visit_12,1080,SUBJ0381,CH08,2028-04-24,2028-04-29,TRUE,1066,1094
Visit_13,1170,SUBJ0381,CH08,2028-07-23,2028-07-20,TRUE,1156,1184
End_of_Study,1080,SUBJ0381,CH08,2028-04-24,2028-04-23,TRUE,1066,1094
Safety_Followup,1170,SUBJ0381,CH08,2028-07-23,2028-07-28,TRUE,1156,1184
Screening,-7,SUBJ0382,CH05,2025-03-25,2025-03-23,TRUE,-21,7
Enrollment,0,SUBJ0382,CH05,2025-04-01,2025-04-06,TRUE,-14,14
Visit_1,90,SUBJ0382,CH05,2025-06-30,2025-06-30,TRUE,76,104
Visit_2,180,SUBJ0382,CH05,2025-09-28,2025-09-29,TRUE,166,194
Visit_3,270,SUBJ0382,CH05,2025-12-27,2025-12-29,TRUE,256,284
Visit_4,360,SUBJ0382,CH05,2026-03-27,2026-03-21,TRUE,346,374
Visit_5,450,SUBJ0382,CH05,2026-06-25,2026-06-25,TRUE,436,464
Visit_6,540,SUBJ0382,CH05,2026-09-23,2026-09-22,TRUE,526,554
Visit_7,630,SUBJ0382,CH05,2026-12-22,2026-12-17,TRUE,616,644
Visit_8,720,SUBJ0382,CH05,2027-03-22,2027-03-19,TRUE,706,734
Visit_9,810,SUBJ0382,CH05,2027-06-20,2027-06-25,TRUE,796,824
Visit_10,900,SUBJ0382,CH05,2027-09-18,2027-09-22,TRUE,886,914
Visit_11,990,SUBJ0382,CH05,2027-12-17,2027-12-23,TRUE,976,1004
Visit_12,1080,SUBJ0382,CH05,2028-03-16,2028-03-19,TRUE,1066,1094
Visit_13,1170,SUBJ0382,CH05,2028-06-14,2028-06-12,TRUE,1156,1184
End_of_Study,1080,SUBJ0382,CH05,2028-03-16,2028-03-23,TRUE,1066,1094
Safety_Followup,1170,SUBJ0382,CH05,2028-06-14,2028-06-13,TRUE,1156,1184
Screening,-7,SUBJ0383,CH05,2025-01-25,2025-01-30,TRUE,-21,7
Enrollment,0,SUBJ0383,CH05,2025-02-01,2025-02-07,TRUE,-14,14
Visit_1,90,SUBJ0383,CH05,2025-05-02,2025-04-27,TRUE,76,104
Visit_2,180,SUBJ0383,CH05,2025-07-31,2025-08-05,TRUE,166,194
Visit_3,270,SUBJ0383,CH05,2025-10-29,2025-10-30,TRUE,256,284
Visit_4,360,SUBJ0383,CH05,2026-01-27,2026-01-23,TRUE,346,374
Visit_5,450,SUBJ0383,CH05,2026-04-27,2026-04-21,TRUE,436,464
Visit_6,540,SUBJ0383,CH05,2026-07-26,2026-07-24,TRUE,526,554
Visit_7,630,SUBJ0383,CH05,2026-10-24,2026-10-31,TRUE,616,644
Visit_8,720,SUBJ0383,CH05,2027-01-22,2027-01-17,TRUE,706,734
Visit_9,810,SUBJ0383,CH05,2027-04-22,2027-04-22,TRUE,796,824
Visit_10,900,SUBJ0383,CH05,2027-07-21,2027-07-20,TRUE,886,914
Visit_11,990,SUBJ0383,CH05,2027-10-19,2027-10-23,TRUE,976,1004
Visit_12,1080,SUBJ0383,CH05,2028-01-17,2028-01-14,TRUE,1066,1094
Visit_13,1170,SUBJ0383,CH05,2028-04-16,2028-04-18,TRUE,1156,1184
End_of_Study,1080,SUBJ0383,CH05,2028-01-17,2028-01-13,TRUE,1066,1094
Safety_Followup,1170,SUBJ0383,CH05,2028-04-16,2028-04-09,TRUE,1156,1184
Screening,-7,SUBJ0384,CH02,2025-03-23,2025-03-21,TRUE,-21,7
Enrollment,0,SUBJ0384,CH02,2025-03-30,2025-03-27,TRUE,-14,14
Visit_1,90,SUBJ0384,CH02,2025-06-28,2025-06-27,TRUE,76,104
Visit_2,180,SUBJ0384,CH02,2025-09-26,2025-09-30,TRUE,166,194
Visit_3,270,SUBJ0384,CH02,2025-12-25,2025-12-27,TRUE,256,284
Visit_4,360,SUBJ0384,CH02,2026-03-25,2026-03-29,TRUE,346,374
Visit_5,450,SUBJ0384,CH02,2026-06-23,2026-06-16,TRUE,436,464
Visit_6,540,SUBJ0384,CH02,2026-09-21,2026-09-15,TRUE,526,554
Visit_7,630,SUBJ0384,CH02,2026-12-20,2026-12-17,TRUE,616,644
Visit_8,720,SUBJ0384,CH02,2027-03-20,2027-03-22,TRUE,706,734
Visit_9,810,SUBJ0384,CH02,2027-06-18,2027-06-20,TRUE,796,824
Visit_10,900,SUBJ0384,CH02,2027-09-16,2027-09-13,TRUE,886,914
Visit_11,990,SUBJ0384,CH02,2027-12-15,2027-12-13,TRUE,976,1004
Visit_12,1080,SUBJ0384,CH02,2028-03-14,2028-03-21,TRUE,1066,1094
Visit_13,1170,SUBJ0384,CH02,2028-06-12,2028-06-05,TRUE,1156,1184
End_of_Study,1080,SUBJ0384,CH02,2028-03-14,2028-03-18,TRUE,1066,1094
Safety_Followup,1170,SUBJ0384,CH02,2028-06-12,2028-06-08,TRUE,1156,1184
Screening,-7,SUBJ0385,CH07,2025-06-09,2025-06-12,TRUE,-21,7
Enrollment,0,SUBJ0385,CH07,2025-06-16,2025-06-20,TRUE,-14,14
Visit_1,90,SUBJ0385,CH07,2025-09-14,2025-09-17,TRUE,76,104
Visit_2,180,SUBJ0385,CH07,2025-12-13,2025-12-12,TRUE,166,194
Visit_3,270,SUBJ0385,CH07,2026-03-13,2026-03-06,TRUE,256,284
Visit_4,360,SUBJ0385,CH07,2026-06-11,2026-06-13,TRUE,346,374
Visit_5,450,SUBJ0385,CH07,2026-09-09,2026-09-16,TRUE,436,464
Visit_6,540,SUBJ0385,CH07,2026-12-08,2026-12-11,TRUE,526,554
Visit_7,630,SUBJ0385,CH07,2027-03-08,2027-03-12,TRUE,616,644
Visit_8,720,SUBJ0385,CH07,2027-06-06,2027-06-08,TRUE,706,734
Visit_9,810,SUBJ0385,CH07,2027-09-04,2027-09-08,TRUE,796,824
Visit_10,900,SUBJ0385,CH07,2027-12-03,2027-12-04,TRUE,886,914
Visit_11,990,SUBJ0385,CH07,2028-03-02,2028-03-05,TRUE,976,1004
Visit_12,1080,SUBJ0385,CH07,2028-05-31,2028-06-06,TRUE,1066,1094
Visit_13,1170,SUBJ0385,CH07,2028-08-29,2028-09-02,TRUE,1156,1184
End_of_Study,1080,SUBJ0385,CH07,2028-05-31,2028-06-05,TRUE,1066,1094
Safety_Followup,1170,SUBJ0385,CH07,2028-08-29,2028-08-26,TRUE,1156,1184
Screening,-7,SUBJ0386,CH01,2025-04-01,2025-03-28,TRUE,-21,7
Enrollment,0,SUBJ0386,CH01,2025-04-08,2025-04-06,TRUE,-14,14
Visit_1,90,SUBJ0386,CH01,2025-07-07,2025-07-03,TRUE,76,104
Visit_2,180,SUBJ0386,CH01,2025-10-05,2025-10-07,TRUE,166,194
Visit_3,270,SUBJ0386,CH01,2026-01-03,2025-12-28,TRUE,256,284
Visit_4,360,SUBJ0386,CH01,2026-04-03,2026-03-29,TRUE,346,374
Visit_5,450,SUBJ0386,CH01,2026-07-02,2026-06-26,TRUE,436,464
Visit_6,540,SUBJ0386,CH01,2026-09-30,2026-10-02,TRUE,526,554
Visit_7,630,SUBJ0386,CH01,2026-12-29,2027-01-01,TRUE,616,644
Visit_8,720,SUBJ0386,CH01,2027-03-29,2027-03-31,TRUE,706,734
Visit_9,810,SUBJ0386,CH01,2027-06-27,2027-06-29,TRUE,796,824
Visit_10,900,SUBJ0386,CH01,2027-09-25,2027-09-30,TRUE,886,914
Visit_11,990,SUBJ0386,CH01,2027-12-24,2027-12-24,TRUE,976,1004
Visit_12,1080,SUBJ0386,CH01,2028-03-23,2028-03-26,TRUE,1066,1094
Visit_13,1170,SUBJ0386,CH01,2028-06-21,2028-06-15,TRUE,1156,1184
End_of_Study,1080,SUBJ0386,CH01,2028-03-23,2028-03-29,TRUE,1066,1094
Safety_Followup,1170,SUBJ0386,CH01,2028-06-21,2028-06-16,TRUE,1156,1184
Screening,-7,SUBJ0387,CH01,2025-04-10,2025-04-13,TRUE,-21,7
Enrollment,0,SUBJ0387,CH01,2025-04-17,2025-04-12,TRUE,-14,14
Visit_1,90,SUBJ0387,CH01,2025-07-16,2025-07-20,TRUE,76,104
Visit_2,180,SUBJ0387,CH01,2025-10-14,2025-10-15,TRUE,166,194
Visit_3,270,SUBJ0387,CH01,2026-01-12,2026-01-09,TRUE,256,284
Visit_4,360,SUBJ0387,CH01,2026-04-12,2026-04-18,TRUE,346,374
Visit_5,450,SUBJ0387,CH01,2026-07-11,2026-07-13,TRUE,436,464
Visit_6,540,SUBJ0387,CH01,2026-10-09,2026-10-05,TRUE,526,554
Visit_7,630,SUBJ0387,CH01,2027-01-07,2027-01-09,TRUE,616,644
Visit_8,720,SUBJ0387,CH01,2027-04-07,2027-04-14,TRUE,706,734
Visit_9,810,SUBJ0387,CH01,2027-07-06,2027-07-08,TRUE,796,824
Visit_10,900,SUBJ0387,CH01,2027-10-04,2027-09-29,TRUE,886,914
Visit_11,990,SUBJ0387,CH01,2028-01-02,2028-01-04,TRUE,976,1004
Visit_12,1080,SUBJ0387,CH01,2028-04-01,2028-03-29,TRUE,1066,1094
Visit_13,1170,SUBJ0387,CH01,2028-06-30,2028-07-04,TRUE,1156,1184
End_of_Study,1080,SUBJ0387,CH01,2028-04-01,2028-04-08,TRUE,1066,1094
Safety_Followup,1170,SUBJ0387,CH01,2028-06-30,2028-06-24,TRUE,1156,1184
Screening,-7,SUBJ0388,CH04,2025-01-17,2025-01-19,TRUE,-21,7
Enrollment,0,SUBJ0388,CH04,2025-01-24,2025-01-25,TRUE,-14,14
Visit_1,90,SUBJ0388,CH04,2025-04-24,2025-04-29,TRUE,76,104
Visit_2,180,SUBJ0388,CH04,2025-07-23,2025-07-18,TRUE,166,194
Visit_3,270,SUBJ0388,CH04,2025-10-21,2025-10-15,TRUE,256,284
Visit_4,360,SUBJ0388,CH04,2026-01-19,2026-01-25,TRUE,346,374
Visit_5,450,SUBJ0388,CH04,2026-04-19,2026-04-22,TRUE,436,464
Visit_6,540,SUBJ0388,CH04,2026-07-18,2026-07-20,TRUE,526,554
Visit_7,630,SUBJ0388,CH04,2026-10-16,2026-10-12,TRUE,616,644
Visit_8,720,SUBJ0388,CH04,2027-01-14,2027-01-13,TRUE,706,734
Visit_9,810,SUBJ0388,CH04,2027-04-14,2027-04-21,TRUE,796,824
Visit_10,900,SUBJ0388,CH04,2027-07-13,2027-07-12,TRUE,886,914
Visit_11,990,SUBJ0388,CH04,2027-10-11,2027-10-10,TRUE,976,1004
Visit_12,1080,SUBJ0388,CH04,2028-01-09,2028-01-11,TRUE,1066,1094
Visit_13,1170,SUBJ0388,CH04,2028-04-08,2028-04-08,TRUE,1156,1184
End_of_Study,1080,SUBJ0388,CH04,2028-01-09,2028-01-07,TRUE,1066,1094
Safety_Followup,1170,SUBJ0388,CH04,2028-04-08,2028-04-06,TRUE,1156,1184
Screening,-7,SUBJ0389,CH07,2025-02-23,2025-02-20,TRUE,-21,7
Enrollment,0,SUBJ0389,CH07,2025-03-02,2025-03-02,TRUE,-14,14
Visit_1,90,SUBJ0389,CH07,2025-05-31,2025-05-28,TRUE,76,104
Visit_2,180,SUBJ0389,CH07,2025-08-29,2025-08-29,TRUE,166,194
Visit_3,270,SUBJ0389,CH07,2025-11-27,2025-11-30,TRUE,256,284
Visit_4,360,SUBJ0389,CH07,2026-02-25,2026-02-20,TRUE,346,374
Visit_5,450,SUBJ0389,CH07,2026-05-26,2026-05-30,TRUE,436,464
Visit_6,540,SUBJ0389,CH07,2026-08-24,2026-08-29,TRUE,526,554
Visit_7,630,SUBJ0389,CH07,2026-11-22,2026-11-16,TRUE,616,644
Visit_8,720,SUBJ0389,CH07,2027-02-20,2027-02-26,TRUE,706,734
Visit_9,810,SUBJ0389,CH07,2027-05-21,2027-05-19,TRUE,796,824
Visit_10,900,SUBJ0389,CH07,2027-08-19,2027-08-16,TRUE,886,914
Visit_11,990,SUBJ0389,CH07,2027-11-17,2027-11-23,TRUE,976,1004
Visit_12,1080,SUBJ0389,CH07,2028-02-15,2028-02-08,TRUE,1066,1094
Visit_13,1170,SUBJ0389,CH07,2028-05-15,2028-05-15,TRUE,1156,1184
End_of_Study,1080,SUBJ0389,CH07,2028-02-15,2028-02-22,TRUE,1066,1094
Safety_Followup,1170,SUBJ0389,CH07,2028-05-15,2028-05-13,TRUE,1156,1184
Screening,-7,SUBJ0390,CH09,2025-03-29,2025-03-31,TRUE,-21,7
Enrollment,0,SUBJ0390,CH09,2025-04-05,2025-04-04,TRUE,-14,14
Visit_1,90,SUBJ0390,CH09,2025-07-04,2025-07-01,TRUE,76,104
Visit_2,180,SUBJ0390,CH09,2025-10-02,2025-10-03,TRUE,166,194
Visit_3,270,SUBJ0390,CH09,2025-12-31,2025-12-25,TRUE,256,284
Visit_4,360,SUBJ0390,CH09,2026-03-31,2026-04-02,TRUE,346,374
Visit_5,450,SUBJ0390,CH09,2026-06-29,2026-06-22,TRUE,436,464
Visit_6,540,SUBJ0390,CH09,2026-09-27,2026-09-20,TRUE,526,554
Visit_7,630,SUBJ0390,CH09,2026-12-26,2026-12-28,TRUE,616,644
Visit_8,720,SUBJ0390,CH09,2027-03-26,2027-03-20,TRUE,706,734
Visit_9,810,SUBJ0390,CH09,2027-06-24,2027-06-20,TRUE,796,824
Visit_10,900,SUBJ0390,CH09,2027-09-22,2027-09-24,TRUE,886,914
Visit_11,990,SUBJ0390,CH09,2027-12-21,2027-12-14,TRUE,976,1004
Visit_12,1080,SUBJ0390,CH09,2028-03-20,2028-03-13,TRUE,1066,1094
Visit_13,1170,SUBJ0390,CH09,2028-06-18,2028-06-24,TRUE,1156,1184
End_of_Study,1080,SUBJ0390,CH09,2028-03-20,2028-03-23,TRUE,1066,1094
Safety_Followup,1170,SUBJ0390,CH09,2028-06-18,2028-06-17,TRUE,1156,1184
Screening,-7,SUBJ0391,CH11,2024-12-28,2024-12-21,TRUE,-21,7
Enrollment,0,SUBJ0391,CH11,2025-01-04,2025-01-06,TRUE,-14,14
Visit_1,90,SUBJ0391,CH11,2025-04-04,2025-04-10,TRUE,76,104
Visit_2,180,SUBJ0391,CH11,2025-07-03,2025-06-28,TRUE,166,194
Visit_3,270,SUBJ0391,CH11,2025-10-01,2025-09-30,TRUE,256,284
Visit_4,360,SUBJ0391,CH11,2025-12-30,2025-12-27,TRUE,346,374
Visit_5,450,SUBJ0391,CH11,2026-03-30,2026-04-06,TRUE,436,464
Visit_6,540,SUBJ0391,CH11,2026-06-28,2026-06-21,TRUE,526,554
Visit_7,630,SUBJ0391,CH11,2026-09-26,2026-10-01,TRUE,616,644
Visit_8,720,SUBJ0391,CH11,2026-12-25,2026-12-28,TRUE,706,734
Visit_9,810,SUBJ0391,CH11,2027-03-25,2027-03-19,TRUE,796,824
Visit_10,900,SUBJ0391,CH11,2027-06-23,2027-06-25,TRUE,886,914
Visit_11,990,SUBJ0391,CH11,2027-09-21,2027-09-26,TRUE,976,1004
Visit_12,1080,SUBJ0391,CH11,2027-12-20,2027-12-25,TRUE,1066,1094
Visit_13,1170,SUBJ0391,CH11,2028-03-19,2028-03-19,TRUE,1156,1184
End_of_Study,1080,SUBJ0391,CH11,2027-12-20,2027-12-18,TRUE,1066,1094
Safety_Followup,1170,SUBJ0391,CH11,2028-03-19,2028-03-24,TRUE,1156,1184
Screening,-7,SUBJ0392,CH01,2025-05-28,2025-06-04,TRUE,-21,7
Enrollment,0,SUBJ0392,CH01,2025-06-04,2025-06-08,TRUE,-14,14
Visit_1,90,SUBJ0392,CH01,2025-09-02,2025-08-30,TRUE,76,104
Visit_2,180,SUBJ0392,CH01,2025-12-01,2025-11-25,TRUE,166,194
Visit_3,270,SUBJ0392,CH01,2026-03-01,2026-02-25,TRUE,256,284
Visit_4,360,SUBJ0392,CH01,2026-05-30,2026-05-28,TRUE,346,374
Visit_5,450,SUBJ0392,CH01,2026-08-28,2026-08-24,TRUE,436,464
Visit_6,540,SUBJ0392,CH01,2026-11-26,2026-11-29,TRUE,526,554
Visit_7,630,SUBJ0392,CH01,2027-02-24,2027-02-23,TRUE,616,644
Visit_8,720,SUBJ0392,CH01,2027-05-25,2027-05-29,TRUE,706,734
Visit_9,810,SUBJ0392,CH01,2027-08-23,2027-08-17,TRUE,796,824
Visit_10,900,SUBJ0392,CH01,2027-11-21,2027-11-26,TRUE,886,914
Visit_11,990,SUBJ0392,CH01,2028-02-19,2028-02-12,TRUE,976,1004
Visit_12,1080,SUBJ0392,CH01,2028-05-19,NA,FALSE,1066,1094
Visit_13,1170,SUBJ0392,CH01,2028-08-17,NA,FALSE,1156,1184
End_of_Study,1080,SUBJ0392,CH01,2028-05-19,NA,FALSE,1066,1094
Safety_Followup,1170,SUBJ0392,CH01,2028-08-17,NA,FALSE,1156,1184
Screening,-7,SUBJ0393,CH05,2025-01-05,2024-12-30,TRUE,-21,7
Enrollment,0,SUBJ0393,CH05,2025-01-12,2025-01-13,TRUE,-14,14
Visit_1,90,SUBJ0393,CH05,2025-04-12,2025-04-15,TRUE,76,104
Visit_2,180,SUBJ0393,CH05,2025-07-11,2025-07-05,TRUE,166,194
Visit_3,270,SUBJ0393,CH05,2025-10-09,2025-10-02,TRUE,256,284
Visit_4,360,SUBJ0393,CH05,2026-01-07,2026-01-10,TRUE,346,374
Visit_5,450,SUBJ0393,CH05,2026-04-07,2026-03-31,TRUE,436,464
Visit_6,540,SUBJ0393,CH05,2026-07-06,2026-07-09,TRUE,526,554
Visit_7,630,SUBJ0393,CH05,2026-10-04,2026-10-07,TRUE,616,644
Visit_8,720,SUBJ0393,CH05,2027-01-02,2027-01-05,TRUE,706,734
Visit_9,810,SUBJ0393,CH05,2027-04-02,2027-04-01,TRUE,796,824
Visit_10,900,SUBJ0393,CH05,2027-07-01,2027-06-27,TRUE,886,914
Visit_11,990,SUBJ0393,CH05,2027-09-29,2027-09-26,TRUE,976,1004
Visit_12,1080,SUBJ0393,CH05,2027-12-28,2027-12-22,TRUE,1066,1094
Visit_13,1170,SUBJ0393,CH05,2028-03-27,2028-03-26,TRUE,1156,1184
End_of_Study,1080,SUBJ0393,CH05,2027-12-28,2027-12-25,TRUE,1066,1094
Safety_Followup,1170,SUBJ0393,CH05,2028-03-27,2028-04-01,TRUE,1156,1184
Screening,-7,SUBJ0394,CH16,2025-05-23,2025-05-17,TRUE,-21,7
Enrollment,0,SUBJ0394,CH16,2025-05-30,2025-06-02,TRUE,-14,14
Visit_1,90,SUBJ0394,CH16,2025-08-28,2025-08-25,TRUE,76,104
Visit_2,180,SUBJ0394,CH16,2025-11-26,2025-11-29,TRUE,166,194
Visit_3,270,SUBJ0394,CH16,2026-02-24,2026-02-25,TRUE,256,284
Visit_4,360,SUBJ0394,CH16,2026-05-25,2026-05-25,TRUE,346,374
Visit_5,450,SUBJ0394,CH16,2026-08-23,2026-08-27,TRUE,436,464
Visit_6,540,SUBJ0394,CH16,2026-11-21,2026-11-27,TRUE,526,554
Visit_7,630,SUBJ0394,CH16,2027-02-19,2027-02-18,TRUE,616,644
Visit_8,720,SUBJ0394,CH16,2027-05-20,2027-05-24,TRUE,706,734
Visit_9,810,SUBJ0394,CH16,2027-08-18,2027-08-24,TRUE,796,824
Visit_10,900,SUBJ0394,CH16,2027-11-16,2027-11-21,TRUE,886,914
Visit_11,990,SUBJ0394,CH16,2028-02-14,2028-02-17,TRUE,976,1004
Visit_12,1080,SUBJ0394,CH16,2028-05-14,2028-05-07,TRUE,1066,1094
Visit_13,1170,SUBJ0394,CH16,2028-08-12,2028-08-14,TRUE,1156,1184
End_of_Study,1080,SUBJ0394,CH16,2028-05-14,2028-05-17,TRUE,1066,1094
Safety_Followup,1170,SUBJ0394,CH16,2028-08-12,2028-08-05,TRUE,1156,1184
Screening,-7,SUBJ0395,CH09,2025-01-28,2025-01-29,TRUE,-21,7
Enrollment,0,SUBJ0395,CH09,2025-02-04,2025-02-06,TRUE,-14,14
Visit_1,90,SUBJ0395,CH09,2025-05-05,2025-05-01,TRUE,76,104
Visit_2,180,SUBJ0395,CH09,2025-08-03,2025-07-27,TRUE,166,194
Visit_3,270,SUBJ0395,CH09,2025-11-01,2025-10-30,TRUE,256,284
Visit_4,360,SUBJ0395,CH09,2026-01-30,2026-01-27,TRUE,346,374
Visit_5,450,SUBJ0395,CH09,2026-04-30,2026-04-25,TRUE,436,464
Visit_6,540,SUBJ0395,CH09,2026-07-29,2026-08-05,TRUE,526,554
Visit_7,630,SUBJ0395,CH09,2026-10-27,2026-10-29,TRUE,616,644
Visit_8,720,SUBJ0395,CH09,2027-01-25,2027-01-22,TRUE,706,734
Visit_9,810,SUBJ0395,CH09,2027-04-25,2027-04-22,TRUE,796,824
Visit_10,900,SUBJ0395,CH09,2027-07-24,2027-07-20,TRUE,886,914
Visit_11,990,SUBJ0395,CH09,2027-10-22,2027-10-17,TRUE,976,1004
Visit_12,1080,SUBJ0395,CH09,2028-01-20,2028-01-16,TRUE,1066,1094
Visit_13,1170,SUBJ0395,CH09,2028-04-19,2028-04-16,TRUE,1156,1184
End_of_Study,1080,SUBJ0395,CH09,2028-01-20,2028-01-16,TRUE,1066,1094
Safety_Followup,1170,SUBJ0395,CH09,2028-04-19,2028-04-12,TRUE,1156,1184
Screening,-7,SUBJ0396,CH09,2025-06-20,2025-06-18,TRUE,-21,7
Enrollment,0,SUBJ0396,CH09,2025-06-27,2025-06-23,TRUE,-14,14
Visit_1,90,SUBJ0396,CH09,2025-09-25,2025-09-23,TRUE,76,104
Visit_2,180,SUBJ0396,CH09,2025-12-24,2025-12-30,TRUE,166,194
Visit_3,270,SUBJ0396,CH09,2026-03-24,2026-03-29,TRUE,256,284
Visit_4,360,SUBJ0396,CH09,2026-06-22,2026-06-21,TRUE,346,374
Visit_5,450,SUBJ0396,CH09,2026-09-20,2026-09-15,TRUE,436,464
Visit_6,540,SUBJ0396,CH09,2026-12-19,2026-12-19,TRUE,526,554
Visit_7,630,SUBJ0396,CH09,2027-03-19,2027-03-24,TRUE,616,644
Visit_8,720,SUBJ0396,CH09,2027-06-17,2027-06-18,TRUE,706,734
Visit_9,810,SUBJ0396,CH09,2027-09-15,2027-09-17,TRUE,796,824
Visit_10,900,SUBJ0396,CH09,2027-12-14,2027-12-15,TRUE,886,914
Visit_11,990,SUBJ0396,CH09,2028-03-13,2028-03-18,TRUE,976,1004
Visit_12,1080,SUBJ0396,CH09,2028-06-11,2028-06-12,TRUE,1066,1094
Visit_13,1170,SUBJ0396,CH09,2028-09-09,2028-09-15,TRUE,1156,1184
End_of_Study,1080,SUBJ0396,CH09,2028-06-11,2028-06-08,TRUE,1066,1094
Safety_Followup,1170,SUBJ0396,CH09,2028-09-09,2028-09-12,TRUE,1156,1184
Screening,-7,SUBJ0397,CH12,2025-02-18,2025-02-17,TRUE,-21,7
Enrollment,0,SUBJ0397,CH12,2025-02-25,2025-02-23,TRUE,-14,14
Visit_1,90,SUBJ0397,CH12,2025-05-26,2025-05-27,TRUE,76,104
Visit_2,180,SUBJ0397,CH12,2025-08-24,2025-08-22,TRUE,166,194
Visit_3,270,SUBJ0397,CH12,2025-11-22,2025-11-15,TRUE,256,284
Visit_4,360,SUBJ0397,CH12,2026-02-20,2026-02-23,TRUE,346,374
Visit_5,450,SUBJ0397,CH12,2026-05-21,2026-05-18,TRUE,436,464
Visit_6,540,SUBJ0397,CH12,2026-08-19,2026-08-23,TRUE,526,554
Visit_7,630,SUBJ0397,CH12,2026-11-17,2026-11-15,TRUE,616,644
Visit_8,720,SUBJ0397,CH12,2027-02-15,2027-02-15,TRUE,706,734
Visit_9,810,SUBJ0397,CH12,2027-05-16,2027-05-09,TRUE,796,824
Visit_10,900,SUBJ0397,CH12,2027-08-14,2027-08-15,TRUE,886,914
Visit_11,990,SUBJ0397,CH12,2027-11-12,2027-11-06,TRUE,976,1004
Visit_12,1080,SUBJ0397,CH12,2028-02-10,2028-02-06,TRUE,1066,1094
Visit_13,1170,SUBJ0397,CH12,2028-05-10,2028-05-14,TRUE,1156,1184
End_of_Study,1080,SUBJ0397,CH12,2028-02-10,2028-02-09,TRUE,1066,1094
Safety_Followup,1170,SUBJ0397,CH12,2028-05-10,2028-05-09,TRUE,1156,1184
Screening,-7,SUBJ0398,CH05,2025-05-06,2025-05-13,TRUE,-21,7
Enrollment,0,SUBJ0398,CH05,2025-05-13,2025-05-09,TRUE,-14,14
Visit_1,90,SUBJ0398,CH05,2025-08-11,2025-08-04,TRUE,76,104
Visit_2,180,SUBJ0398,CH05,2025-11-09,2025-11-05,TRUE,166,194
Visit_3,270,SUBJ0398,CH05,2026-02-07,2026-02-03,TRUE,256,284
Visit_4,360,SUBJ0398,CH05,2026-05-08,2026-05-14,TRUE,346,374
Visit_5,450,SUBJ0398,CH05,2026-08-06,2026-08-08,TRUE,436,464
Visit_6,540,SUBJ0398,CH05,2026-11-04,2026-11-02,TRUE,526,554
Visit_7,630,SUBJ0398,CH05,2027-02-02,2027-01-27,TRUE,616,644
Visit_8,720,SUBJ0398,CH05,2027-05-03,2027-04-26,TRUE,706,734
Visit_9,810,SUBJ0398,CH05,2027-08-01,2027-08-08,TRUE,796,824
Visit_10,900,SUBJ0398,CH05,2027-10-30,2027-10-23,TRUE,886,914
Visit_11,990,SUBJ0398,CH05,2028-01-28,2028-02-03,TRUE,976,1004
Visit_12,1080,SUBJ0398,CH05,2028-04-27,2028-04-21,TRUE,1066,1094
Visit_13,1170,SUBJ0398,CH05,2028-07-26,2028-07-31,TRUE,1156,1184
End_of_Study,1080,SUBJ0398,CH05,2028-04-27,2028-05-04,TRUE,1066,1094
Safety_Followup,1170,SUBJ0398,CH05,2028-07-26,2028-07-23,TRUE,1156,1184
Screening,-7,SUBJ0399,CH17,2025-01-23,2025-01-24,TRUE,-21,7
Enrollment,0,SUBJ0399,CH17,2025-01-30,2025-01-29,TRUE,-14,14
Visit_1,90,SUBJ0399,CH17,2025-04-30,2025-04-27,TRUE,76,104
Visit_2,180,SUBJ0399,CH17,2025-07-29,2025-07-30,TRUE,166,194
Visit_3,270,SUBJ0399,CH17,2025-10-27,2025-11-01,TRUE,256,284
Visit_4,360,SUBJ0399,CH17,2026-01-25,2026-01-24,TRUE,346,374
Visit_5,450,SUBJ0399,CH17,2026-04-25,2026-04-21,TRUE,436,464
Visit_6,540,SUBJ0399,CH17,2026-07-24,2026-07-18,TRUE,526,554
Visit_7,630,SUBJ0399,CH17,2026-10-22,2026-10-25,TRUE,616,644
Visit_8,720,SUBJ0399,CH17,2027-01-20,2027-01-22,TRUE,706,734
Visit_9,810,SUBJ0399,CH17,2027-04-20,2027-04-14,TRUE,796,824
Visit_10,900,SUBJ0399,CH17,2027-07-19,2027-07-22,TRUE,886,914
Visit_11,990,SUBJ0399,CH17,2027-10-17,2027-10-12,TRUE,976,1004
Visit_12,1080,SUBJ0399,CH17,2028-01-15,2028-01-12,TRUE,1066,1094
Visit_13,1170,SUBJ0399,CH17,2028-04-14,2028-04-09,TRUE,1156,1184
End_of_Study,1080,SUBJ0399,CH17,2028-01-15,2028-01-11,TRUE,1066,1094
Safety_Followup,1170,SUBJ0399,CH17,2028-04-14,2028-04-14,TRUE,1156,1184
Screening,-7,SUBJ0400,CH09,2025-01-05,2025-01-01,TRUE,-21,7
Enrollment,0,SUBJ0400,CH09,2025-01-12,2025-01-18,TRUE,-14,14
Visit_1,90,SUBJ0400,CH09,2025-04-12,2025-04-05,TRUE,76,104
Visit_2,180,SUBJ0400,CH09,2025-07-11,2025-07-12,TRUE,166,194
Visit_3,270,SUBJ0400,CH09,2025-10-09,2025-10-06,TRUE,256,284
Visit_4,360,SUBJ0400,CH09,2026-01-07,2026-01-07,TRUE,346,374
Visit_5,450,SUBJ0400,CH09,2026-04-07,2026-04-02,TRUE,436,464
Visit_6,540,SUBJ0400,CH09,2026-07-06,2026-07-10,TRUE,526,554
Visit_7,630,SUBJ0400,CH09,2026-10-04,2026-10-02,TRUE,616,644
Visit_8,720,SUBJ0400,CH09,2027-01-02,2027-01-05,TRUE,706,734
Visit_9,810,SUBJ0400,CH09,2027-04-02,2027-04-08,TRUE,796,824
Visit_10,900,SUBJ0400,CH09,2027-07-01,2027-07-06,TRUE,886,914
Visit_11,990,SUBJ0400,CH09,2027-09-29,2027-09-22,TRUE,976,1004
Visit_12,1080,SUBJ0400,CH09,2027-12-28,2027-12-26,TRUE,1066,1094
Visit_13,1170,SUBJ0400,CH09,2028-03-27,2028-03-28,TRUE,1156,1184
End_of_Study,1080,SUBJ0400,CH09,2027-12-28,2028-01-01,TRUE,1066,1094
Safety_Followup,1170,SUBJ0400,CH09,2028-03-27,2028-03-20,TRUE,1156,1184
Screening,-7,SUBJ0401,CH07,2025-05-09,2025-05-08,TRUE,-21,7
Enrollment,0,SUBJ0401,CH07,2025-05-16,2025-05-19,TRUE,-14,14
Visit_1,90,SUBJ0401,CH07,2025-08-14,2025-08-10,TRUE,76,104
Visit_2,180,SUBJ0401,CH07,2025-11-12,2025-11-14,TRUE,166,194
Visit_3,270,SUBJ0401,CH07,2026-02-10,2026-02-14,TRUE,256,284
Visit_4,360,SUBJ0401,CH07,2026-05-11,2026-05-11,TRUE,346,374
Visit_5,450,SUBJ0401,CH07,2026-08-09,2026-08-07,TRUE,436,464
Visit_6,540,SUBJ0401,CH07,2026-11-07,2026-11-09,TRUE,526,554
Visit_7,630,SUBJ0401,CH07,2027-02-05,2027-02-02,TRUE,616,644
Visit_8,720,SUBJ0401,CH07,2027-05-06,2027-05-07,TRUE,706,734
Visit_9,810,SUBJ0401,CH07,2027-08-04,2027-08-04,TRUE,796,824
Visit_10,900,SUBJ0401,CH07,2027-11-02,2027-11-02,TRUE,886,914
Visit_11,990,SUBJ0401,CH07,2028-01-31,2028-02-07,TRUE,976,1004
Visit_12,1080,SUBJ0401,CH07,2028-04-30,2028-05-03,TRUE,1066,1094
Visit_13,1170,SUBJ0401,CH07,2028-07-29,2028-07-24,TRUE,1156,1184
End_of_Study,1080,SUBJ0401,CH07,2028-04-30,2028-04-29,TRUE,1066,1094
Safety_Followup,1170,SUBJ0401,CH07,2028-07-29,2028-08-03,TRUE,1156,1184
Screening,-7,SUBJ0402,CH06,2025-02-17,2025-02-11,TRUE,-21,7
Enrollment,0,SUBJ0402,CH06,2025-02-24,2025-03-01,TRUE,-14,14
Visit_1,90,SUBJ0402,CH06,2025-05-25,2025-05-25,TRUE,76,104
Visit_2,180,SUBJ0402,CH06,2025-08-23,2025-08-26,TRUE,166,194
Visit_3,270,SUBJ0402,CH06,2025-11-21,2025-11-21,TRUE,256,284
Visit_4,360,SUBJ0402,CH06,2026-02-19,2026-02-24,TRUE,346,374
Visit_5,450,SUBJ0402,CH06,2026-05-20,2026-05-13,TRUE,436,464
Visit_6,540,SUBJ0402,CH06,2026-08-18,2026-08-16,TRUE,526,554
Visit_7,630,SUBJ0402,CH06,2026-11-16,2026-11-18,TRUE,616,644
Visit_8,720,SUBJ0402,CH06,2027-02-14,2027-02-13,TRUE,706,734
Visit_9,810,SUBJ0402,CH06,2027-05-15,2027-05-10,TRUE,796,824
Visit_10,900,SUBJ0402,CH06,2027-08-13,2027-08-11,TRUE,886,914
Visit_11,990,SUBJ0402,CH06,2027-11-11,2027-11-12,TRUE,976,1004
Visit_12,1080,SUBJ0402,CH06,2028-02-09,2028-02-07,TRUE,1066,1094
Visit_13,1170,SUBJ0402,CH06,2028-05-09,2028-05-06,TRUE,1156,1184
End_of_Study,1080,SUBJ0402,CH06,2028-02-09,2028-02-10,TRUE,1066,1094
Safety_Followup,1170,SUBJ0402,CH06,2028-05-09,2028-05-06,TRUE,1156,1184
Screening,-7,SUBJ0403,CH17,2025-01-22,2025-01-18,TRUE,-21,7
Enrollment,0,SUBJ0403,CH17,2025-01-29,2025-01-29,TRUE,-14,14
Visit_1,90,SUBJ0403,CH17,2025-04-29,2025-04-28,TRUE,76,104
Visit_2,180,SUBJ0403,CH17,2025-07-28,2025-07-22,TRUE,166,194
Visit_3,270,SUBJ0403,CH17,2025-10-26,2025-10-25,TRUE,256,284
Visit_4,360,SUBJ0403,CH17,2026-01-24,2026-01-28,TRUE,346,374
Visit_5,450,SUBJ0403,CH17,2026-04-24,2026-04-30,TRUE,436,464
Visit_6,540,SUBJ0403,CH17,2026-07-23,2026-07-30,TRUE,526,554
Visit_7,630,SUBJ0403,CH17,2026-10-21,2026-10-15,TRUE,616,644
Visit_8,720,SUBJ0403,CH17,2027-01-19,2027-01-20,TRUE,706,734
Visit_9,810,SUBJ0403,CH17,2027-04-19,2027-04-20,TRUE,796,824
Visit_10,900,SUBJ0403,CH17,2027-07-18,2027-07-23,TRUE,886,914
Visit_11,990,SUBJ0403,CH17,2027-10-16,2027-10-19,TRUE,976,1004
Visit_12,1080,SUBJ0403,CH17,2028-01-14,2028-01-10,TRUE,1066,1094
Visit_13,1170,SUBJ0403,CH17,2028-04-13,2028-04-08,TRUE,1156,1184
End_of_Study,1080,SUBJ0403,CH17,2028-01-14,2028-01-21,TRUE,1066,1094
Safety_Followup,1170,SUBJ0403,CH17,2028-04-13,2028-04-19,TRUE,1156,1184
Screening,-7,SUBJ0404,CH13,2025-02-02,2025-01-30,TRUE,-21,7
Enrollment,0,SUBJ0404,CH13,2025-02-09,2025-02-08,TRUE,-14,14
Visit_1,90,SUBJ0404,CH13,2025-05-10,2025-05-15,TRUE,76,104
Visit_2,180,SUBJ0404,CH13,2025-08-08,2025-08-04,TRUE,166,194
Visit_3,270,SUBJ0404,CH13,2025-11-06,2025-11-01,TRUE,256,284
Visit_4,360,SUBJ0404,CH13,2026-02-04,2026-02-08,TRUE,346,374
Visit_5,450,SUBJ0404,CH13,2026-05-05,2026-05-05,TRUE,436,464
Visit_6,540,SUBJ0404,CH13,2026-08-03,2026-08-09,TRUE,526,554
Visit_7,630,SUBJ0404,CH13,2026-11-01,2026-10-26,TRUE,616,644
Visit_8,720,SUBJ0404,CH13,2027-01-30,2027-02-03,TRUE,706,734
Visit_9,810,SUBJ0404,CH13,2027-04-30,2027-05-05,TRUE,796,824
Visit_10,900,SUBJ0404,CH13,2027-07-29,2027-08-02,TRUE,886,914
Visit_11,990,SUBJ0404,CH13,2027-10-27,2027-10-25,TRUE,976,1004
Visit_12,1080,SUBJ0404,CH13,2028-01-25,2028-01-30,TRUE,1066,1094
Visit_13,1170,SUBJ0404,CH13,2028-04-24,2028-04-23,TRUE,1156,1184
End_of_Study,1080,SUBJ0404,CH13,2028-01-25,2028-01-21,TRUE,1066,1094
Safety_Followup,1170,SUBJ0404,CH13,2028-04-24,2028-04-29,TRUE,1156,1184
Screening,-7,SUBJ0405,CH11,2025-03-20,2025-03-20,TRUE,-21,7
Enrollment,0,SUBJ0405,CH11,2025-03-27,2025-03-28,TRUE,-14,14
Visit_1,90,SUBJ0405,CH11,2025-06-25,2025-06-30,TRUE,76,104
Visit_2,180,SUBJ0405,CH11,2025-09-23,2025-09-29,TRUE,166,194
Visit_3,270,SUBJ0405,CH11,2025-12-22,2025-12-17,TRUE,256,284
Visit_4,360,SUBJ0405,CH11,2026-03-22,2026-03-26,TRUE,346,374
Visit_5,450,SUBJ0405,CH11,2026-06-20,2026-06-22,TRUE,436,464
Visit_6,540,SUBJ0405,CH11,2026-09-18,2026-09-23,TRUE,526,554
Visit_7,630,SUBJ0405,CH11,2026-12-17,2026-12-23,TRUE,616,644
Visit_8,720,SUBJ0405,CH11,2027-03-17,2027-03-22,TRUE,706,734
Visit_9,810,SUBJ0405,CH11,2027-06-15,2027-06-11,TRUE,796,824
Visit_10,900,SUBJ0405,CH11,2027-09-13,2027-09-13,TRUE,886,914
Visit_11,990,SUBJ0405,CH11,2027-12-12,2027-12-12,TRUE,976,1004
Visit_12,1080,SUBJ0405,CH11,2028-03-11,2028-03-05,TRUE,1066,1094
Visit_13,1170,SUBJ0405,CH11,2028-06-09,2028-06-09,TRUE,1156,1184
End_of_Study,1080,SUBJ0405,CH11,2028-03-11,2028-03-08,TRUE,1066,1094
Safety_Followup,1170,SUBJ0405,CH11,2028-06-09,2028-06-15,TRUE,1156,1184
Screening,-7,SUBJ0406,CH09,2024-12-31,2024-12-24,TRUE,-21,7
Enrollment,0,SUBJ0406,CH09,2025-01-07,2025-01-02,TRUE,-14,14
Visit_1,90,SUBJ0406,CH09,2025-04-07,2025-04-04,TRUE,76,104
Visit_2,180,SUBJ0406,CH09,2025-07-06,2025-07-02,TRUE,166,194
Visit_3,270,SUBJ0406,CH09,2025-10-04,2025-10-04,TRUE,256,284
Visit_4,360,SUBJ0406,CH09,2026-01-02,2026-01-02,TRUE,346,374
Visit_5,450,SUBJ0406,CH09,2026-04-02,2026-03-30,TRUE,436,464
Visit_6,540,SUBJ0406,CH09,2026-07-01,2026-06-24,TRUE,526,554
Visit_7,630,SUBJ0406,CH09,2026-09-29,2026-10-04,TRUE,616,644
Visit_8,720,SUBJ0406,CH09,2026-12-28,2026-12-21,TRUE,706,734
Visit_9,810,SUBJ0406,CH09,2027-03-28,2027-03-22,TRUE,796,824
Visit_10,900,SUBJ0406,CH09,2027-06-26,2027-06-19,TRUE,886,914
Visit_11,990,SUBJ0406,CH09,2027-09-24,2027-09-26,TRUE,976,1004
Visit_12,1080,SUBJ0406,CH09,2027-12-23,2027-12-16,TRUE,1066,1094
Visit_13,1170,SUBJ0406,CH09,2028-03-22,2028-03-29,TRUE,1156,1184
End_of_Study,1080,SUBJ0406,CH09,2027-12-23,2027-12-28,TRUE,1066,1094
Safety_Followup,1170,SUBJ0406,CH09,2028-03-22,2028-03-29,TRUE,1156,1184
Screening,-7,SUBJ0407,CH06,2025-02-27,2025-03-06,TRUE,-21,7
Enrollment,0,SUBJ0407,CH06,2025-03-06,2025-03-05,TRUE,-14,14
Visit_1,90,SUBJ0407,CH06,2025-06-04,2025-06-03,TRUE,76,104
Visit_2,180,SUBJ0407,CH06,2025-09-02,2025-09-07,TRUE,166,194
Visit_3,270,SUBJ0407,CH06,2025-12-01,2025-12-08,TRUE,256,284
Visit_4,360,SUBJ0407,CH06,2026-03-01,2026-02-26,TRUE,346,374
Visit_5,450,SUBJ0407,CH06,2026-05-30,2026-06-05,TRUE,436,464
Visit_6,540,SUBJ0407,CH06,2026-08-28,2026-08-29,TRUE,526,554
Visit_7,630,SUBJ0407,CH06,2026-11-26,2026-12-03,TRUE,616,644
Visit_8,720,SUBJ0407,CH06,2027-02-24,2027-02-17,TRUE,706,734
Visit_9,810,SUBJ0407,CH06,2027-05-25,2027-05-18,TRUE,796,824
Visit_10,900,SUBJ0407,CH06,2027-08-23,2027-08-19,TRUE,886,914
Visit_11,990,SUBJ0407,CH06,2027-11-21,2027-11-18,TRUE,976,1004
Visit_12,1080,SUBJ0407,CH06,2028-02-19,2028-02-21,TRUE,1066,1094
Visit_13,1170,SUBJ0407,CH06,2028-05-19,2028-05-15,TRUE,1156,1184
End_of_Study,1080,SUBJ0407,CH06,2028-02-19,2028-02-15,TRUE,1066,1094
Safety_Followup,1170,SUBJ0407,CH06,2028-05-19,2028-05-19,TRUE,1156,1184
Screening,-7,SUBJ0408,CH15,2025-02-10,2025-02-16,TRUE,-21,7
Enrollment,0,SUBJ0408,CH15,2025-02-17,2025-02-10,TRUE,-14,14
Visit_1,90,SUBJ0408,CH15,2025-05-18,2025-05-20,TRUE,76,104
Visit_2,180,SUBJ0408,CH15,2025-08-16,2025-08-19,TRUE,166,194
Visit_3,270,SUBJ0408,CH15,2025-11-14,2025-11-21,TRUE,256,284
Visit_4,360,SUBJ0408,CH15,2026-02-12,2026-02-09,TRUE,346,374
Visit_5,450,SUBJ0408,CH15,2026-05-13,2026-05-07,TRUE,436,464
Visit_6,540,SUBJ0408,CH15,2026-08-11,2026-08-04,TRUE,526,554
Visit_7,630,SUBJ0408,CH15,2026-11-09,2026-11-05,TRUE,616,644
Visit_8,720,SUBJ0408,CH15,2027-02-07,2027-02-11,TRUE,706,734
Visit_9,810,SUBJ0408,CH15,2027-05-08,2027-05-15,TRUE,796,824
Visit_10,900,SUBJ0408,CH15,2027-08-06,2027-08-07,TRUE,886,914
Visit_11,990,SUBJ0408,CH15,2027-11-04,2027-11-06,TRUE,976,1004
Visit_12,1080,SUBJ0408,CH15,2028-02-02,2028-02-06,TRUE,1066,1094
Visit_13,1170,SUBJ0408,CH15,2028-05-02,2028-05-06,TRUE,1156,1184
End_of_Study,1080,SUBJ0408,CH15,2028-02-02,2028-02-01,TRUE,1066,1094
Safety_Followup,1170,SUBJ0408,CH15,2028-05-02,2028-04-25,TRUE,1156,1184
Screening,-7,SUBJ0409,CH04,2025-06-01,2025-06-05,TRUE,-21,7
Enrollment,0,SUBJ0409,CH04,2025-06-08,2025-06-11,TRUE,-14,14
Visit_1,90,SUBJ0409,CH04,2025-09-06,2025-08-30,TRUE,76,104
Visit_2,180,SUBJ0409,CH04,2025-12-05,2025-12-10,TRUE,166,194
Visit_3,270,SUBJ0409,CH04,2026-03-05,2026-03-03,TRUE,256,284
Visit_4,360,SUBJ0409,CH04,2026-06-03,2026-06-08,TRUE,346,374
Visit_5,450,SUBJ0409,CH04,2026-09-01,2026-08-29,TRUE,436,464
Visit_6,540,SUBJ0409,CH04,2026-11-30,2026-12-02,TRUE,526,554
Visit_7,630,SUBJ0409,CH04,2027-02-28,2027-02-22,TRUE,616,644
Visit_8,720,SUBJ0409,CH04,2027-05-29,2027-05-25,TRUE,706,734
Visit_9,810,SUBJ0409,CH04,2027-08-27,2027-08-20,TRUE,796,824
Visit_10,900,SUBJ0409,CH04,2027-11-25,2027-12-02,TRUE,886,914
Visit_11,990,SUBJ0409,CH04,2028-02-23,2028-02-22,TRUE,976,1004
Visit_12,1080,SUBJ0409,CH04,2028-05-23,2028-05-28,TRUE,1066,1094
Visit_13,1170,SUBJ0409,CH04,2028-08-21,2028-08-21,TRUE,1156,1184
End_of_Study,1080,SUBJ0409,CH04,2028-05-23,2028-05-23,TRUE,1066,1094
Safety_Followup,1170,SUBJ0409,CH04,2028-08-21,2028-08-21,TRUE,1156,1184
Screening,-7,SUBJ0410,CH15,2024-12-31,2025-01-06,TRUE,-21,7
Enrollment,0,SUBJ0410,CH15,2025-01-07,2025-01-10,TRUE,-14,14
Visit_1,90,SUBJ0410,CH15,2025-04-07,2025-04-02,TRUE,76,104
Visit_2,180,SUBJ0410,CH15,2025-07-06,2025-07-09,TRUE,166,194
Visit_3,270,SUBJ0410,CH15,2025-10-04,2025-10-01,TRUE,256,284
Visit_4,360,SUBJ0410,CH15,2026-01-02,2025-12-29,TRUE,346,374
Visit_5,450,SUBJ0410,CH15,2026-04-02,2026-04-07,TRUE,436,464
Visit_6,540,SUBJ0410,CH15,2026-07-01,2026-07-06,TRUE,526,554
Visit_7,630,SUBJ0410,CH15,2026-09-29,2026-10-03,TRUE,616,644
Visit_8,720,SUBJ0410,CH15,2026-12-28,2026-12-25,TRUE,706,734
Visit_9,810,SUBJ0410,CH15,2027-03-28,2027-04-04,TRUE,796,824
Visit_10,900,SUBJ0410,CH15,2027-06-26,2027-06-25,TRUE,886,914
Visit_11,990,SUBJ0410,CH15,2027-09-24,2027-09-27,TRUE,976,1004
Visit_12,1080,SUBJ0410,CH15,2027-12-23,2027-12-18,TRUE,1066,1094
Visit_13,1170,SUBJ0410,CH15,2028-03-22,2028-03-27,TRUE,1156,1184
End_of_Study,1080,SUBJ0410,CH15,2027-12-23,2027-12-21,TRUE,1066,1094
Safety_Followup,1170,SUBJ0410,CH15,2028-03-22,2028-03-22,TRUE,1156,1184
Screening,-7,SUBJ0411,CH10,2025-03-04,2025-03-07,TRUE,-21,7
Enrollment,0,SUBJ0411,CH10,2025-03-11,2025-03-09,TRUE,-14,14
Visit_1,90,SUBJ0411,CH10,2025-06-09,2025-06-13,TRUE,76,104
Visit_2,180,SUBJ0411,CH10,2025-09-07,2025-09-07,TRUE,166,194
Visit_3,270,SUBJ0411,CH10,2025-12-06,2025-12-11,TRUE,256,284
Visit_4,360,SUBJ0411,CH10,2026-03-06,2026-02-28,TRUE,346,374
Visit_5,450,SUBJ0411,CH10,2026-06-04,2026-06-11,TRUE,436,464
Visit_6,540,SUBJ0411,CH10,2026-09-02,2026-09-05,TRUE,526,554
Visit_7,630,SUBJ0411,CH10,2026-12-01,2026-11-26,TRUE,616,644
Visit_8,720,SUBJ0411,CH10,2027-03-01,2027-03-06,TRUE,706,734
Visit_9,810,SUBJ0411,CH10,2027-05-30,2027-06-05,TRUE,796,824
Visit_10,900,SUBJ0411,CH10,2027-08-28,2027-08-30,TRUE,886,914
Visit_11,990,SUBJ0411,CH10,2027-11-26,2027-12-01,TRUE,976,1004
Visit_12,1080,SUBJ0411,CH10,2028-02-24,2028-03-02,TRUE,1066,1094
Visit_13,1170,SUBJ0411,CH10,2028-05-24,2028-05-17,TRUE,1156,1184
End_of_Study,1080,SUBJ0411,CH10,2028-02-24,2028-02-18,TRUE,1066,1094
Safety_Followup,1170,SUBJ0411,CH10,2028-05-24,2028-05-30,TRUE,1156,1184
Screening,-7,SUBJ0412,CH05,2025-04-28,2025-04-28,TRUE,-21,7
Enrollment,0,SUBJ0412,CH05,2025-05-05,2025-05-08,TRUE,-14,14
Visit_1,90,SUBJ0412,CH05,2025-08-03,2025-08-09,TRUE,76,104
Visit_2,180,SUBJ0412,CH05,2025-11-01,2025-10-31,TRUE,166,194
Visit_3,270,SUBJ0412,CH05,2026-01-30,2026-01-30,TRUE,256,284
Visit_4,360,SUBJ0412,CH05,2026-04-30,2026-04-27,TRUE,346,374
Visit_5,450,SUBJ0412,CH05,2026-07-29,2026-07-30,TRUE,436,464
Visit_6,540,SUBJ0412,CH05,2026-10-27,2026-10-23,TRUE,526,554
Visit_7,630,SUBJ0412,CH05,2027-01-25,2027-01-30,TRUE,616,644
Visit_8,720,SUBJ0412,CH05,2027-04-25,2027-04-19,TRUE,706,734
Visit_9,810,SUBJ0412,CH05,2027-07-24,2027-07-17,TRUE,796,824
Visit_10,900,SUBJ0412,CH05,2027-10-22,2027-10-26,TRUE,886,914
Visit_11,990,SUBJ0412,CH05,2028-01-20,2028-01-26,TRUE,976,1004
Visit_12,1080,SUBJ0412,CH05,2028-04-19,2028-04-12,TRUE,1066,1094
Visit_13,1170,SUBJ0412,CH05,2028-07-18,2028-07-19,TRUE,1156,1184
End_of_Study,1080,SUBJ0412,CH05,2028-04-19,2028-04-19,TRUE,1066,1094
Safety_Followup,1170,SUBJ0412,CH05,2028-07-18,2028-07-16,TRUE,1156,1184
Screening,-7,SUBJ0413,CH08,2025-05-08,2025-05-11,TRUE,-21,7
Enrollment,0,SUBJ0413,CH08,2025-05-15,2025-05-19,TRUE,-14,14
Visit_1,90,SUBJ0413,CH08,2025-08-13,2025-08-13,TRUE,76,104
Visit_2,180,SUBJ0413,CH08,2025-11-11,2025-11-18,TRUE,166,194
Visit_3,270,SUBJ0413,CH08,2026-02-09,2026-02-05,TRUE,256,284
Visit_4,360,SUBJ0413,CH08,2026-05-10,2026-05-16,TRUE,346,374
Visit_5,450,SUBJ0413,CH08,2026-08-08,2026-08-03,TRUE,436,464
Visit_6,540,SUBJ0413,CH08,2026-11-06,2026-11-04,TRUE,526,554
Visit_7,630,SUBJ0413,CH08,2027-02-04,2027-02-05,TRUE,616,644
Visit_8,720,SUBJ0413,CH08,2027-05-05,2027-05-04,TRUE,706,734
Visit_9,810,SUBJ0413,CH08,2027-08-03,2027-07-27,TRUE,796,824
Visit_10,900,SUBJ0413,CH08,2027-11-01,2027-11-06,TRUE,886,914
Visit_11,990,SUBJ0413,CH08,2028-01-30,2028-01-28,TRUE,976,1004
Visit_12,1080,SUBJ0413,CH08,2028-04-29,2028-05-02,TRUE,1066,1094
Visit_13,1170,SUBJ0413,CH08,2028-07-28,2028-07-21,TRUE,1156,1184
End_of_Study,1080,SUBJ0413,CH08,2028-04-29,2028-05-05,TRUE,1066,1094
Safety_Followup,1170,SUBJ0413,CH08,2028-07-28,2028-07-29,TRUE,1156,1184
Screening,-7,SUBJ0414,CH17,2025-05-11,2025-05-13,TRUE,-21,7
Enrollment,0,SUBJ0414,CH17,2025-05-18,2025-05-14,TRUE,-14,14
Visit_1,90,SUBJ0414,CH17,2025-08-16,2025-08-17,TRUE,76,104
Visit_2,180,SUBJ0414,CH17,2025-11-14,2025-11-17,TRUE,166,194
Visit_3,270,SUBJ0414,CH17,2026-02-12,2026-02-12,TRUE,256,284
Visit_4,360,SUBJ0414,CH17,2026-05-13,2026-05-19,TRUE,346,374
Visit_5,450,SUBJ0414,CH17,2026-08-11,2026-08-18,TRUE,436,464
Visit_6,540,SUBJ0414,CH17,2026-11-09,2026-11-12,TRUE,526,554
Visit_7,630,SUBJ0414,CH17,2027-02-07,2027-02-04,TRUE,616,644
Visit_8,720,SUBJ0414,CH17,2027-05-08,2027-05-06,TRUE,706,734
Visit_9,810,SUBJ0414,CH17,2027-08-06,NA,FALSE,796,824
Visit_10,900,SUBJ0414,CH17,2027-11-04,NA,FALSE,886,914
Visit_11,990,SUBJ0414,CH17,2028-02-02,NA,FALSE,976,1004
Visit_12,1080,SUBJ0414,CH17,2028-05-02,NA,FALSE,1066,1094
Visit_13,1170,SUBJ0414,CH17,2028-07-31,NA,FALSE,1156,1184
End_of_Study,1080,SUBJ0414,CH17,2028-05-02,NA,FALSE,1066,1094
Safety_Followup,1170,SUBJ0414,CH17,2028-07-31,NA,FALSE,1156,1184
Screening,-7,SUBJ0415,CH15,2025-01-21,2025-01-25,TRUE,-21,7
Enrollment,0,SUBJ0415,CH15,2025-01-28,2025-01-21,TRUE,-14,14
Visit_1,90,SUBJ0415,CH15,2025-04-28,2025-04-24,TRUE,76,104
Visit_2,180,SUBJ0415,CH15,2025-07-27,2025-07-27,TRUE,166,194
Visit_3,270,SUBJ0415,CH15,2025-10-25,2025-10-20,TRUE,256,284
Visit_4,360,SUBJ0415,CH15,2026-01-23,2026-01-24,TRUE,346,374
Visit_5,450,SUBJ0415,CH15,2026-04-23,2026-04-29,TRUE,436,464
Visit_6,540,SUBJ0415,CH15,2026-07-22,NA,FALSE,526,554
Visit_7,630,SUBJ0415,CH15,2026-10-20,NA,FALSE,616,644
Visit_8,720,SUBJ0415,CH15,2027-01-18,NA,FALSE,706,734
Visit_9,810,SUBJ0415,CH15,2027-04-18,NA,FALSE,796,824
Visit_10,900,SUBJ0415,CH15,2027-07-17,NA,FALSE,886,914
Visit_11,990,SUBJ0415,CH15,2027-10-15,NA,FALSE,976,1004
Visit_12,1080,SUBJ0415,CH15,2028-01-13,NA,FALSE,1066,1094
Visit_13,1170,SUBJ0415,CH15,2028-04-12,NA,FALSE,1156,1184
End_of_Study,1080,SUBJ0415,CH15,2028-01-13,NA,FALSE,1066,1094
Safety_Followup,1170,SUBJ0415,CH15,2028-04-12,NA,FALSE,1156,1184
Screening,-7,SUBJ0416,CH11,2025-04-22,2025-04-19,TRUE,-21,7
Enrollment,0,SUBJ0416,CH11,2025-04-29,2025-04-22,TRUE,-14,14
Visit_1,90,SUBJ0416,CH11,2025-07-28,2025-07-30,TRUE,76,104
Visit_2,180,SUBJ0416,CH11,2025-10-26,2025-10-23,TRUE,166,194
Visit_3,270,SUBJ0416,CH11,2026-01-24,2026-01-22,TRUE,256,284
Visit_4,360,SUBJ0416,CH11,2026-04-24,2026-04-17,TRUE,346,374
Visit_5,450,SUBJ0416,CH11,2026-07-23,2026-07-19,TRUE,436,464
Visit_6,540,SUBJ0416,CH11,2026-10-21,2026-10-21,TRUE,526,554
Visit_7,630,SUBJ0416,CH11,2027-01-19,2027-01-24,TRUE,616,644
Visit_8,720,SUBJ0416,CH11,2027-04-19,2027-04-19,TRUE,706,734
Visit_9,810,SUBJ0416,CH11,2027-07-18,2027-07-15,TRUE,796,824
Visit_10,900,SUBJ0416,CH11,2027-10-16,2027-10-20,TRUE,886,914
Visit_11,990,SUBJ0416,CH11,2028-01-14,2028-01-12,TRUE,976,1004
Visit_12,1080,SUBJ0416,CH11,2028-04-13,2028-04-17,TRUE,1066,1094
Visit_13,1170,SUBJ0416,CH11,2028-07-12,2028-07-09,TRUE,1156,1184
End_of_Study,1080,SUBJ0416,CH11,2028-04-13,2028-04-20,TRUE,1066,1094
Safety_Followup,1170,SUBJ0416,CH11,2028-07-12,2028-07-17,TRUE,1156,1184
Screening,-7,SUBJ0417,CH01,2025-03-13,2025-03-16,TRUE,-21,7
Enrollment,0,SUBJ0417,CH01,2025-03-20,2025-03-15,TRUE,-14,14
Visit_1,90,SUBJ0417,CH01,2025-06-18,2025-06-18,TRUE,76,104
Visit_2,180,SUBJ0417,CH01,2025-09-16,2025-09-12,TRUE,166,194
Visit_3,270,SUBJ0417,CH01,2025-12-15,2025-12-14,TRUE,256,284
Visit_4,360,SUBJ0417,CH01,2026-03-15,2026-03-22,TRUE,346,374
Visit_5,450,SUBJ0417,CH01,2026-06-13,2026-06-19,TRUE,436,464
Visit_6,540,SUBJ0417,CH01,2026-09-11,2026-09-15,TRUE,526,554
Visit_7,630,SUBJ0417,CH01,2026-12-10,2026-12-08,TRUE,616,644
Visit_8,720,SUBJ0417,CH01,2027-03-10,2027-03-09,TRUE,706,734
Visit_9,810,SUBJ0417,CH01,2027-06-08,2027-06-15,TRUE,796,824
Visit_10,900,SUBJ0417,CH01,2027-09-06,NA,FALSE,886,914
Visit_11,990,SUBJ0417,CH01,2027-12-05,NA,FALSE,976,1004
Visit_12,1080,SUBJ0417,CH01,2028-03-04,NA,FALSE,1066,1094
Visit_13,1170,SUBJ0417,CH01,2028-06-02,NA,FALSE,1156,1184
End_of_Study,1080,SUBJ0417,CH01,2028-03-04,NA,FALSE,1066,1094
Safety_Followup,1170,SUBJ0417,CH01,2028-06-02,NA,FALSE,1156,1184
Screening,-7,SUBJ0418,CH08,2025-06-20,2025-06-24,TRUE,-21,7
Enrollment,0,SUBJ0418,CH08,2025-06-27,2025-06-25,TRUE,-14,14
Visit_1,90,SUBJ0418,CH08,2025-09-25,2025-09-23,TRUE,76,104
Visit_2,180,SUBJ0418,CH08,2025-12-24,2025-12-30,TRUE,166,194
Visit_3,270,SUBJ0418,CH08,2026-03-24,2026-03-29,TRUE,256,284
Visit_4,360,SUBJ0418,CH08,2026-06-22,2026-06-17,TRUE,346,374
Visit_5,450,SUBJ0418,CH08,2026-09-20,2026-09-20,TRUE,436,464
Visit_6,540,SUBJ0418,CH08,2026-12-19,2026-12-14,TRUE,526,554
Visit_7,630,SUBJ0418,CH08,2027-03-19,2027-03-12,TRUE,616,644
Visit_8,720,SUBJ0418,CH08,2027-06-17,2027-06-12,TRUE,706,734
Visit_9,810,SUBJ0418,CH08,2027-09-15,2027-09-12,TRUE,796,824
Visit_10,900,SUBJ0418,CH08,2027-12-14,2027-12-19,TRUE,886,914
Visit_11,990,SUBJ0418,CH08,2028-03-13,2028-03-06,TRUE,976,1004
Visit_12,1080,SUBJ0418,CH08,2028-06-11,2028-06-15,TRUE,1066,1094
Visit_13,1170,SUBJ0418,CH08,2028-09-09,2028-09-13,TRUE,1156,1184
End_of_Study,1080,SUBJ0418,CH08,2028-06-11,2028-06-13,TRUE,1066,1094
Safety_Followup,1170,SUBJ0418,CH08,2028-09-09,2028-09-11,TRUE,1156,1184
Screening,-7,SUBJ0419,CH10,2025-05-02,2025-05-04,TRUE,-21,7
Enrollment,0,SUBJ0419,CH10,2025-05-09,2025-05-14,TRUE,-14,14
Visit_1,90,SUBJ0419,CH10,2025-08-07,2025-08-10,TRUE,76,104
Visit_2,180,SUBJ0419,CH10,2025-11-05,2025-11-09,TRUE,166,194
Visit_3,270,SUBJ0419,CH10,2026-02-03,2026-02-03,TRUE,256,284
Visit_4,360,SUBJ0419,CH10,2026-05-04,2026-05-11,TRUE,346,374
Visit_5,450,SUBJ0419,CH10,2026-08-02,2026-08-07,TRUE,436,464
Visit_6,540,SUBJ0419,CH10,2026-10-31,2026-10-31,TRUE,526,554
Visit_7,630,SUBJ0419,CH10,2027-01-29,2027-02-02,TRUE,616,644
Visit_8,720,SUBJ0419,CH10,2027-04-29,2027-04-22,TRUE,706,734
Visit_9,810,SUBJ0419,CH10,2027-07-28,2027-07-21,TRUE,796,824
Visit_10,900,SUBJ0419,CH10,2027-10-26,2027-10-23,TRUE,886,914
Visit_11,990,SUBJ0419,CH10,2028-01-24,2028-01-18,TRUE,976,1004
Visit_12,1080,SUBJ0419,CH10,2028-04-23,2028-04-21,TRUE,1066,1094
Visit_13,1170,SUBJ0419,CH10,2028-07-22,2028-07-29,TRUE,1156,1184
End_of_Study,1080,SUBJ0419,CH10,2028-04-23,2028-04-19,TRUE,1066,1094
Safety_Followup,1170,SUBJ0419,CH10,2028-07-22,2028-07-24,TRUE,1156,1184
Screening,-7,SUBJ0420,CH12,2025-05-27,2025-06-01,TRUE,-21,7
Enrollment,0,SUBJ0420,CH12,2025-06-03,2025-06-06,TRUE,-14,14
Visit_1,90,SUBJ0420,CH12,2025-09-01,2025-09-06,TRUE,76,104
Visit_2,180,SUBJ0420,CH12,2025-11-30,2025-12-06,TRUE,166,194
Visit_3,270,SUBJ0420,CH12,2026-02-28,2026-02-21,TRUE,256,284
Visit_4,360,SUBJ0420,CH12,2026-05-29,2026-05-24,TRUE,346,374
Visit_5,450,SUBJ0420,CH12,2026-08-27,2026-08-26,TRUE,436,464
Visit_6,540,SUBJ0420,CH12,2026-11-25,2026-12-02,TRUE,526,554
Visit_7,630,SUBJ0420,CH12,2027-02-23,2027-02-18,TRUE,616,644
Visit_8,720,SUBJ0420,CH12,2027-05-24,2027-05-27,TRUE,706,734
Visit_9,810,SUBJ0420,CH12,2027-08-22,2027-08-24,TRUE,796,824
Visit_10,900,SUBJ0420,CH12,2027-11-20,2027-11-16,TRUE,886,914
Visit_11,990,SUBJ0420,CH12,2028-02-18,2028-02-13,TRUE,976,1004
Visit_12,1080,SUBJ0420,CH12,2028-05-18,2028-05-20,TRUE,1066,1094
Visit_13,1170,SUBJ0420,CH12,2028-08-16,2028-08-11,TRUE,1156,1184
End_of_Study,1080,SUBJ0420,CH12,2028-05-18,2028-05-18,TRUE,1066,1094
Safety_Followup,1170,SUBJ0420,CH12,2028-08-16,2028-08-20,TRUE,1156,1184
Screening,-7,SUBJ0421,CH15,2025-03-03,2025-03-01,TRUE,-21,7
Enrollment,0,SUBJ0421,CH15,2025-03-10,2025-03-16,TRUE,-14,14
Visit_1,90,SUBJ0421,CH15,2025-06-08,2025-06-05,TRUE,76,104
Visit_2,180,SUBJ0421,CH15,2025-09-06,2025-08-31,TRUE,166,194
Visit_3,270,SUBJ0421,CH15,2025-12-05,2025-12-01,TRUE,256,284
Visit_4,360,SUBJ0421,CH15,2026-03-05,2026-03-11,TRUE,346,374
Visit_5,450,SUBJ0421,CH15,2026-06-03,2026-05-29,TRUE,436,464
Visit_6,540,SUBJ0421,CH15,2026-09-01,2026-08-28,TRUE,526,554
Visit_7,630,SUBJ0421,CH15,2026-11-30,2026-12-04,TRUE,616,644
Visit_8,720,SUBJ0421,CH15,2027-02-28,2027-02-21,TRUE,706,734
Visit_9,810,SUBJ0421,CH15,2027-05-29,2027-05-23,TRUE,796,824
Visit_10,900,SUBJ0421,CH15,2027-08-27,2027-08-25,TRUE,886,914
Visit_11,990,SUBJ0421,CH15,2027-11-25,2027-11-27,TRUE,976,1004
Visit_12,1080,SUBJ0421,CH15,2028-02-23,2028-02-18,TRUE,1066,1094
Visit_13,1170,SUBJ0421,CH15,2028-05-23,2028-05-30,TRUE,1156,1184
End_of_Study,1080,SUBJ0421,CH15,2028-02-23,2028-02-19,TRUE,1066,1094
Safety_Followup,1170,SUBJ0421,CH15,2028-05-23,2028-05-27,TRUE,1156,1184
Screening,-7,SUBJ0422,CH12,2025-01-16,2025-01-17,TRUE,-21,7
Enrollment,0,SUBJ0422,CH12,2025-01-23,2025-01-20,TRUE,-14,14
Visit_1,90,SUBJ0422,CH12,2025-04-23,2025-04-24,TRUE,76,104
Visit_2,180,SUBJ0422,CH12,2025-07-22,2025-07-29,TRUE,166,194
Visit_3,270,SUBJ0422,CH12,2025-10-20,2025-10-16,TRUE,256,284
Visit_4,360,SUBJ0422,CH12,2026-01-18,2026-01-23,TRUE,346,374
Visit_5,450,SUBJ0422,CH12,2026-04-18,2026-04-11,TRUE,436,464
Visit_6,540,SUBJ0422,CH12,2026-07-17,2026-07-24,TRUE,526,554
Visit_7,630,SUBJ0422,CH12,2026-10-15,2026-10-14,TRUE,616,644
Visit_8,720,SUBJ0422,CH12,2027-01-13,2027-01-19,TRUE,706,734
Visit_9,810,SUBJ0422,CH12,2027-04-13,2027-04-17,TRUE,796,824
Visit_10,900,SUBJ0422,CH12,2027-07-12,2027-07-14,TRUE,886,914
Visit_11,990,SUBJ0422,CH12,2027-10-10,2027-10-07,TRUE,976,1004
Visit_12,1080,SUBJ0422,CH12,2028-01-08,2028-01-02,TRUE,1066,1094
Visit_13,1170,SUBJ0422,CH12,2028-04-07,2028-04-08,TRUE,1156,1184
End_of_Study,1080,SUBJ0422,CH12,2028-01-08,2028-01-03,TRUE,1066,1094
Safety_Followup,1170,SUBJ0422,CH12,2028-04-07,2028-04-05,TRUE,1156,1184
Screening,-7,SUBJ0423,CH12,2025-01-21,2025-01-25,TRUE,-21,7
Enrollment,0,SUBJ0423,CH12,2025-01-28,2025-01-26,TRUE,-14,14
Visit_1,90,SUBJ0423,CH12,2025-04-28,2025-04-22,TRUE,76,104
Visit_2,180,SUBJ0423,CH12,2025-07-27,2025-07-21,TRUE,166,194
Visit_3,270,SUBJ0423,CH12,2025-10-25,2025-10-30,TRUE,256,284
Visit_4,360,SUBJ0423,CH12,2026-01-23,2026-01-20,TRUE,346,374
Visit_5,450,SUBJ0423,CH12,2026-04-23,2026-04-27,TRUE,436,464
Visit_6,540,SUBJ0423,CH12,2026-07-22,2026-07-18,TRUE,526,554
Visit_7,630,SUBJ0423,CH12,2026-10-20,2026-10-20,TRUE,616,644
Visit_8,720,SUBJ0423,CH12,2027-01-18,2027-01-16,TRUE,706,734
Visit_9,810,SUBJ0423,CH12,2027-04-18,2027-04-20,TRUE,796,824
Visit_10,900,SUBJ0423,CH12,2027-07-17,2027-07-11,TRUE,886,914
Visit_11,990,SUBJ0423,CH12,2027-10-15,2027-10-08,TRUE,976,1004
Visit_12,1080,SUBJ0423,CH12,2028-01-13,2028-01-17,TRUE,1066,1094
Visit_13,1170,SUBJ0423,CH12,2028-04-12,2028-04-06,TRUE,1156,1184
End_of_Study,1080,SUBJ0423,CH12,2028-01-13,2028-01-19,TRUE,1066,1094
Safety_Followup,1170,SUBJ0423,CH12,2028-04-12,2028-04-10,TRUE,1156,1184
Screening,-7,SUBJ0424,CH08,2025-05-10,2025-05-06,TRUE,-21,7
Enrollment,0,SUBJ0424,CH08,2025-05-17,2025-05-10,TRUE,-14,14
Visit_1,90,SUBJ0424,CH08,2025-08-15,2025-08-15,TRUE,76,104
Visit_2,180,SUBJ0424,CH08,2025-11-13,2025-11-19,TRUE,166,194
Visit_3,270,SUBJ0424,CH08,2026-02-11,2026-02-13,TRUE,256,284
Visit_4,360,SUBJ0424,CH08,2026-05-12,2026-05-05,TRUE,346,374
Visit_5,450,SUBJ0424,CH08,2026-08-10,2026-08-05,TRUE,436,464
Visit_6,540,SUBJ0424,CH08,2026-11-08,2026-11-13,TRUE,526,554
Visit_7,630,SUBJ0424,CH08,2027-02-06,2027-01-31,TRUE,616,644
Visit_8,720,SUBJ0424,CH08,2027-05-07,2027-05-01,TRUE,706,734
Visit_9,810,SUBJ0424,CH08,2027-08-05,2027-08-04,TRUE,796,824
Visit_10,900,SUBJ0424,CH08,2027-11-03,2027-11-08,TRUE,886,914
Visit_11,990,SUBJ0424,CH08,2028-02-01,2028-02-04,TRUE,976,1004
Visit_12,1080,SUBJ0424,CH08,2028-05-01,2028-04-26,TRUE,1066,1094
Visit_13,1170,SUBJ0424,CH08,2028-07-30,2028-07-31,TRUE,1156,1184
End_of_Study,1080,SUBJ0424,CH08,2028-05-01,2028-04-25,TRUE,1066,1094
Safety_Followup,1170,SUBJ0424,CH08,2028-07-30,2028-07-28,TRUE,1156,1184
Screening,-7,SUBJ0425,CH08,2025-05-27,2025-05-30,TRUE,-21,7
Enrollment,0,SUBJ0425,CH08,2025-06-03,2025-06-04,TRUE,-14,14
Visit_1,90,SUBJ0425,CH08,2025-09-01,2025-09-08,TRUE,76,104
Visit_2,180,SUBJ0425,CH08,2025-11-30,2025-11-29,TRUE,166,194
Visit_3,270,SUBJ0425,CH08,2026-02-28,2026-02-21,TRUE,256,284
Visit_4,360,SUBJ0425,CH08,2026-05-29,2026-05-22,TRUE,346,374
Visit_5,450,SUBJ0425,CH08,2026-08-27,2026-08-25,TRUE,436,464
Visit_6,540,SUBJ0425,CH08,2026-11-25,2026-11-25,TRUE,526,554
Visit_7,630,SUBJ0425,CH08,2027-02-23,2027-02-24,TRUE,616,644
Visit_8,720,SUBJ0425,CH08,2027-05-24,2027-05-25,TRUE,706,734
Visit_9,810,SUBJ0425,CH08,2027-08-22,2027-08-22,TRUE,796,824
Visit_10,900,SUBJ0425,CH08,2027-11-20,2027-11-25,TRUE,886,914
Visit_11,990,SUBJ0425,CH08,2028-02-18,2028-02-20,TRUE,976,1004
Visit_12,1080,SUBJ0425,CH08,2028-05-18,2028-05-11,TRUE,1066,1094
Visit_13,1170,SUBJ0425,CH08,2028-08-16,2028-08-20,TRUE,1156,1184
End_of_Study,1080,SUBJ0425,CH08,2028-05-18,2028-05-12,TRUE,1066,1094
Safety_Followup,1170,SUBJ0425,CH08,2028-08-16,2028-08-15,TRUE,1156,1184
Screening,-7,SUBJ0426,CH12,2025-03-29,2025-04-05,TRUE,-21,7
Enrollment,0,SUBJ0426,CH12,2025-04-05,2025-04-11,TRUE,-14,14
Visit_1,90,SUBJ0426,CH12,2025-07-04,2025-07-02,TRUE,76,104
Visit_2,180,SUBJ0426,CH12,2025-10-02,2025-10-04,TRUE,166,194
Visit_3,270,SUBJ0426,CH12,2025-12-31,2026-01-06,TRUE,256,284
Visit_4,360,SUBJ0426,CH12,2026-03-31,2026-03-27,TRUE,346,374
Visit_5,450,SUBJ0426,CH12,2026-06-29,2026-06-22,TRUE,436,464
Visit_6,540,SUBJ0426,CH12,2026-09-27,2026-09-28,TRUE,526,554
Visit_7,630,SUBJ0426,CH12,2026-12-26,2027-01-02,TRUE,616,644
Visit_8,720,SUBJ0426,CH12,2027-03-26,2027-04-02,TRUE,706,734
Visit_9,810,SUBJ0426,CH12,2027-06-24,2027-06-19,TRUE,796,824
Visit_10,900,SUBJ0426,CH12,2027-09-22,2027-09-19,TRUE,886,914
Visit_11,990,SUBJ0426,CH12,2027-12-21,2027-12-22,TRUE,976,1004
Visit_12,1080,SUBJ0426,CH12,2028-03-20,2028-03-19,TRUE,1066,1094
Visit_13,1170,SUBJ0426,CH12,2028-06-18,2028-06-22,TRUE,1156,1184
End_of_Study,1080,SUBJ0426,CH12,2028-03-20,2028-03-14,TRUE,1066,1094
Safety_Followup,1170,SUBJ0426,CH12,2028-06-18,2028-06-22,TRUE,1156,1184
Screening,-7,SUBJ0427,CH09,2025-02-18,2025-02-24,TRUE,-21,7
Enrollment,0,SUBJ0427,CH09,2025-02-25,2025-02-24,TRUE,-14,14
Visit_1,90,SUBJ0427,CH09,2025-05-26,2025-05-24,TRUE,76,104
Visit_2,180,SUBJ0427,CH09,2025-08-24,2025-08-27,TRUE,166,194
Visit_3,270,SUBJ0427,CH09,2025-11-22,2025-11-27,TRUE,256,284
Visit_4,360,SUBJ0427,CH09,2026-02-20,2026-02-24,TRUE,346,374
Visit_5,450,SUBJ0427,CH09,2026-05-21,2026-05-19,TRUE,436,464
Visit_6,540,SUBJ0427,CH09,2026-08-19,2026-08-24,TRUE,526,554
Visit_7,630,SUBJ0427,CH09,2026-11-17,2026-11-21,TRUE,616,644
Visit_8,720,SUBJ0427,CH09,2027-02-15,2027-02-09,TRUE,706,734
Visit_9,810,SUBJ0427,CH09,2027-05-16,2027-05-10,TRUE,796,824
Visit_10,900,SUBJ0427,CH09,2027-08-14,NA,FALSE,886,914
Visit_11,990,SUBJ0427,CH09,2027-11-12,NA,FALSE,976,1004
Visit_12,1080,SUBJ0427,CH09,2028-02-10,NA,FALSE,1066,1094
Visit_13,1170,SUBJ0427,CH09,2028-05-10,NA,FALSE,1156,1184
End_of_Study,1080,SUBJ0427,CH09,2028-02-10,NA,FALSE,1066,1094
Safety_Followup,1170,SUBJ0427,CH09,2028-05-10,NA,FALSE,1156,1184
Screening,-7,SUBJ0428,CH10,2025-02-10,2025-02-11,TRUE,-21,7
Enrollment,0,SUBJ0428,CH10,2025-02-17,2025-02-21,TRUE,-14,14
Visit_1,90,SUBJ0428,CH10,2025-05-18,2025-05-21,TRUE,76,104
Visit_2,180,SUBJ0428,CH10,2025-08-16,2025-08-10,TRUE,166,194
Visit_3,270,SUBJ0428,CH10,2025-11-14,2025-11-17,TRUE,256,284
Visit_4,360,SUBJ0428,CH10,2026-02-12,2026-02-12,TRUE,346,374
Visit_5,450,SUBJ0428,CH10,2026-05-13,2026-05-11,TRUE,436,464
Visit_6,540,SUBJ0428,CH10,2026-08-11,2026-08-17,TRUE,526,554
Visit_7,630,SUBJ0428,CH10,2026-11-09,2026-11-11,TRUE,616,644
Visit_8,720,SUBJ0428,CH10,2027-02-07,2027-02-01,TRUE,706,734
Visit_9,810,SUBJ0428,CH10,2027-05-08,2027-05-08,TRUE,796,824
Visit_10,900,SUBJ0428,CH10,2027-08-06,2027-08-05,TRUE,886,914
Visit_11,990,SUBJ0428,CH10,2027-11-04,2027-11-06,TRUE,976,1004
Visit_12,1080,SUBJ0428,CH10,2028-02-02,2028-02-08,TRUE,1066,1094
Visit_13,1170,SUBJ0428,CH10,2028-05-02,2028-04-29,TRUE,1156,1184
End_of_Study,1080,SUBJ0428,CH10,2028-02-02,2028-02-07,TRUE,1066,1094
Safety_Followup,1170,SUBJ0428,CH10,2028-05-02,2028-05-01,TRUE,1156,1184
Screening,-7,SUBJ0429,DE01,2025-01-21,2025-01-25,TRUE,-21,7
Enrollment,0,SUBJ0429,DE01,2025-01-28,2025-01-23,TRUE,-14,14
Visit_1,90,SUBJ0429,DE01,2025-04-28,2025-04-24,TRUE,76,104
Visit_2,180,SUBJ0429,DE01,2025-07-27,2025-07-31,TRUE,166,194
Visit_3,270,SUBJ0429,DE01,2025-10-25,2025-10-31,TRUE,256,284
Visit_4,360,SUBJ0429,DE01,2026-01-23,2026-01-30,TRUE,346,374
Visit_5,450,SUBJ0429,DE01,2026-04-23,2026-04-17,TRUE,436,464
Visit_6,540,SUBJ0429,DE01,2026-07-22,2026-07-24,TRUE,526,554
Visit_7,630,SUBJ0429,DE01,2026-10-20,2026-10-17,TRUE,616,644
Visit_8,720,SUBJ0429,DE01,2027-01-18,2027-01-12,TRUE,706,734
Visit_9,810,SUBJ0429,DE01,2027-04-18,2027-04-13,TRUE,796,824
Visit_10,900,SUBJ0429,DE01,2027-07-17,2027-07-15,TRUE,886,914
Visit_11,990,SUBJ0429,DE01,2027-10-15,2027-10-13,TRUE,976,1004
Visit_12,1080,SUBJ0429,DE01,2028-01-13,2028-01-09,TRUE,1066,1094
Visit_13,1170,SUBJ0429,DE01,2028-04-12,2028-04-11,TRUE,1156,1184
End_of_Study,1080,SUBJ0429,DE01,2028-01-13,2028-01-20,TRUE,1066,1094
Safety_Followup,1170,SUBJ0429,DE01,2028-04-12,2028-04-16,TRUE,1156,1184
Screening,-7,SUBJ0430,CH13,2025-01-09,2025-01-16,TRUE,-21,7
Enrollment,0,SUBJ0430,CH13,2025-01-16,2025-01-14,TRUE,-14,14
Visit_1,90,SUBJ0430,CH13,2025-04-16,2025-04-16,TRUE,76,104
Visit_2,180,SUBJ0430,CH13,2025-07-15,2025-07-21,TRUE,166,194
Visit_3,270,SUBJ0430,CH13,2025-10-13,2025-10-19,TRUE,256,284
Visit_4,360,SUBJ0430,CH13,2026-01-11,2026-01-11,TRUE,346,374
Visit_5,450,SUBJ0430,CH13,2026-04-11,2026-04-14,TRUE,436,464
Visit_6,540,SUBJ0430,CH13,2026-07-10,2026-07-03,TRUE,526,554
Visit_7,630,SUBJ0430,CH13,2026-10-08,2026-10-06,TRUE,616,644
Visit_8,720,SUBJ0430,CH13,2027-01-06,2027-01-03,TRUE,706,734
Visit_9,810,SUBJ0430,CH13,2027-04-06,2027-04-12,TRUE,796,824
Visit_10,900,SUBJ0430,CH13,2027-07-05,2027-06-29,TRUE,886,914
Visit_11,990,SUBJ0430,CH13,2027-10-03,2027-09-28,TRUE,976,1004
Visit_12,1080,SUBJ0430,CH13,2028-01-01,2028-01-03,TRUE,1066,1094
Visit_13,1170,SUBJ0430,CH13,2028-03-31,2028-03-27,TRUE,1156,1184
End_of_Study,1080,SUBJ0430,CH13,2028-01-01,2027-12-26,TRUE,1066,1094
Safety_Followup,1170,SUBJ0430,CH13,2028-03-31,2028-04-07,TRUE,1156,1184
Screening,-7,SUBJ0431,CH13,2025-04-17,2025-04-11,TRUE,-21,7
Enrollment,0,SUBJ0431,CH13,2025-04-24,2025-04-28,TRUE,-14,14
Visit_1,90,SUBJ0431,CH13,2025-07-23,2025-07-28,TRUE,76,104
Visit_2,180,SUBJ0431,CH13,2025-10-21,2025-10-24,TRUE,166,194
Visit_3,270,SUBJ0431,CH13,2026-01-19,2026-01-14,TRUE,256,284
Visit_4,360,SUBJ0431,CH13,2026-04-19,2026-04-16,TRUE,346,374
Visit_5,450,SUBJ0431,CH13,2026-07-18,2026-07-22,TRUE,436,464
Visit_6,540,SUBJ0431,CH13,2026-10-16,2026-10-20,TRUE,526,554
Visit_7,630,SUBJ0431,CH13,2027-01-14,2027-01-11,TRUE,616,644
Visit_8,720,SUBJ0431,CH13,2027-04-14,2027-04-09,TRUE,706,734
Visit_9,810,SUBJ0431,CH13,2027-07-13,2027-07-15,TRUE,796,824
Visit_10,900,SUBJ0431,CH13,2027-10-11,2027-10-13,TRUE,886,914
Visit_11,990,SUBJ0431,CH13,2028-01-09,2028-01-08,TRUE,976,1004
Visit_12,1080,SUBJ0431,CH13,2028-04-08,2028-04-13,TRUE,1066,1094
Visit_13,1170,SUBJ0431,CH13,2028-07-07,2028-07-14,TRUE,1156,1184
End_of_Study,1080,SUBJ0431,CH13,2028-04-08,2028-04-12,TRUE,1066,1094
Safety_Followup,1170,SUBJ0431,CH13,2028-07-07,2028-07-05,TRUE,1156,1184
Screening,-7,SUBJ0432,CH02,2025-05-06,2025-05-10,TRUE,-21,7
Enrollment,0,SUBJ0432,CH02,2025-05-13,2025-05-15,TRUE,-14,14
Visit_1,90,SUBJ0432,CH02,2025-08-11,2025-08-10,TRUE,76,104
Visit_2,180,SUBJ0432,CH02,2025-11-09,2025-11-15,TRUE,166,194
Visit_3,270,SUBJ0432,CH02,2026-02-07,2026-02-01,TRUE,256,284
Visit_4,360,SUBJ0432,CH02,2026-05-08,2026-05-01,TRUE,346,374
Visit_5,450,SUBJ0432,CH02,2026-08-06,2026-08-03,TRUE,436,464
Visit_6,540,SUBJ0432,CH02,2026-11-04,2026-10-30,TRUE,526,554
Visit_7,630,SUBJ0432,CH02,2027-02-02,2027-02-08,TRUE,616,644
Visit_8,720,SUBJ0432,CH02,2027-05-03,2027-05-05,TRUE,706,734
Visit_9,810,SUBJ0432,CH02,2027-08-01,2027-08-03,TRUE,796,824
Visit_10,900,SUBJ0432,CH02,2027-10-30,2027-11-04,TRUE,886,914
Visit_11,990,SUBJ0432,CH02,2028-01-28,2028-01-26,TRUE,976,1004
Visit_12,1080,SUBJ0432,CH02,2028-04-27,NA,FALSE,1066,1094
Visit_13,1170,SUBJ0432,CH02,2028-07-26,NA,FALSE,1156,1184
End_of_Study,1080,SUBJ0432,CH02,2028-04-27,NA,FALSE,1066,1094
Safety_Followup,1170,SUBJ0432,CH02,2028-07-26,NA,FALSE,1156,1184
Screening,-7,SUBJ0433,CH10,2025-05-29,2025-05-26,TRUE,-21,7
Enrollment,0,SUBJ0433,CH10,2025-06-05,2025-05-29,TRUE,-14,14
Visit_1,90,SUBJ0433,CH10,2025-09-03,2025-09-09,TRUE,76,104
Visit_2,180,SUBJ0433,CH10,2025-12-02,2025-11-25,TRUE,166,194
Visit_3,270,SUBJ0433,CH10,2026-03-02,2026-03-02,TRUE,256,284
Visit_4,360,SUBJ0433,CH10,2026-05-31,2026-05-26,TRUE,346,374
Visit_5,450,SUBJ0433,CH10,2026-08-29,2026-09-05,TRUE,436,464
Visit_6,540,SUBJ0433,CH10,2026-11-27,2026-11-21,TRUE,526,554
Visit_7,630,SUBJ0433,CH10,2027-02-25,2027-02-19,TRUE,616,644
Visit_8,720,SUBJ0433,CH10,2027-05-26,2027-05-19,TRUE,706,734
Visit_9,810,SUBJ0433,CH10,2027-08-24,2027-08-26,TRUE,796,824
Visit_10,900,SUBJ0433,CH10,2027-11-22,2027-11-23,TRUE,886,914
Visit_11,990,SUBJ0433,CH10,2028-02-20,2028-02-18,TRUE,976,1004
Visit_12,1080,SUBJ0433,CH10,2028-05-20,2028-05-21,TRUE,1066,1094
Visit_13,1170,SUBJ0433,CH10,2028-08-18,2028-08-25,TRUE,1156,1184
End_of_Study,1080,SUBJ0433,CH10,2028-05-20,2028-05-24,TRUE,1066,1094
Safety_Followup,1170,SUBJ0433,CH10,2028-08-18,2028-08-16,TRUE,1156,1184
Screening,-7,SUBJ0434,CH08,2025-06-06,2025-06-13,TRUE,-21,7
Enrollment,0,SUBJ0434,CH08,2025-06-13,2025-06-12,TRUE,-14,14
Visit_1,90,SUBJ0434,CH08,2025-09-11,2025-09-06,TRUE,76,104
Visit_2,180,SUBJ0434,CH08,2025-12-10,2025-12-11,TRUE,166,194
Visit_3,270,SUBJ0434,CH08,2026-03-10,2026-03-16,TRUE,256,284
Visit_4,360,SUBJ0434,CH08,2026-06-08,2026-06-10,TRUE,346,374
Visit_5,450,SUBJ0434,CH08,2026-09-06,2026-09-06,TRUE,436,464
Visit_6,540,SUBJ0434,CH08,2026-12-05,2026-12-01,TRUE,526,554
Visit_7,630,SUBJ0434,CH08,2027-03-05,2027-02-28,TRUE,616,644
Visit_8,720,SUBJ0434,CH08,2027-06-03,2027-06-08,TRUE,706,734
Visit_9,810,SUBJ0434,CH08,2027-09-01,2027-09-01,TRUE,796,824
Visit_10,900,SUBJ0434,CH08,2027-11-30,2027-11-29,TRUE,886,914
Visit_11,990,SUBJ0434,CH08,2028-02-28,2028-02-21,TRUE,976,1004
Visit_12,1080,SUBJ0434,CH08,2028-05-28,2028-05-23,TRUE,1066,1094
Visit_13,1170,SUBJ0434,CH08,2028-08-26,2028-08-29,TRUE,1156,1184
End_of_Study,1080,SUBJ0434,CH08,2028-05-28,2028-05-22,TRUE,1066,1094
Safety_Followup,1170,SUBJ0434,CH08,2028-08-26,2028-08-31,TRUE,1156,1184
Screening,-7,SUBJ0435,CH09,2025-05-14,2025-05-16,TRUE,-21,7
Enrollment,0,SUBJ0435,CH09,2025-05-21,2025-05-18,TRUE,-14,14
Visit_1,90,SUBJ0435,CH09,2025-08-19,2025-08-14,TRUE,76,104
Visit_2,180,SUBJ0435,CH09,2025-11-17,2025-11-21,TRUE,166,194
Visit_3,270,SUBJ0435,CH09,2026-02-15,2026-02-08,TRUE,256,284
Visit_4,360,SUBJ0435,CH09,2026-05-16,2026-05-14,TRUE,346,374
Visit_5,450,SUBJ0435,CH09,2026-08-14,2026-08-12,TRUE,436,464
Visit_6,540,SUBJ0435,CH09,2026-11-12,2026-11-18,TRUE,526,554
Visit_7,630,SUBJ0435,CH09,2027-02-10,2027-02-07,TRUE,616,644
Visit_8,720,SUBJ0435,CH09,2027-05-11,2027-05-07,TRUE,706,734
Visit_9,810,SUBJ0435,CH09,2027-08-09,2027-08-12,TRUE,796,824
Visit_10,900,SUBJ0435,CH09,2027-11-07,2027-11-08,TRUE,886,914
Visit_11,990,SUBJ0435,CH09,2028-02-05,2028-01-30,TRUE,976,1004
Visit_12,1080,SUBJ0435,CH09,2028-05-05,2028-05-07,TRUE,1066,1094
Visit_13,1170,SUBJ0435,CH09,2028-08-03,2028-07-30,TRUE,1156,1184
End_of_Study,1080,SUBJ0435,CH09,2028-05-05,2028-05-12,TRUE,1066,1094
Safety_Followup,1170,SUBJ0435,CH09,2028-08-03,2028-07-28,TRUE,1156,1184
Screening,-7,SUBJ0436,CH15,2025-05-06,2025-05-03,TRUE,-21,7
Enrollment,0,SUBJ0436,CH15,2025-05-13,2025-05-19,TRUE,-14,14
Visit_1,90,SUBJ0436,CH15,2025-08-11,2025-08-12,TRUE,76,104
Visit_2,180,SUBJ0436,CH15,2025-11-09,2025-11-07,TRUE,166,194
Visit_3,270,SUBJ0436,CH15,2026-02-07,2026-02-07,TRUE,256,284
Visit_4,360,SUBJ0436,CH15,2026-05-08,2026-05-05,TRUE,346,374
Visit_5,450,SUBJ0436,CH15,2026-08-06,2026-08-06,TRUE,436,464
Visit_6,540,SUBJ0436,CH15,2026-11-04,2026-10-30,TRUE,526,554
Visit_7,630,SUBJ0436,CH15,2027-02-02,2027-02-06,TRUE,616,644
Visit_8,720,SUBJ0436,CH15,2027-05-03,2027-04-28,TRUE,706,734
Visit_9,810,SUBJ0436,CH15,2027-08-01,2027-07-25,TRUE,796,824
Visit_10,900,SUBJ0436,CH15,2027-10-30,2027-10-25,TRUE,886,914
Visit_11,990,SUBJ0436,CH15,2028-01-28,2028-01-27,TRUE,976,1004
Visit_12,1080,SUBJ0436,CH15,2028-04-27,2028-05-04,TRUE,1066,1094
Visit_13,1170,SUBJ0436,CH15,2028-07-26,2028-07-24,TRUE,1156,1184
End_of_Study,1080,SUBJ0436,CH15,2028-04-27,2028-05-04,TRUE,1066,1094
Safety_Followup,1170,SUBJ0436,CH15,2028-07-26,2028-08-02,TRUE,1156,1184
Screening,-7,SUBJ0437,CH13,2025-04-20,2025-04-24,TRUE,-21,7
Enrollment,0,SUBJ0437,CH13,2025-04-27,2025-04-29,TRUE,-14,14
Visit_1,90,SUBJ0437,CH13,2025-07-26,2025-07-19,TRUE,76,104
Visit_2,180,SUBJ0437,CH13,2025-10-24,2025-10-30,TRUE,166,194
Visit_3,270,SUBJ0437,CH13,2026-01-22,2026-01-25,TRUE,256,284
Visit_4,360,SUBJ0437,CH13,2026-04-22,2026-04-25,TRUE,346,374
Visit_5,450,SUBJ0437,CH13,2026-07-21,2026-07-22,TRUE,436,464
Visit_6,540,SUBJ0437,CH13,2026-10-19,2026-10-13,TRUE,526,554
Visit_7,630,SUBJ0437,CH13,2027-01-17,2027-01-18,TRUE,616,644
Visit_8,720,SUBJ0437,CH13,2027-04-17,2027-04-20,TRUE,706,734
Visit_9,810,SUBJ0437,CH13,2027-07-16,2027-07-13,TRUE,796,824
Visit_10,900,SUBJ0437,CH13,2027-10-14,2027-10-15,TRUE,886,914
Visit_11,990,SUBJ0437,CH13,2028-01-12,2028-01-17,TRUE,976,1004
Visit_12,1080,SUBJ0437,CH13,2028-04-11,2028-04-05,TRUE,1066,1094
Visit_13,1170,SUBJ0437,CH13,2028-07-10,2028-07-13,TRUE,1156,1184
End_of_Study,1080,SUBJ0437,CH13,2028-04-11,2028-04-18,TRUE,1066,1094
Safety_Followup,1170,SUBJ0437,CH13,2028-07-10,2028-07-10,TRUE,1156,1184
Screening,-7,SUBJ0438,CH04,2025-05-16,2025-05-10,TRUE,-21,7
Enrollment,0,SUBJ0438,CH04,2025-05-23,2025-05-20,TRUE,-14,14
Visit_1,90,SUBJ0438,CH04,2025-08-21,2025-08-27,TRUE,76,104
Visit_2,180,SUBJ0438,CH04,2025-11-19,2025-11-23,TRUE,166,194
Visit_3,270,SUBJ0438,CH04,2026-02-17,2026-02-24,TRUE,256,284
Visit_4,360,SUBJ0438,CH04,2026-05-18,2026-05-14,TRUE,346,374
Visit_5,450,SUBJ0438,CH04,2026-08-16,2026-08-10,TRUE,436,464
Visit_6,540,SUBJ0438,CH04,2026-11-14,2026-11-14,TRUE,526,554
Visit_7,630,SUBJ0438,CH04,2027-02-12,2027-02-10,TRUE,616,644
Visit_8,720,SUBJ0438,CH04,2027-05-13,2027-05-18,TRUE,706,734
Visit_9,810,SUBJ0438,CH04,2027-08-11,2027-08-09,TRUE,796,824
Visit_10,900,SUBJ0438,CH04,2027-11-09,2027-11-16,TRUE,886,914
Visit_11,990,SUBJ0438,CH04,2028-02-07,2028-02-06,TRUE,976,1004
Visit_12,1080,SUBJ0438,CH04,2028-05-07,2028-05-03,TRUE,1066,1094
Visit_13,1170,SUBJ0438,CH04,2028-08-05,2028-08-02,TRUE,1156,1184
End_of_Study,1080,SUBJ0438,CH04,2028-05-07,2028-05-04,TRUE,1066,1094
Safety_Followup,1170,SUBJ0438,CH04,2028-08-05,2028-07-30,TRUE,1156,1184
Screening,-7,SUBJ0439,CH10,2025-05-18,2025-05-24,TRUE,-21,7
Enrollment,0,SUBJ0439,CH10,2025-05-25,2025-06-01,TRUE,-14,14
Visit_1,90,SUBJ0439,CH10,2025-08-23,2025-08-24,TRUE,76,104
Visit_2,180,SUBJ0439,CH10,2025-11-21,2025-11-17,TRUE,166,194
Visit_3,270,SUBJ0439,CH10,2026-02-19,2026-02-16,TRUE,256,284
Visit_4,360,SUBJ0439,CH10,2026-05-20,2026-05-26,TRUE,346,374
Visit_5,450,SUBJ0439,CH10,2026-08-18,2026-08-19,TRUE,436,464
Visit_6,540,SUBJ0439,CH10,2026-11-16,2026-11-20,TRUE,526,554
Visit_7,630,SUBJ0439,CH10,2027-02-14,2027-02-12,TRUE,616,644
Visit_8,720,SUBJ0439,CH10,2027-05-15,2027-05-20,TRUE,706,734
Visit_9,810,SUBJ0439,CH10,2027-08-13,2027-08-20,TRUE,796,824
Visit_10,900,SUBJ0439,CH10,2027-11-11,2027-11-09,TRUE,886,914
Visit_11,990,SUBJ0439,CH10,2028-02-09,2028-02-08,TRUE,976,1004
Visit_12,1080,SUBJ0439,CH10,2028-05-09,2028-05-16,TRUE,1066,1094
Visit_13,1170,SUBJ0439,CH10,2028-08-07,2028-07-31,TRUE,1156,1184
End_of_Study,1080,SUBJ0439,CH10,2028-05-09,2028-05-12,TRUE,1066,1094
Safety_Followup,1170,SUBJ0439,CH10,2028-08-07,2028-07-31,TRUE,1156,1184
Screening,-7,SUBJ0440,CH15,2025-02-24,2025-02-27,TRUE,-21,7
Enrollment,0,SUBJ0440,CH15,2025-03-03,2025-03-09,TRUE,-14,14
Visit_1,90,SUBJ0440,CH15,2025-06-01,2025-05-25,TRUE,76,104
Visit_2,180,SUBJ0440,CH15,2025-08-30,2025-09-05,TRUE,166,194
Visit_3,270,SUBJ0440,CH15,2025-11-28,2025-11-24,TRUE,256,284
Visit_4,360,SUBJ0440,CH15,2026-02-26,2026-03-02,TRUE,346,374
Visit_5,450,SUBJ0440,CH15,2026-05-27,2026-05-25,TRUE,436,464
Visit_6,540,SUBJ0440,CH15,2026-08-25,2026-08-25,TRUE,526,554
Visit_7,630,SUBJ0440,CH15,2026-11-23,2026-11-18,TRUE,616,644
Visit_8,720,SUBJ0440,CH15,2027-02-21,2027-02-24,TRUE,706,734
Visit_9,810,SUBJ0440,CH15,2027-05-22,2027-05-23,TRUE,796,824
Visit_10,900,SUBJ0440,CH15,2027-08-20,2027-08-19,TRUE,886,914
Visit_11,990,SUBJ0440,CH15,2027-11-18,2027-11-23,TRUE,976,1004
Visit_12,1080,SUBJ0440,CH15,2028-02-16,2028-02-16,TRUE,1066,1094
Visit_13,1170,SUBJ0440,CH15,2028-05-16,2028-05-19,TRUE,1156,1184
End_of_Study,1080,SUBJ0440,CH15,2028-02-16,2028-02-11,TRUE,1066,1094
Safety_Followup,1170,SUBJ0440,CH15,2028-05-16,2028-05-22,TRUE,1156,1184
Screening,-7,SUBJ0441,CH12,2025-02-28,2025-02-23,TRUE,-21,7
Enrollment,0,SUBJ0441,CH12,2025-03-07,2025-02-28,TRUE,-14,14
Visit_1,90,SUBJ0441,CH12,2025-06-05,2025-06-07,TRUE,76,104
Visit_2,180,SUBJ0441,CH12,2025-09-03,2025-08-28,TRUE,166,194
Visit_3,270,SUBJ0441,CH12,2025-12-02,2025-12-03,TRUE,256,284
Visit_4,360,SUBJ0441,CH12,2026-03-02,2026-03-02,TRUE,346,374
Visit_5,450,SUBJ0441,CH12,2026-05-31,2026-05-25,TRUE,436,464
Visit_6,540,SUBJ0441,CH12,2026-08-29,2026-08-29,TRUE,526,554
Visit_7,630,SUBJ0441,CH12,2026-11-27,2026-11-30,TRUE,616,644
Visit_8,720,SUBJ0441,CH12,2027-02-25,2027-02-24,TRUE,706,734
Visit_9,810,SUBJ0441,CH12,2027-05-26,2027-05-30,TRUE,796,824
Visit_10,900,SUBJ0441,CH12,2027-08-24,2027-08-24,TRUE,886,914
Visit_11,990,SUBJ0441,CH12,2027-11-22,2027-11-18,TRUE,976,1004
Visit_12,1080,SUBJ0441,CH12,2028-02-20,2028-02-16,TRUE,1066,1094
Visit_13,1170,SUBJ0441,CH12,2028-05-20,2028-05-15,TRUE,1156,1184
End_of_Study,1080,SUBJ0441,CH12,2028-02-20,2028-02-23,TRUE,1066,1094
Safety_Followup,1170,SUBJ0441,CH12,2028-05-20,2028-05-16,TRUE,1156,1184
Screening,-7,SUBJ0442,CH06,2025-01-24,2025-01-31,TRUE,-21,7
Enrollment,0,SUBJ0442,CH06,2025-01-31,2025-02-06,TRUE,-14,14
Visit_1,90,SUBJ0442,CH06,2025-05-01,2025-04-25,TRUE,76,104
Visit_2,180,SUBJ0442,CH06,2025-07-30,2025-07-28,TRUE,166,194
Visit_3,270,SUBJ0442,CH06,2025-10-28,2025-10-29,TRUE,256,284
Visit_4,360,SUBJ0442,CH06,2026-01-26,2026-01-24,TRUE,346,374
Visit_5,450,SUBJ0442,CH06,2026-04-26,2026-04-29,TRUE,436,464
Visit_6,540,SUBJ0442,CH06,2026-07-25,2026-07-27,TRUE,526,554
Visit_7,630,SUBJ0442,CH06,2026-10-23,2026-10-30,TRUE,616,644
Visit_8,720,SUBJ0442,CH06,2027-01-21,2027-01-18,TRUE,706,734
Visit_9,810,SUBJ0442,CH06,2027-04-21,2027-04-27,TRUE,796,824
Visit_10,900,SUBJ0442,CH06,2027-07-20,2027-07-26,TRUE,886,914
Visit_11,990,SUBJ0442,CH06,2027-10-18,2027-10-16,TRUE,976,1004
Visit_12,1080,SUBJ0442,CH06,2028-01-16,2028-01-22,TRUE,1066,1094
Visit_13,1170,SUBJ0442,CH06,2028-04-15,2028-04-19,TRUE,1156,1184
End_of_Study,1080,SUBJ0442,CH06,2028-01-16,2028-01-15,TRUE,1066,1094
Safety_Followup,1170,SUBJ0442,CH06,2028-04-15,2028-04-17,TRUE,1156,1184
Screening,-7,SUBJ0443,CH04,2025-04-21,2025-04-27,TRUE,-21,7
Enrollment,0,SUBJ0443,CH04,2025-04-28,2025-04-28,TRUE,-14,14
Visit_1,90,SUBJ0443,CH04,2025-07-27,2025-07-30,TRUE,76,104
Visit_2,180,SUBJ0443,CH04,2025-10-25,2025-10-28,TRUE,166,194
Visit_3,270,SUBJ0443,CH04,2026-01-23,2026-01-20,TRUE,256,284
Visit_4,360,SUBJ0443,CH04,2026-04-23,2026-04-22,TRUE,346,374
Visit_5,450,SUBJ0443,CH04,2026-07-22,2026-07-20,TRUE,436,464
Visit_6,540,SUBJ0443,CH04,2026-10-20,2026-10-23,TRUE,526,554
Visit_7,630,SUBJ0443,CH04,2027-01-18,NA,FALSE,616,644
Visit_8,720,SUBJ0443,CH04,2027-04-18,NA,FALSE,706,734
Visit_9,810,SUBJ0443,CH04,2027-07-17,NA,FALSE,796,824
Visit_10,900,SUBJ0443,CH04,2027-10-15,NA,FALSE,886,914
Visit_11,990,SUBJ0443,CH04,2028-01-13,NA,FALSE,976,1004
Visit_12,1080,SUBJ0443,CH04,2028-04-12,NA,FALSE,1066,1094
Visit_13,1170,SUBJ0443,CH04,2028-07-11,NA,FALSE,1156,1184
End_of_Study,1080,SUBJ0443,CH04,2028-04-12,NA,FALSE,1066,1094
Safety_Followup,1170,SUBJ0443,CH04,2028-07-11,NA,FALSE,1156,1184
Screening,-7,SUBJ0444,CH01,2025-04-05,2025-03-30,TRUE,-21,7
Enrollment,0,SUBJ0444,CH01,2025-04-12,2025-04-05,TRUE,-14,14
Visit_1,90,SUBJ0444,CH01,2025-07-11,2025-07-16,TRUE,76,104
Visit_2,180,SUBJ0444,CH01,2025-10-09,2025-10-14,TRUE,166,194
Visit_3,270,SUBJ0444,CH01,2026-01-07,2026-01-01,TRUE,256,284
Visit_4,360,SUBJ0444,CH01,2026-04-07,2026-04-04,TRUE,346,374
Visit_5,450,SUBJ0444,CH01,2026-07-06,2026-07-04,TRUE,436,464
Visit_6,540,SUBJ0444,CH01,2026-10-04,2026-09-27,TRUE,526,554
Visit_7,630,SUBJ0444,CH01,2027-01-02,2027-01-04,TRUE,616,644
Visit_8,720,SUBJ0444,CH01,2027-04-02,2027-04-04,TRUE,706,734
Visit_9,810,SUBJ0444,CH01,2027-07-01,2027-07-02,TRUE,796,824
Visit_10,900,SUBJ0444,CH01,2027-09-29,2027-10-05,TRUE,886,914
Visit_11,990,SUBJ0444,CH01,2027-12-28,2028-01-03,TRUE,976,1004
Visit_12,1080,SUBJ0444,CH01,2028-03-27,2028-03-23,TRUE,1066,1094
Visit_13,1170,SUBJ0444,CH01,2028-06-25,2028-07-02,TRUE,1156,1184
End_of_Study,1080,SUBJ0444,CH01,2028-03-27,2028-03-28,TRUE,1066,1094
Safety_Followup,1170,SUBJ0444,CH01,2028-06-25,2028-06-27,TRUE,1156,1184
Screening,-7,SUBJ0445,CH14,2025-06-16,2025-06-23,TRUE,-21,7
Enrollment,0,SUBJ0445,CH14,2025-06-23,2025-06-21,TRUE,-14,14
Visit_1,90,SUBJ0445,CH14,2025-09-21,2025-09-28,TRUE,76,104
Visit_2,180,SUBJ0445,CH14,2025-12-20,2025-12-19,TRUE,166,194
Visit_3,270,SUBJ0445,CH14,2026-03-20,2026-03-17,TRUE,256,284
Visit_4,360,SUBJ0445,CH14,2026-06-18,2026-06-21,TRUE,346,374
Visit_5,450,SUBJ0445,CH14,2026-09-16,2026-09-12,TRUE,436,464
Visit_6,540,SUBJ0445,CH14,2026-12-15,2026-12-20,TRUE,526,554
Visit_7,630,SUBJ0445,CH14,2027-03-15,2027-03-20,TRUE,616,644
Visit_8,720,SUBJ0445,CH14,2027-06-13,2027-06-20,TRUE,706,734
Visit_9,810,SUBJ0445,CH14,2027-09-11,2027-09-08,TRUE,796,824
Visit_10,900,SUBJ0445,CH14,2027-12-10,2027-12-16,TRUE,886,914
Visit_11,990,SUBJ0445,CH14,2028-03-09,2028-03-10,TRUE,976,1004
Visit_12,1080,SUBJ0445,CH14,2028-06-07,2028-06-02,TRUE,1066,1094
Visit_13,1170,SUBJ0445,CH14,2028-09-05,2028-09-08,TRUE,1156,1184
End_of_Study,1080,SUBJ0445,CH14,2028-06-07,2028-06-07,TRUE,1066,1094
Safety_Followup,1170,SUBJ0445,CH14,2028-09-05,2028-09-09,TRUE,1156,1184
Screening,-7,SUBJ0446,CH06,2025-02-14,2025-02-10,TRUE,-21,7
Enrollment,0,SUBJ0446,CH06,2025-02-21,2025-02-18,TRUE,-14,14
Visit_1,90,SUBJ0446,CH06,2025-05-22,2025-05-24,TRUE,76,104
Visit_2,180,SUBJ0446,CH06,2025-08-20,2025-08-14,TRUE,166,194
Visit_3,270,SUBJ0446,CH06,2025-11-18,2025-11-25,TRUE,256,284
Visit_4,360,SUBJ0446,CH06,2026-02-16,2026-02-20,TRUE,346,374
Visit_5,450,SUBJ0446,CH06,2026-05-17,2026-05-22,TRUE,436,464
Visit_6,540,SUBJ0446,CH06,2026-08-15,2026-08-20,TRUE,526,554
Visit_7,630,SUBJ0446,CH06,2026-11-13,2026-11-07,TRUE,616,644
Visit_8,720,SUBJ0446,CH06,2027-02-11,2027-02-13,TRUE,706,734
Visit_9,810,SUBJ0446,CH06,2027-05-12,2027-05-19,TRUE,796,824
Visit_10,900,SUBJ0446,CH06,2027-08-10,2027-08-07,TRUE,886,914
Visit_11,990,SUBJ0446,CH06,2027-11-08,2027-11-02,TRUE,976,1004
Visit_12,1080,SUBJ0446,CH06,2028-02-06,2028-02-06,TRUE,1066,1094
Visit_13,1170,SUBJ0446,CH06,2028-05-06,2028-05-06,TRUE,1156,1184
End_of_Study,1080,SUBJ0446,CH06,2028-02-06,2028-02-03,TRUE,1066,1094
Safety_Followup,1170,SUBJ0446,CH06,2028-05-06,2028-04-29,TRUE,1156,1184
Screening,-7,SUBJ0447,CH14,2025-02-22,2025-02-19,TRUE,-21,7
Enrollment,0,SUBJ0447,CH14,2025-03-01,2025-03-08,TRUE,-14,14
Visit_1,90,SUBJ0447,CH14,2025-05-30,2025-05-23,TRUE,76,104
Visit_2,180,SUBJ0447,CH14,2025-08-28,2025-08-26,TRUE,166,194
Visit_3,270,SUBJ0447,CH14,2025-11-26,2025-11-28,TRUE,256,284
Visit_4,360,SUBJ0447,CH14,2026-02-24,2026-02-28,TRUE,346,374
Visit_5,450,SUBJ0447,CH14,2026-05-25,2026-05-19,TRUE,436,464
Visit_6,540,SUBJ0447,CH14,2026-08-23,2026-08-22,TRUE,526,554
Visit_7,630,SUBJ0447,CH14,2026-11-21,2026-11-27,TRUE,616,644
Visit_8,720,SUBJ0447,CH14,2027-02-19,2027-02-23,TRUE,706,734
Visit_9,810,SUBJ0447,CH14,2027-05-20,2027-05-26,TRUE,796,824
Visit_10,900,SUBJ0447,CH14,2027-08-18,2027-08-24,TRUE,886,914
Visit_11,990,SUBJ0447,CH14,2027-11-16,2027-11-13,TRUE,976,1004
Visit_12,1080,SUBJ0447,CH14,2028-02-14,2028-02-14,TRUE,1066,1094
Visit_13,1170,SUBJ0447,CH14,2028-05-14,2028-05-08,TRUE,1156,1184
End_of_Study,1080,SUBJ0447,CH14,2028-02-14,2028-02-15,TRUE,1066,1094
Safety_Followup,1170,SUBJ0447,CH14,2028-05-14,2028-05-15,TRUE,1156,1184
Screening,-7,SUBJ0448,CH03,2025-02-26,2025-02-26,TRUE,-21,7
Enrollment,0,SUBJ0448,CH03,2025-03-05,2025-03-03,TRUE,-14,14
Visit_1,90,SUBJ0448,CH03,2025-06-03,2025-06-10,TRUE,76,104
Visit_2,180,SUBJ0448,CH03,2025-09-01,2025-08-31,TRUE,166,194
Visit_3,270,SUBJ0448,CH03,2025-11-30,2025-12-05,TRUE,256,284
Visit_4,360,SUBJ0448,CH03,2026-02-28,2026-03-06,TRUE,346,374
Visit_5,450,SUBJ0448,CH03,2026-05-29,2026-05-26,TRUE,436,464
Visit_6,540,SUBJ0448,CH03,2026-08-27,2026-09-02,TRUE,526,554
Visit_7,630,SUBJ0448,CH03,2026-11-25,2026-11-26,TRUE,616,644
Visit_8,720,SUBJ0448,CH03,2027-02-23,2027-02-24,TRUE,706,734
Visit_9,810,SUBJ0448,CH03,2027-05-24,2027-05-29,TRUE,796,824
Visit_10,900,SUBJ0448,CH03,2027-08-22,NA,FALSE,886,914
Visit_11,990,SUBJ0448,CH03,2027-11-20,NA,FALSE,976,1004
Visit_12,1080,SUBJ0448,CH03,2028-02-18,NA,FALSE,1066,1094
Visit_13,1170,SUBJ0448,CH03,2028-05-18,NA,FALSE,1156,1184
End_of_Study,1080,SUBJ0448,CH03,2028-02-18,NA,FALSE,1066,1094
Safety_Followup,1170,SUBJ0448,CH03,2028-05-18,NA,FALSE,1156,1184
Screening,-7,SUBJ0449,CH10,2025-01-10,2025-01-05,TRUE,-21,7
Enrollment,0,SUBJ0449,CH10,2025-01-17,2025-01-20,TRUE,-14,14
Visit_1,90,SUBJ0449,CH10,2025-04-17,2025-04-21,TRUE,76,104
Visit_2,180,SUBJ0449,CH10,2025-07-16,2025-07-21,TRUE,166,194
Visit_3,270,SUBJ0449,CH10,2025-10-14,2025-10-09,TRUE,256,284
Visit_4,360,SUBJ0449,CH10,2026-01-12,2026-01-18,TRUE,346,374
Visit_5,450,SUBJ0449,CH10,2026-04-12,2026-04-11,TRUE,436,464
Visit_6,540,SUBJ0449,CH10,2026-07-11,2026-07-08,TRUE,526,554
Visit_7,630,SUBJ0449,CH10,2026-10-09,2026-10-07,TRUE,616,644
Visit_8,720,SUBJ0449,CH10,2027-01-07,2027-01-11,TRUE,706,734
Visit_9,810,SUBJ0449,CH10,2027-04-07,2027-04-05,TRUE,796,824
Visit_10,900,SUBJ0449,CH10,2027-07-06,2027-06-30,TRUE,886,914
Visit_11,990,SUBJ0449,CH10,2027-10-04,2027-10-07,TRUE,976,1004
Visit_12,1080,SUBJ0449,CH10,2028-01-02,2027-12-31,TRUE,1066,1094
Visit_13,1170,SUBJ0449,CH10,2028-04-01,2028-04-07,TRUE,1156,1184
End_of_Study,1080,SUBJ0449,CH10,2028-01-02,2027-12-26,TRUE,1066,1094
Safety_Followup,1170,SUBJ0449,CH10,2028-04-01,2028-03-27,TRUE,1156,1184
Screening,-7,SUBJ0450,CH15,2025-05-16,2025-05-09,TRUE,-21,7
Enrollment,0,SUBJ0450,CH15,2025-05-23,2025-05-27,TRUE,-14,14
Visit_1,90,SUBJ0450,CH15,2025-08-21,2025-08-23,TRUE,76,104
Visit_2,180,SUBJ0450,CH15,2025-11-19,2025-11-16,TRUE,166,194
Visit_3,270,SUBJ0450,CH15,2026-02-17,2026-02-13,TRUE,256,284
Visit_4,360,SUBJ0450,CH15,2026-05-18,2026-05-25,TRUE,346,374
Visit_5,450,SUBJ0450,CH15,2026-08-16,2026-08-12,TRUE,436,464
Visit_6,540,SUBJ0450,CH15,2026-11-14,2026-11-12,TRUE,526,554
Visit_7,630,SUBJ0450,CH15,2027-02-12,2027-02-16,TRUE,616,644
Visit_8,720,SUBJ0450,CH15,2027-05-13,2027-05-10,TRUE,706,734
Visit_9,810,SUBJ0450,CH15,2027-08-11,2027-08-14,TRUE,796,824
Visit_10,900,SUBJ0450,CH15,2027-11-09,2027-11-03,TRUE,886,914
Visit_11,990,SUBJ0450,CH15,2028-02-07,2028-02-08,TRUE,976,1004
Visit_12,1080,SUBJ0450,CH15,2028-05-07,2028-05-06,TRUE,1066,1094
Visit_13,1170,SUBJ0450,CH15,2028-08-05,2028-08-05,TRUE,1156,1184
End_of_Study,1080,SUBJ0450,CH15,2028-05-07,2028-05-14,TRUE,1066,1094
Safety_Followup,1170,SUBJ0450,CH15,2028-08-05,2028-08-01,TRUE,1156,1184
Screening,-7,SUBJ0451,CH08,2025-05-30,2025-05-30,TRUE,-21,7
Enrollment,0,SUBJ0451,CH08,2025-06-06,2025-06-03,TRUE,-14,14
Visit_1,90,SUBJ0451,CH08,2025-09-04,2025-09-09,TRUE,76,104
Visit_2,180,SUBJ0451,CH08,2025-12-03,2025-12-05,TRUE,166,194
Visit_3,270,SUBJ0451,CH08,2026-03-03,2026-03-06,TRUE,256,284
Visit_4,360,SUBJ0451,CH08,2026-06-01,2026-06-06,TRUE,346,374
Visit_5,450,SUBJ0451,CH08,2026-08-30,2026-08-28,TRUE,436,464
Visit_6,540,SUBJ0451,CH08,2026-11-28,2026-11-30,TRUE,526,554
Visit_7,630,SUBJ0451,CH08,2027-02-26,2027-03-02,TRUE,616,644
Visit_8,720,SUBJ0451,CH08,2027-05-27,2027-05-29,TRUE,706,734
Visit_9,810,SUBJ0451,CH08,2027-08-25,2027-08-27,TRUE,796,824
Visit_10,900,SUBJ0451,CH08,2027-11-23,2027-11-27,TRUE,886,914
Visit_11,990,SUBJ0451,CH08,2028-02-21,2028-02-21,TRUE,976,1004
Visit_12,1080,SUBJ0451,CH08,2028-05-21,2028-05-25,TRUE,1066,1094
Visit_13,1170,SUBJ0451,CH08,2028-08-19,2028-08-16,TRUE,1156,1184
End_of_Study,1080,SUBJ0451,CH08,2028-05-21,2028-05-17,TRUE,1066,1094
Safety_Followup,1170,SUBJ0451,CH08,2028-08-19,2028-08-19,TRUE,1156,1184
Screening,-7,SUBJ0452,CH13,2025-04-04,2025-03-31,TRUE,-21,7
Enrollment,0,SUBJ0452,CH13,2025-04-11,2025-04-09,TRUE,-14,14
Visit_1,90,SUBJ0452,CH13,2025-07-10,2025-07-13,TRUE,76,104
Visit_2,180,SUBJ0452,CH13,2025-10-08,2025-10-07,TRUE,166,194
Visit_3,270,SUBJ0452,CH13,2026-01-06,2026-01-06,TRUE,256,284
Visit_4,360,SUBJ0452,CH13,2026-04-06,2026-04-05,TRUE,346,374
Visit_5,450,SUBJ0452,CH13,2026-07-05,2026-07-07,TRUE,436,464
Visit_6,540,SUBJ0452,CH13,2026-10-03,2026-09-26,TRUE,526,554
Visit_7,630,SUBJ0452,CH13,2027-01-01,2027-01-03,TRUE,616,644
Visit_8,720,SUBJ0452,CH13,2027-04-01,2027-04-05,TRUE,706,734
Visit_9,810,SUBJ0452,CH13,2027-06-30,2027-07-04,TRUE,796,824
Visit_10,900,SUBJ0452,CH13,2027-09-28,2027-09-25,TRUE,886,914
Visit_11,990,SUBJ0452,CH13,2027-12-27,2027-12-24,TRUE,976,1004
Visit_12,1080,SUBJ0452,CH13,2028-03-26,2028-04-01,TRUE,1066,1094
Visit_13,1170,SUBJ0452,CH13,2028-06-24,2028-07-01,TRUE,1156,1184
End_of_Study,1080,SUBJ0452,CH13,2028-03-26,2028-03-31,TRUE,1066,1094
Safety_Followup,1170,SUBJ0452,CH13,2028-06-24,2028-06-26,TRUE,1156,1184
Screening,-7,SUBJ0453,CH07,2025-05-08,2025-05-01,TRUE,-21,7
Enrollment,0,SUBJ0453,CH07,2025-05-15,2025-05-12,TRUE,-14,14
Visit_1,90,SUBJ0453,CH07,2025-08-13,2025-08-15,TRUE,76,104
Visit_2,180,SUBJ0453,CH07,2025-11-11,2025-11-12,TRUE,166,194
Visit_3,270,SUBJ0453,CH07,2026-02-09,2026-02-09,TRUE,256,284
Visit_4,360,SUBJ0453,CH07,2026-05-10,NA,FALSE,346,374
Visit_5,450,SUBJ0453,CH07,2026-08-08,NA,FALSE,436,464
Visit_6,540,SUBJ0453,CH07,2026-11-06,NA,FALSE,526,554
Visit_7,630,SUBJ0453,CH07,2027-02-04,NA,FALSE,616,644
Visit_8,720,SUBJ0453,CH07,2027-05-05,NA,FALSE,706,734
Visit_9,810,SUBJ0453,CH07,2027-08-03,NA,FALSE,796,824
Visit_10,900,SUBJ0453,CH07,2027-11-01,NA,FALSE,886,914
Visit_11,990,SUBJ0453,CH07,2028-01-30,NA,FALSE,976,1004
Visit_12,1080,SUBJ0453,CH07,2028-04-29,NA,FALSE,1066,1094
Visit_13,1170,SUBJ0453,CH07,2028-07-28,NA,FALSE,1156,1184
End_of_Study,1080,SUBJ0453,CH07,2028-04-29,NA,FALSE,1066,1094
Safety_Followup,1170,SUBJ0453,CH07,2028-07-28,NA,FALSE,1156,1184
Screening,-7,SUBJ0454,CH15,2025-06-09,2025-06-03,TRUE,-21,7
Enrollment,0,SUBJ0454,CH15,2025-06-16,2025-06-15,TRUE,-14,14
Visit_1,90,SUBJ0454,CH15,2025-09-14,2025-09-11,TRUE,76,104
Visit_2,180,SUBJ0454,CH15,2025-12-13,2025-12-15,TRUE,166,194
Visit_3,270,SUBJ0454,CH15,2026-03-13,2026-03-11,TRUE,256,284
Visit_4,360,SUBJ0454,CH15,2026-06-11,2026-06-15,TRUE,346,374
Visit_5,450,SUBJ0454,CH15,2026-09-09,2026-09-04,TRUE,436,464
Visit_6,540,SUBJ0454,CH15,2026-12-08,2026-12-01,TRUE,526,554
Visit_7,630,SUBJ0454,CH15,2027-03-08,2027-03-08,TRUE,616,644
Visit_8,720,SUBJ0454,CH15,2027-06-06,2027-06-11,TRUE,706,734
Visit_9,810,SUBJ0454,CH15,2027-09-04,2027-08-29,TRUE,796,824
Visit_10,900,SUBJ0454,CH15,2027-12-03,2027-12-04,TRUE,886,914
Visit_11,990,SUBJ0454,CH15,2028-03-02,2028-03-03,TRUE,976,1004
Visit_12,1080,SUBJ0454,CH15,2028-05-31,2028-06-05,TRUE,1066,1094
Visit_13,1170,SUBJ0454,CH15,2028-08-29,2028-08-27,TRUE,1156,1184
End_of_Study,1080,SUBJ0454,CH15,2028-05-31,2028-06-07,TRUE,1066,1094
Safety_Followup,1170,SUBJ0454,CH15,2028-08-29,2028-09-02,TRUE,1156,1184
Screening,-7,SUBJ0455,CH11,2025-05-14,2025-05-19,TRUE,-21,7
Enrollment,0,SUBJ0455,CH11,2025-05-21,2025-05-24,TRUE,-14,14
Visit_1,90,SUBJ0455,CH11,2025-08-19,2025-08-18,TRUE,76,104
Visit_2,180,SUBJ0455,CH11,2025-11-17,2025-11-22,TRUE,166,194
Visit_3,270,SUBJ0455,CH11,2026-02-15,2026-02-08,TRUE,256,284
Visit_4,360,SUBJ0455,CH11,2026-05-16,2026-05-14,TRUE,346,374
Visit_5,450,SUBJ0455,CH11,2026-08-14,2026-08-14,TRUE,436,464
Visit_6,540,SUBJ0455,CH11,2026-11-12,2026-11-09,TRUE,526,554
Visit_7,630,SUBJ0455,CH11,2027-02-10,2027-02-10,TRUE,616,644
Visit_8,720,SUBJ0455,CH11,2027-05-11,2027-05-05,TRUE,706,734
Visit_9,810,SUBJ0455,CH11,2027-08-09,2027-08-04,TRUE,796,824
Visit_10,900,SUBJ0455,CH11,2027-11-07,2027-11-01,TRUE,886,914
Visit_11,990,SUBJ0455,CH11,2028-02-05,2028-02-08,TRUE,976,1004
Visit_12,1080,SUBJ0455,CH11,2028-05-05,2028-04-30,TRUE,1066,1094
Visit_13,1170,SUBJ0455,CH11,2028-08-03,2028-08-07,TRUE,1156,1184
End_of_Study,1080,SUBJ0455,CH11,2028-05-05,2028-05-05,TRUE,1066,1094
Safety_Followup,1170,SUBJ0455,CH11,2028-08-03,2028-08-02,TRUE,1156,1184
Screening,-7,SUBJ0456,CH11,2025-02-01,2025-02-03,TRUE,-21,7
Enrollment,0,SUBJ0456,CH11,2025-02-08,2025-02-14,TRUE,-14,14
Visit_1,90,SUBJ0456,CH11,2025-05-09,2025-05-07,TRUE,76,104
Visit_2,180,SUBJ0456,CH11,2025-08-07,2025-08-13,TRUE,166,194
Visit_3,270,SUBJ0456,CH11,2025-11-05,2025-11-01,TRUE,256,284
Visit_4,360,SUBJ0456,CH11,2026-02-03,2026-02-01,TRUE,346,374
Visit_5,450,SUBJ0456,CH11,2026-05-04,2026-04-29,TRUE,436,464
Visit_6,540,SUBJ0456,CH11,2026-08-02,2026-08-09,TRUE,526,554
Visit_7,630,SUBJ0456,CH11,2026-10-31,2026-11-02,TRUE,616,644
Visit_8,720,SUBJ0456,CH11,2027-01-29,2027-01-25,TRUE,706,734
Visit_9,810,SUBJ0456,CH11,2027-04-29,2027-04-27,TRUE,796,824
Visit_10,900,SUBJ0456,CH11,2027-07-28,2027-07-29,TRUE,886,914
Visit_11,990,SUBJ0456,CH11,2027-10-26,2027-10-24,TRUE,976,1004
Visit_12,1080,SUBJ0456,CH11,2028-01-24,2028-01-26,TRUE,1066,1094
Visit_13,1170,SUBJ0456,CH11,2028-04-23,2028-04-17,TRUE,1156,1184
End_of_Study,1080,SUBJ0456,CH11,2028-01-24,2028-01-24,TRUE,1066,1094
Safety_Followup,1170,SUBJ0456,CH11,2028-04-23,2028-04-24,TRUE,1156,1184
Screening,-7,SUBJ0457,CH14,2025-03-09,2025-03-08,TRUE,-21,7
Enrollment,0,SUBJ0457,CH14,2025-03-16,2025-03-19,TRUE,-14,14
Visit_1,90,SUBJ0457,CH14,2025-06-14,2025-06-17,TRUE,76,104
Visit_2,180,SUBJ0457,CH14,2025-09-12,2025-09-14,TRUE,166,194
Visit_3,270,SUBJ0457,CH14,2025-12-11,2025-12-11,TRUE,256,284
Visit_4,360,SUBJ0457,CH14,2026-03-11,2026-03-16,TRUE,346,374
Visit_5,450,SUBJ0457,CH14,2026-06-09,2026-06-08,TRUE,436,464
Visit_6,540,SUBJ0457,CH14,2026-09-07,2026-09-07,TRUE,526,554
Visit_7,630,SUBJ0457,CH14,2026-12-06,2026-12-10,TRUE,616,644
Visit_8,720,SUBJ0457,CH14,2027-03-06,2027-03-02,TRUE,706,734
Visit_9,810,SUBJ0457,CH14,2027-06-04,2027-06-10,TRUE,796,824
Visit_10,900,SUBJ0457,CH14,2027-09-02,2027-08-26,TRUE,886,914
Visit_11,990,SUBJ0457,CH14,2027-12-01,2027-11-27,TRUE,976,1004
Visit_12,1080,SUBJ0457,CH14,2028-02-29,2028-02-26,TRUE,1066,1094
Visit_13,1170,SUBJ0457,CH14,2028-05-29,2028-06-04,TRUE,1156,1184
End_of_Study,1080,SUBJ0457,CH14,2028-02-29,2028-03-01,TRUE,1066,1094
Safety_Followup,1170,SUBJ0457,CH14,2028-05-29,2028-05-29,TRUE,1156,1184
Screening,-7,SUBJ0458,CH08,2025-02-07,2025-02-13,TRUE,-21,7
Enrollment,0,SUBJ0458,CH08,2025-02-14,2025-02-15,TRUE,-14,14
Visit_1,90,SUBJ0458,CH08,2025-05-15,2025-05-12,TRUE,76,104
Visit_2,180,SUBJ0458,CH08,2025-08-13,2025-08-13,TRUE,166,194
Visit_3,270,SUBJ0458,CH08,2025-11-11,2025-11-17,TRUE,256,284
Visit_4,360,SUBJ0458,CH08,2026-02-09,2026-02-12,TRUE,346,374
Visit_5,450,SUBJ0458,CH08,2026-05-10,2026-05-09,TRUE,436,464
Visit_6,540,SUBJ0458,CH08,2026-08-08,2026-08-09,TRUE,526,554
Visit_7,630,SUBJ0458,CH08,2026-11-06,2026-11-02,TRUE,616,644
Visit_8,720,SUBJ0458,CH08,2027-02-04,2027-02-01,TRUE,706,734
Visit_9,810,SUBJ0458,CH08,2027-05-05,2027-05-09,TRUE,796,824
Visit_10,900,SUBJ0458,CH08,2027-08-03,2027-07-29,TRUE,886,914
Visit_11,990,SUBJ0458,CH08,2027-11-01,2027-11-02,TRUE,976,1004
Visit_12,1080,SUBJ0458,CH08,2028-01-30,2028-01-24,TRUE,1066,1094
Visit_13,1170,SUBJ0458,CH08,2028-04-29,2028-05-06,TRUE,1156,1184
End_of_Study,1080,SUBJ0458,CH08,2028-01-30,2028-01-30,TRUE,1066,1094
Safety_Followup,1170,SUBJ0458,CH08,2028-04-29,2028-04-28,TRUE,1156,1184
Screening,-7,SUBJ0459,CH06,2025-05-01,2025-04-26,TRUE,-21,7
Enrollment,0,SUBJ0459,CH06,2025-05-08,2025-05-14,TRUE,-14,14
Visit_1,90,SUBJ0459,CH06,2025-08-06,2025-08-11,TRUE,76,104
Visit_2,180,SUBJ0459,CH06,2025-11-04,2025-11-09,TRUE,166,194
Visit_3,270,SUBJ0459,CH06,2026-02-02,2026-02-06,TRUE,256,284
Visit_4,360,SUBJ0459,CH06,2026-05-03,2026-04-30,TRUE,346,374
Visit_5,450,SUBJ0459,CH06,2026-08-01,2026-07-27,TRUE,436,464
Visit_6,540,SUBJ0459,CH06,2026-10-30,2026-10-25,TRUE,526,554
Visit_7,630,SUBJ0459,CH06,2027-01-28,2027-02-01,TRUE,616,644
Visit_8,720,SUBJ0459,CH06,2027-04-28,2027-05-03,TRUE,706,734
Visit_9,810,SUBJ0459,CH06,2027-07-27,2027-08-01,TRUE,796,824
Visit_10,900,SUBJ0459,CH06,2027-10-25,2027-10-28,TRUE,886,914
Visit_11,990,SUBJ0459,CH06,2028-01-23,2028-01-17,TRUE,976,1004
Visit_12,1080,SUBJ0459,CH06,2028-04-22,2028-04-27,TRUE,1066,1094
Visit_13,1170,SUBJ0459,CH06,2028-07-21,2028-07-24,TRUE,1156,1184
End_of_Study,1080,SUBJ0459,CH06,2028-04-22,2028-04-17,TRUE,1066,1094
Safety_Followup,1170,SUBJ0459,CH06,2028-07-21,2028-07-15,TRUE,1156,1184
Screening,-7,SUBJ0460,IT01,2025-02-23,2025-02-21,TRUE,-21,7
Enrollment,0,SUBJ0460,IT01,2025-03-02,2025-02-26,TRUE,-14,14
Visit_1,90,SUBJ0460,IT01,2025-05-31,2025-05-29,TRUE,76,104
Visit_2,180,SUBJ0460,IT01,2025-08-29,2025-09-04,TRUE,166,194
Visit_3,270,SUBJ0460,IT01,2025-11-27,2025-11-24,TRUE,256,284
Visit_4,360,SUBJ0460,IT01,2026-02-25,2026-02-27,TRUE,346,374
Visit_5,450,SUBJ0460,IT01,2026-05-26,2026-05-25,TRUE,436,464
Visit_6,540,SUBJ0460,IT01,2026-08-24,2026-08-29,TRUE,526,554
Visit_7,630,SUBJ0460,IT01,2026-11-22,2026-11-17,TRUE,616,644
Visit_8,720,SUBJ0460,IT01,2027-02-20,2027-02-13,TRUE,706,734
Visit_9,810,SUBJ0460,IT01,2027-05-21,2027-05-25,TRUE,796,824
Visit_10,900,SUBJ0460,IT01,2027-08-19,2027-08-26,TRUE,886,914
Visit_11,990,SUBJ0460,IT01,2027-11-17,2027-11-13,TRUE,976,1004
Visit_12,1080,SUBJ0460,IT01,2028-02-15,2028-02-22,TRUE,1066,1094
Visit_13,1170,SUBJ0460,IT01,2028-05-15,2028-05-13,TRUE,1156,1184
End_of_Study,1080,SUBJ0460,IT01,2028-02-15,2028-02-18,TRUE,1066,1094
Safety_Followup,1170,SUBJ0460,IT01,2028-05-15,2028-05-13,TRUE,1156,1184
Screening,-7,SUBJ0461,IT01,2025-02-05,2025-02-07,TRUE,-21,7
Enrollment,0,SUBJ0461,IT01,2025-02-12,2025-02-14,TRUE,-14,14
Visit_1,90,SUBJ0461,IT01,2025-05-13,2025-05-08,TRUE,76,104
Visit_2,180,SUBJ0461,IT01,2025-08-11,2025-08-17,TRUE,166,194
Visit_3,270,SUBJ0461,IT01,2025-11-09,2025-11-13,TRUE,256,284
Visit_4,360,SUBJ0461,IT01,2026-02-07,2026-02-07,TRUE,346,374
Visit_5,450,SUBJ0461,IT01,2026-05-08,2026-05-03,TRUE,436,464
Visit_6,540,SUBJ0461,IT01,2026-08-06,2026-08-07,TRUE,526,554
Visit_7,630,SUBJ0461,IT01,2026-11-04,2026-11-10,TRUE,616,644
Visit_8,720,SUBJ0461,IT01,2027-02-02,2027-01-28,TRUE,706,734
Visit_9,810,SUBJ0461,IT01,2027-05-03,2027-05-05,TRUE,796,824
Visit_10,900,SUBJ0461,IT01,2027-08-01,2027-07-29,TRUE,886,914
Visit_11,990,SUBJ0461,IT01,2027-10-30,2027-10-31,TRUE,976,1004
Visit_12,1080,SUBJ0461,IT01,2028-01-28,2028-01-22,TRUE,1066,1094
Visit_13,1170,SUBJ0461,IT01,2028-04-27,2028-04-21,TRUE,1156,1184
End_of_Study,1080,SUBJ0461,IT01,2028-01-28,2028-02-01,TRUE,1066,1094
Safety_Followup,1170,SUBJ0461,IT01,2028-04-27,2028-04-30,TRUE,1156,1184
Screening,-7,SUBJ0462,CH02,2025-05-01,2025-04-29,TRUE,-21,7
Enrollment,0,SUBJ0462,CH02,2025-05-08,2025-05-05,TRUE,-14,14
Visit_1,90,SUBJ0462,CH02,2025-08-06,2025-08-07,TRUE,76,104
Visit_2,180,SUBJ0462,CH02,2025-11-04,2025-10-31,TRUE,166,194
Visit_3,270,SUBJ0462,CH02,2026-02-02,2026-02-01,TRUE,256,284
Visit_4,360,SUBJ0462,CH02,2026-05-03,2026-05-04,TRUE,346,374
Visit_5,450,SUBJ0462,CH02,2026-08-01,2026-08-07,TRUE,436,464
Visit_6,540,SUBJ0462,CH02,2026-10-30,2026-11-04,TRUE,526,554
Visit_7,630,SUBJ0462,CH02,2027-01-28,2027-01-23,TRUE,616,644
Visit_8,720,SUBJ0462,CH02,2027-04-28,2027-05-05,TRUE,706,734
Visit_9,810,SUBJ0462,CH02,2027-07-27,2027-08-03,TRUE,796,824
Visit_10,900,SUBJ0462,CH02,2027-10-25,2027-10-18,TRUE,886,914
Visit_11,990,SUBJ0462,CH02,2028-01-23,2028-01-23,TRUE,976,1004
Visit_12,1080,SUBJ0462,CH02,2028-04-22,2028-04-28,TRUE,1066,1094
Visit_13,1170,SUBJ0462,CH02,2028-07-21,2028-07-24,TRUE,1156,1184
End_of_Study,1080,SUBJ0462,CH02,2028-04-22,2028-04-18,TRUE,1066,1094
Safety_Followup,1170,SUBJ0462,CH02,2028-07-21,2028-07-21,TRUE,1156,1184
Screening,-7,SUBJ0463,CH09,2025-02-25,2025-03-04,TRUE,-21,7
Enrollment,0,SUBJ0463,CH09,2025-03-04,2025-02-25,TRUE,-14,14
Visit_1,90,SUBJ0463,CH09,2025-06-02,2025-05-26,TRUE,76,104
Visit_2,180,SUBJ0463,CH09,2025-08-31,2025-08-31,TRUE,166,194
Visit_3,270,SUBJ0463,CH09,2025-11-29,2025-11-29,TRUE,256,284
Visit_4,360,SUBJ0463,CH09,2026-02-27,2026-02-21,TRUE,346,374
Visit_5,450,SUBJ0463,CH09,2026-05-28,2026-05-27,TRUE,436,464
Visit_6,540,SUBJ0463,CH09,2026-08-26,NA,FALSE,526,554
Visit_7,630,SUBJ0463,CH09,2026-11-24,NA,FALSE,616,644
Visit_8,720,SUBJ0463,CH09,2027-02-22,NA,FALSE,706,734
Visit_9,810,SUBJ0463,CH09,2027-05-23,NA,FALSE,796,824
Visit_10,900,SUBJ0463,CH09,2027-08-21,NA,FALSE,886,914
Visit_11,990,SUBJ0463,CH09,2027-11-19,NA,FALSE,976,1004
Visit_12,1080,SUBJ0463,CH09,2028-02-17,NA,FALSE,1066,1094
Visit_13,1170,SUBJ0463,CH09,2028-05-17,NA,FALSE,1156,1184
End_of_Study,1080,SUBJ0463,CH09,2028-02-17,NA,FALSE,1066,1094
Safety_Followup,1170,SUBJ0463,CH09,2028-05-17,NA,FALSE,1156,1184
Screening,-7,SUBJ0464,CH10,2025-05-18,2025-05-23,TRUE,-21,7
Enrollment,0,SUBJ0464,CH10,2025-05-25,2025-05-26,TRUE,-14,14
Visit_1,90,SUBJ0464,CH10,2025-08-23,2025-08-17,TRUE,76,104
Visit_2,180,SUBJ0464,CH10,2025-11-21,2025-11-15,TRUE,166,194
Visit_3,270,SUBJ0464,CH10,2026-02-19,2026-02-26,TRUE,256,284
Visit_4,360,SUBJ0464,CH10,2026-05-20,2026-05-24,TRUE,346,374
Visit_5,450,SUBJ0464,CH10,2026-08-18,2026-08-17,TRUE,436,464
Visit_6,540,SUBJ0464,CH10,2026-11-16,2026-11-21,TRUE,526,554
Visit_7,630,SUBJ0464,CH10,2027-02-14,2027-02-08,TRUE,616,644
Visit_8,720,SUBJ0464,CH10,2027-05-15,2027-05-19,TRUE,706,734
Visit_9,810,SUBJ0464,CH10,2027-08-13,2027-08-13,TRUE,796,824
Visit_10,900,SUBJ0464,CH10,2027-11-11,2027-11-08,TRUE,886,914
Visit_11,990,SUBJ0464,CH10,2028-02-09,2028-02-11,TRUE,976,1004
Visit_12,1080,SUBJ0464,CH10,2028-05-09,2028-05-10,TRUE,1066,1094
Visit_13,1170,SUBJ0464,CH10,2028-08-07,2028-08-03,TRUE,1156,1184
End_of_Study,1080,SUBJ0464,CH10,2028-05-09,2028-05-07,TRUE,1066,1094
Safety_Followup,1170,SUBJ0464,CH10,2028-08-07,2028-08-03,TRUE,1156,1184
Screening,-7,SUBJ0465,CH06,2025-04-29,2025-05-06,TRUE,-21,7
Enrollment,0,SUBJ0465,CH06,2025-05-06,2025-05-08,TRUE,-14,14
Visit_1,90,SUBJ0465,CH06,2025-08-04,2025-07-29,TRUE,76,104
Visit_2,180,SUBJ0465,CH06,2025-11-02,2025-11-03,TRUE,166,194
Visit_3,270,SUBJ0465,CH06,2026-01-31,2026-01-31,TRUE,256,284
Visit_4,360,SUBJ0465,CH06,2026-05-01,2026-05-01,TRUE,346,374
Visit_5,450,SUBJ0465,CH06,2026-07-30,2026-08-03,TRUE,436,464
Visit_6,540,SUBJ0465,CH06,2026-10-28,2026-10-30,TRUE,526,554
Visit_7,630,SUBJ0465,CH06,2027-01-26,2027-01-19,TRUE,616,644
Visit_8,720,SUBJ0465,CH06,2027-04-26,2027-04-19,TRUE,706,734
Visit_9,810,SUBJ0465,CH06,2027-07-25,2027-07-28,TRUE,796,824
Visit_10,900,SUBJ0465,CH06,2027-10-23,2027-10-17,TRUE,886,914
Visit_11,990,SUBJ0465,CH06,2028-01-21,2028-01-23,TRUE,976,1004
Visit_12,1080,SUBJ0465,CH06,2028-04-20,2028-04-16,TRUE,1066,1094
Visit_13,1170,SUBJ0465,CH06,2028-07-19,2028-07-12,TRUE,1156,1184
End_of_Study,1080,SUBJ0465,CH06,2028-04-20,2028-04-21,TRUE,1066,1094
Safety_Followup,1170,SUBJ0465,CH06,2028-07-19,2028-07-14,TRUE,1156,1184
Screening,-7,SUBJ0466,CH08,2025-04-21,2025-04-15,TRUE,-21,7
Enrollment,0,SUBJ0466,CH08,2025-04-28,2025-04-25,TRUE,-14,14
Visit_1,90,SUBJ0466,CH08,2025-07-27,2025-07-28,TRUE,76,104
Visit_2,180,SUBJ0466,CH08,2025-10-25,2025-11-01,TRUE,166,194
Visit_3,270,SUBJ0466,CH08,2026-01-23,2026-01-21,TRUE,256,284
Visit_4,360,SUBJ0466,CH08,2026-04-23,2026-04-20,TRUE,346,374
Visit_5,450,SUBJ0466,CH08,2026-07-22,2026-07-26,TRUE,436,464
Visit_6,540,SUBJ0466,CH08,2026-10-20,2026-10-16,TRUE,526,554
Visit_7,630,SUBJ0466,CH08,2027-01-18,2027-01-12,TRUE,616,644
Visit_8,720,SUBJ0466,CH08,2027-04-18,2027-04-15,TRUE,706,734
Visit_9,810,SUBJ0466,CH08,2027-07-17,2027-07-13,TRUE,796,824
Visit_10,900,SUBJ0466,CH08,2027-10-15,2027-10-17,TRUE,886,914
Visit_11,990,SUBJ0466,CH08,2028-01-13,2028-01-17,TRUE,976,1004
Visit_12,1080,SUBJ0466,CH08,2028-04-12,2028-04-14,TRUE,1066,1094
Visit_13,1170,SUBJ0466,CH08,2028-07-11,2028-07-17,TRUE,1156,1184
End_of_Study,1080,SUBJ0466,CH08,2028-04-12,2028-04-19,TRUE,1066,1094
Safety_Followup,1170,SUBJ0466,CH08,2028-07-11,2028-07-12,TRUE,1156,1184
Screening,-7,SUBJ0467,CH14,2025-01-02,2025-01-04,TRUE,-21,7
Enrollment,0,SUBJ0467,CH14,2025-01-09,2025-01-08,TRUE,-14,14
Visit_1,90,SUBJ0467,CH14,2025-04-09,2025-04-02,TRUE,76,104
Visit_2,180,SUBJ0467,CH14,2025-07-08,2025-07-13,TRUE,166,194
Visit_3,270,SUBJ0467,CH14,2025-10-06,2025-09-30,TRUE,256,284
Visit_4,360,SUBJ0467,CH14,2026-01-04,2026-01-05,TRUE,346,374
Visit_5,450,SUBJ0467,CH14,2026-04-04,2026-04-08,TRUE,436,464
Visit_6,540,SUBJ0467,CH14,2026-07-03,2026-06-27,TRUE,526,554
Visit_7,630,SUBJ0467,CH14,2026-10-01,2026-09-26,TRUE,616,644
Visit_8,720,SUBJ0467,CH14,2026-12-30,2026-12-31,TRUE,706,734
Visit_9,810,SUBJ0467,CH14,2027-03-30,2027-03-27,TRUE,796,824
Visit_10,900,SUBJ0467,CH14,2027-06-28,2027-06-26,TRUE,886,914
Visit_11,990,SUBJ0467,CH14,2027-09-26,2027-09-28,TRUE,976,1004
Visit_12,1080,SUBJ0467,CH14,2027-12-25,2027-12-28,TRUE,1066,1094
Visit_13,1170,SUBJ0467,CH14,2028-03-24,2028-03-19,TRUE,1156,1184
End_of_Study,1080,SUBJ0467,CH14,2027-12-25,2027-12-22,TRUE,1066,1094
Safety_Followup,1170,SUBJ0467,CH14,2028-03-24,2028-03-26,TRUE,1156,1184
Screening,-7,SUBJ0468,CH16,2025-04-25,2025-04-19,TRUE,-21,7
Enrollment,0,SUBJ0468,CH16,2025-05-02,2025-04-28,TRUE,-14,14
Visit_1,90,SUBJ0468,CH16,2025-07-31,2025-07-29,TRUE,76,104
Visit_2,180,SUBJ0468,CH16,2025-10-29,2025-10-30,TRUE,166,194
Visit_3,270,SUBJ0468,CH16,2026-01-27,2026-01-21,TRUE,256,284
Visit_4,360,SUBJ0468,CH16,2026-04-27,2026-04-20,TRUE,346,374
Visit_5,450,SUBJ0468,CH16,2026-07-26,2026-07-23,TRUE,436,464
Visit_6,540,SUBJ0468,CH16,2026-10-24,2026-10-18,TRUE,526,554
Visit_7,630,SUBJ0468,CH16,2027-01-22,2027-01-18,TRUE,616,644
Visit_8,720,SUBJ0468,CH16,2027-04-22,2027-04-20,TRUE,706,734
Visit_9,810,SUBJ0468,CH16,2027-07-21,2027-07-19,TRUE,796,824
Visit_10,900,SUBJ0468,CH16,2027-10-19,2027-10-15,TRUE,886,914
Visit_11,990,SUBJ0468,CH16,2028-01-17,2028-01-13,TRUE,976,1004
Visit_12,1080,SUBJ0468,CH16,2028-04-16,2028-04-14,TRUE,1066,1094
Visit_13,1170,SUBJ0468,CH16,2028-07-15,2028-07-11,TRUE,1156,1184
End_of_Study,1080,SUBJ0468,CH16,2028-04-16,2028-04-09,TRUE,1066,1094
Safety_Followup,1170,SUBJ0468,CH16,2028-07-15,2028-07-20,TRUE,1156,1184
Screening,-7,SUBJ0469,CH01,2024-12-30,2024-12-25,TRUE,-21,7
Enrollment,0,SUBJ0469,CH01,2025-01-06,2025-01-11,TRUE,-14,14
Visit_1,90,SUBJ0469,CH01,2025-04-06,2025-04-09,TRUE,76,104
Visit_2,180,SUBJ0469,CH01,2025-07-05,2025-07-11,TRUE,166,194
Visit_3,270,SUBJ0469,CH01,2025-10-03,2025-09-29,TRUE,256,284
Visit_4,360,SUBJ0469,CH01,2026-01-01,2025-12-30,TRUE,346,374
Visit_5,450,SUBJ0469,CH01,2026-04-01,2026-03-28,TRUE,436,464
Visit_6,540,SUBJ0469,CH01,2026-06-30,2026-06-29,TRUE,526,554
Visit_7,630,SUBJ0469,CH01,2026-09-28,2026-09-23,TRUE,616,644
Visit_8,720,SUBJ0469,CH01,2026-12-27,2026-12-28,TRUE,706,734
Visit_9,810,SUBJ0469,CH01,2027-03-27,2027-04-02,TRUE,796,824
Visit_10,900,SUBJ0469,CH01,2027-06-25,2027-06-25,TRUE,886,914
Visit_11,990,SUBJ0469,CH01,2027-09-23,2027-09-18,TRUE,976,1004
Visit_12,1080,SUBJ0469,CH01,2027-12-22,2027-12-25,TRUE,1066,1094
Visit_13,1170,SUBJ0469,CH01,2028-03-21,2028-03-20,TRUE,1156,1184
End_of_Study,1080,SUBJ0469,CH01,2027-12-22,2027-12-21,TRUE,1066,1094
Safety_Followup,1170,SUBJ0469,CH01,2028-03-21,2028-03-14,TRUE,1156,1184
Screening,-7,SUBJ0470,CH14,2025-02-25,2025-02-21,TRUE,-21,7
Enrollment,0,SUBJ0470,CH14,2025-03-04,2025-03-11,TRUE,-14,14
Visit_1,90,SUBJ0470,CH14,2025-06-02,2025-06-01,TRUE,76,104
Visit_2,180,SUBJ0470,CH14,2025-08-31,2025-08-25,TRUE,166,194
Visit_3,270,SUBJ0470,CH14,2025-11-29,2025-11-23,TRUE,256,284
Visit_4,360,SUBJ0470,CH14,2026-02-27,2026-02-25,TRUE,346,374
Visit_5,450,SUBJ0470,CH14,2026-05-28,2026-05-31,TRUE,436,464
Visit_6,540,SUBJ0470,CH14,2026-08-26,2026-09-01,TRUE,526,554
Visit_7,630,SUBJ0470,CH14,2026-11-24,2026-11-29,TRUE,616,644
Visit_8,720,SUBJ0470,CH14,2027-02-22,2027-02-18,TRUE,706,734
Visit_9,810,SUBJ0470,CH14,2027-05-23,2027-05-24,TRUE,796,824
Visit_10,900,SUBJ0470,CH14,2027-08-21,2027-08-28,TRUE,886,914
Visit_11,990,SUBJ0470,CH14,2027-11-19,2027-11-26,TRUE,976,1004
Visit_12,1080,SUBJ0470,CH14,2028-02-17,2028-02-13,TRUE,1066,1094
Visit_13,1170,SUBJ0470,CH14,2028-05-17,2028-05-18,TRUE,1156,1184
End_of_Study,1080,SUBJ0470,CH14,2028-02-17,2028-02-12,TRUE,1066,1094
Safety_Followup,1170,SUBJ0470,CH14,2028-05-17,2028-05-15,TRUE,1156,1184
Screening,-7,SUBJ0471,CH04,2025-04-16,2025-04-19,TRUE,-21,7
Enrollment,0,SUBJ0471,CH04,2025-04-23,2025-04-21,TRUE,-14,14
Visit_1,90,SUBJ0471,CH04,2025-07-22,2025-07-23,TRUE,76,104
Visit_2,180,SUBJ0471,CH04,2025-10-20,2025-10-24,TRUE,166,194
Visit_3,270,SUBJ0471,CH04,2026-01-18,NA,FALSE,256,284
Visit_4,360,SUBJ0471,CH04,2026-04-18,NA,FALSE,346,374
Visit_5,450,SUBJ0471,CH04,2026-07-17,NA,FALSE,436,464
Visit_6,540,SUBJ0471,CH04,2026-10-15,NA,FALSE,526,554
Visit_7,630,SUBJ0471,CH04,2027-01-13,NA,FALSE,616,644
Visit_8,720,SUBJ0471,CH04,2027-04-13,NA,FALSE,706,734
Visit_9,810,SUBJ0471,CH04,2027-07-12,NA,FALSE,796,824
Visit_10,900,SUBJ0471,CH04,2027-10-10,NA,FALSE,886,914
Visit_11,990,SUBJ0471,CH04,2028-01-08,NA,FALSE,976,1004
Visit_12,1080,SUBJ0471,CH04,2028-04-07,NA,FALSE,1066,1094
Visit_13,1170,SUBJ0471,CH04,2028-07-06,NA,FALSE,1156,1184
End_of_Study,1080,SUBJ0471,CH04,2028-04-07,NA,FALSE,1066,1094
Safety_Followup,1170,SUBJ0471,CH04,2028-07-06,NA,FALSE,1156,1184
Screening,-7,SUBJ0472,CH04,2025-05-11,2025-05-07,TRUE,-21,7
Enrollment,0,SUBJ0472,CH04,2025-05-18,2025-05-21,TRUE,-14,14
Visit_1,90,SUBJ0472,CH04,2025-08-16,2025-08-10,TRUE,76,104
Visit_2,180,SUBJ0472,CH04,2025-11-14,2025-11-18,TRUE,166,194
Visit_3,270,SUBJ0472,CH04,2026-02-12,2026-02-13,TRUE,256,284
Visit_4,360,SUBJ0472,CH04,2026-05-13,2026-05-08,TRUE,346,374
Visit_5,450,SUBJ0472,CH04,2026-08-11,2026-08-07,TRUE,436,464
Visit_6,540,SUBJ0472,CH04,2026-11-09,2026-11-07,TRUE,526,554
Visit_7,630,SUBJ0472,CH04,2027-02-07,2027-02-12,TRUE,616,644
Visit_8,720,SUBJ0472,CH04,2027-05-08,2027-05-14,TRUE,706,734
Visit_9,810,SUBJ0472,CH04,2027-08-06,2027-08-13,TRUE,796,824
Visit_10,900,SUBJ0472,CH04,2027-11-04,2027-11-09,TRUE,886,914
Visit_11,990,SUBJ0472,CH04,2028-02-02,2028-02-01,TRUE,976,1004
Visit_12,1080,SUBJ0472,CH04,2028-05-02,2028-05-06,TRUE,1066,1094
Visit_13,1170,SUBJ0472,CH04,2028-07-31,2028-07-27,TRUE,1156,1184
End_of_Study,1080,SUBJ0472,CH04,2028-05-02,2028-04-29,TRUE,1066,1094
Safety_Followup,1170,SUBJ0472,CH04,2028-07-31,2028-08-03,TRUE,1156,1184
Screening,-7,SUBJ0473,CH01,2025-02-11,2025-02-07,TRUE,-21,7
Enrollment,0,SUBJ0473,CH01,2025-02-18,2025-02-24,TRUE,-14,14
Visit_1,90,SUBJ0473,CH01,2025-05-19,2025-05-13,TRUE,76,104
Visit_2,180,SUBJ0473,CH01,2025-08-17,2025-08-23,TRUE,166,194
Visit_3,270,SUBJ0473,CH01,2025-11-15,2025-11-22,TRUE,256,284
Visit_4,360,SUBJ0473,CH01,2026-02-13,2026-02-13,TRUE,346,374
Visit_5,450,SUBJ0473,CH01,2026-05-14,2026-05-21,TRUE,436,464
Visit_6,540,SUBJ0473,CH01,2026-08-12,2026-08-16,TRUE,526,554
Visit_7,630,SUBJ0473,CH01,2026-11-10,2026-11-07,TRUE,616,644
Visit_8,720,SUBJ0473,CH01,2027-02-08,2027-02-12,TRUE,706,734
Visit_9,810,SUBJ0473,CH01,2027-05-09,2027-05-02,TRUE,796,824
Visit_10,900,SUBJ0473,CH01,2027-08-07,2027-08-02,TRUE,886,914
Visit_11,990,SUBJ0473,CH01,2027-11-05,2027-11-03,TRUE,976,1004
Visit_12,1080,SUBJ0473,CH01,2028-02-03,2028-01-30,TRUE,1066,1094
Visit_13,1170,SUBJ0473,CH01,2028-05-03,2028-04-28,TRUE,1156,1184
End_of_Study,1080,SUBJ0473,CH01,2028-02-03,2028-02-10,TRUE,1066,1094
Safety_Followup,1170,SUBJ0473,CH01,2028-05-03,2028-04-28,TRUE,1156,1184
Screening,-7,SUBJ0474,FR01,2025-04-28,2025-04-22,TRUE,-21,7
Enrollment,0,SUBJ0474,FR01,2025-05-05,2025-05-07,TRUE,-14,14
Visit_1,90,SUBJ0474,FR01,2025-08-03,2025-07-31,TRUE,76,104
Visit_2,180,SUBJ0474,FR01,2025-11-01,2025-11-07,TRUE,166,194
Visit_3,270,SUBJ0474,FR01,2026-01-30,2026-01-30,TRUE,256,284
Visit_4,360,SUBJ0474,FR01,2026-04-30,2026-05-05,TRUE,346,374
Visit_5,450,SUBJ0474,FR01,2026-07-29,2026-07-28,TRUE,436,464
Visit_6,540,SUBJ0474,FR01,2026-10-27,2026-10-25,TRUE,526,554
Visit_7,630,SUBJ0474,FR01,2027-01-25,2027-01-22,TRUE,616,644
Visit_8,720,SUBJ0474,FR01,2027-04-25,2027-04-30,TRUE,706,734
Visit_9,810,SUBJ0474,FR01,2027-07-24,2027-07-24,TRUE,796,824
Visit_10,900,SUBJ0474,FR01,2027-10-22,2027-10-19,TRUE,886,914
Visit_11,990,SUBJ0474,FR01,2028-01-20,2028-01-22,TRUE,976,1004
Visit_12,1080,SUBJ0474,FR01,2028-04-19,2028-04-21,TRUE,1066,1094
Visit_13,1170,SUBJ0474,FR01,2028-07-18,2028-07-12,TRUE,1156,1184
End_of_Study,1080,SUBJ0474,FR01,2028-04-19,2028-04-25,TRUE,1066,1094
Safety_Followup,1170,SUBJ0474,FR01,2028-07-18,2028-07-16,TRUE,1156,1184
Screening,-7,SUBJ0475,CH10,2025-05-05,2025-05-09,TRUE,-21,7
Enrollment,0,SUBJ0475,CH10,2025-05-12,2025-05-10,TRUE,-14,14
Visit_1,90,SUBJ0475,CH10,2025-08-10,2025-08-15,TRUE,76,104
Visit_2,180,SUBJ0475,CH10,2025-11-08,2025-11-14,TRUE,166,194
Visit_3,270,SUBJ0475,CH10,2026-02-06,2026-01-30,TRUE,256,284
Visit_4,360,SUBJ0475,CH10,2026-05-07,2026-05-04,TRUE,346,374
Visit_5,450,SUBJ0475,CH10,2026-08-05,2026-08-06,TRUE,436,464
Visit_6,540,SUBJ0475,CH10,2026-11-03,2026-11-07,TRUE,526,554
Visit_7,630,SUBJ0475,CH10,2027-02-01,2027-01-30,TRUE,616,644
Visit_8,720,SUBJ0475,CH10,2027-05-02,2027-05-05,TRUE,706,734
Visit_9,810,SUBJ0475,CH10,2027-07-31,2027-07-30,TRUE,796,824
Visit_10,900,SUBJ0475,CH10,2027-10-29,2027-11-02,TRUE,886,914
Visit_11,990,SUBJ0475,CH10,2028-01-27,2028-01-20,TRUE,976,1004
Visit_12,1080,SUBJ0475,CH10,2028-04-26,2028-04-26,TRUE,1066,1094
Visit_13,1170,SUBJ0475,CH10,2028-07-25,2028-07-25,TRUE,1156,1184
End_of_Study,1080,SUBJ0475,CH10,2028-04-26,2028-04-27,TRUE,1066,1094
Safety_Followup,1170,SUBJ0475,CH10,2028-07-25,2028-08-01,TRUE,1156,1184
Screening,-7,SUBJ0476,CH15,2025-01-10,2025-01-16,TRUE,-21,7
Enrollment,0,SUBJ0476,CH15,2025-01-17,2025-01-20,TRUE,-14,14
Visit_1,90,SUBJ0476,CH15,2025-04-17,2025-04-22,TRUE,76,104
Visit_2,180,SUBJ0476,CH15,2025-07-16,2025-07-18,TRUE,166,194
Visit_3,270,SUBJ0476,CH15,2025-10-14,2025-10-13,TRUE,256,284
Visit_4,360,SUBJ0476,CH15,2026-01-12,2026-01-13,TRUE,346,374
Visit_5,450,SUBJ0476,CH15,2026-04-12,2026-04-13,TRUE,436,464
Visit_6,540,SUBJ0476,CH15,2026-07-11,2026-07-10,TRUE,526,554
Visit_7,630,SUBJ0476,CH15,2026-10-09,2026-10-04,TRUE,616,644
Visit_8,720,SUBJ0476,CH15,2027-01-07,2026-12-31,TRUE,706,734
Visit_9,810,SUBJ0476,CH15,2027-04-07,2027-04-06,TRUE,796,824
Visit_10,900,SUBJ0476,CH15,2027-07-06,2027-07-11,TRUE,886,914
Visit_11,990,SUBJ0476,CH15,2027-10-04,2027-09-28,TRUE,976,1004
Visit_12,1080,SUBJ0476,CH15,2028-01-02,2028-01-06,TRUE,1066,1094
Visit_13,1170,SUBJ0476,CH15,2028-04-01,2028-04-05,TRUE,1156,1184
End_of_Study,1080,SUBJ0476,CH15,2028-01-02,2028-01-07,TRUE,1066,1094
Safety_Followup,1170,SUBJ0476,CH15,2028-04-01,2028-04-02,TRUE,1156,1184
Screening,-7,SUBJ0477,CH02,2025-02-12,2025-02-19,TRUE,-21,7
Enrollment,0,SUBJ0477,CH02,2025-02-19,2025-02-19,TRUE,-14,14
Visit_1,90,SUBJ0477,CH02,2025-05-20,2025-05-13,TRUE,76,104
Visit_2,180,SUBJ0477,CH02,2025-08-18,2025-08-24,TRUE,166,194
Visit_3,270,SUBJ0477,CH02,2025-11-16,2025-11-21,TRUE,256,284
Visit_4,360,SUBJ0477,CH02,2026-02-14,2026-02-15,TRUE,346,374
Visit_5,450,SUBJ0477,CH02,2026-05-15,2026-05-09,TRUE,436,464
Visit_6,540,SUBJ0477,CH02,2026-08-13,2026-08-09,TRUE,526,554
Visit_7,630,SUBJ0477,CH02,2026-11-11,2026-11-13,TRUE,616,644
Visit_8,720,SUBJ0477,CH02,2027-02-09,2027-02-04,TRUE,706,734
Visit_9,810,SUBJ0477,CH02,2027-05-10,2027-05-14,TRUE,796,824
Visit_10,900,SUBJ0477,CH02,2027-08-08,2027-08-11,TRUE,886,914
Visit_11,990,SUBJ0477,CH02,2027-11-06,2027-11-09,TRUE,976,1004
Visit_12,1080,SUBJ0477,CH02,2028-02-04,2028-02-11,TRUE,1066,1094
Visit_13,1170,SUBJ0477,CH02,2028-05-04,2028-04-28,TRUE,1156,1184
End_of_Study,1080,SUBJ0477,CH02,2028-02-04,2028-02-02,TRUE,1066,1094
Safety_Followup,1170,SUBJ0477,CH02,2028-05-04,2028-05-07,TRUE,1156,1184
Screening,-7,SUBJ0478,CH15,2025-02-19,2025-02-12,TRUE,-21,7
Enrollment,0,SUBJ0478,CH15,2025-02-26,2025-02-27,TRUE,-14,14
Visit_1,90,SUBJ0478,CH15,2025-05-27,2025-05-29,TRUE,76,104
Visit_2,180,SUBJ0478,CH15,2025-08-25,2025-08-29,TRUE,166,194
Visit_3,270,SUBJ0478,CH15,2025-11-23,2025-11-27,TRUE,256,284
Visit_4,360,SUBJ0478,CH15,2026-02-21,2026-02-27,TRUE,346,374
Visit_5,450,SUBJ0478,CH15,2026-05-22,2026-05-26,TRUE,436,464
Visit_6,540,SUBJ0478,CH15,2026-08-20,2026-08-16,TRUE,526,554
Visit_7,630,SUBJ0478,CH15,2026-11-18,2026-11-14,TRUE,616,644
Visit_8,720,SUBJ0478,CH15,2027-02-16,2027-02-15,TRUE,706,734
Visit_9,810,SUBJ0478,CH15,2027-05-17,2027-05-19,TRUE,796,824
Visit_10,900,SUBJ0478,CH15,2027-08-15,2027-08-10,TRUE,886,914
Visit_11,990,SUBJ0478,CH15,2027-11-13,2027-11-13,TRUE,976,1004
Visit_12,1080,SUBJ0478,CH15,2028-02-11,2028-02-14,TRUE,1066,1094
Visit_13,1170,SUBJ0478,CH15,2028-05-11,2028-05-11,TRUE,1156,1184
End_of_Study,1080,SUBJ0478,CH15,2028-02-11,2028-02-06,TRUE,1066,1094
Safety_Followup,1170,SUBJ0478,CH15,2028-05-11,2028-05-14,TRUE,1156,1184
Screening,-7,SUBJ0479,CH16,2025-03-18,2025-03-17,TRUE,-21,7
Enrollment,0,SUBJ0479,CH16,2025-03-25,2025-03-21,TRUE,-14,14
Visit_1,90,SUBJ0479,CH16,2025-06-23,2025-06-19,TRUE,76,104
Visit_2,180,SUBJ0479,CH16,2025-09-21,2025-09-21,TRUE,166,194
Visit_3,270,SUBJ0479,CH16,2025-12-20,2025-12-26,TRUE,256,284
Visit_4,360,SUBJ0479,CH16,2026-03-20,2026-03-25,TRUE,346,374
Visit_5,450,SUBJ0479,CH16,2026-06-18,2026-06-21,TRUE,436,464
Visit_6,540,SUBJ0479,CH16,2026-09-16,2026-09-20,TRUE,526,554
Visit_7,630,SUBJ0479,CH16,2026-12-15,2026-12-16,TRUE,616,644
Visit_8,720,SUBJ0479,CH16,2027-03-15,2027-03-08,TRUE,706,734
Visit_9,810,SUBJ0479,CH16,2027-06-13,2027-06-15,TRUE,796,824
Visit_10,900,SUBJ0479,CH16,2027-09-11,2027-09-16,TRUE,886,914
Visit_11,990,SUBJ0479,CH16,2027-12-10,2027-12-13,TRUE,976,1004
Visit_12,1080,SUBJ0479,CH16,2028-03-09,2028-03-07,TRUE,1066,1094
Visit_13,1170,SUBJ0479,CH16,2028-06-07,2028-05-31,TRUE,1156,1184
End_of_Study,1080,SUBJ0479,CH16,2028-03-09,2028-03-09,TRUE,1066,1094
Safety_Followup,1170,SUBJ0479,CH16,2028-06-07,2028-06-08,TRUE,1156,1184
Screening,-7,SUBJ0480,CH14,2025-04-23,2025-04-30,TRUE,-21,7
Enrollment,0,SUBJ0480,CH14,2025-04-30,2025-04-28,TRUE,-14,14
Visit_1,90,SUBJ0480,CH14,2025-07-29,2025-08-02,TRUE,76,104
Visit_2,180,SUBJ0480,CH14,2025-10-27,2025-10-22,TRUE,166,194
Visit_3,270,SUBJ0480,CH14,2026-01-25,2026-02-01,TRUE,256,284
Visit_4,360,SUBJ0480,CH14,2026-04-25,2026-04-19,TRUE,346,374
Visit_5,450,SUBJ0480,CH14,2026-07-24,2026-07-18,TRUE,436,464
Visit_6,540,SUBJ0480,CH14,2026-10-22,2026-10-18,TRUE,526,554
Visit_7,630,SUBJ0480,CH14,2027-01-20,2027-01-27,TRUE,616,644
Visit_8,720,SUBJ0480,CH14,2027-04-20,2027-04-20,TRUE,706,734
Visit_9,810,SUBJ0480,CH14,2027-07-19,2027-07-22,TRUE,796,824
Visit_10,900,SUBJ0480,CH14,2027-10-17,2027-10-22,TRUE,886,914
Visit_11,990,SUBJ0480,CH14,2028-01-15,2028-01-20,TRUE,976,1004
Visit_12,1080,SUBJ0480,CH14,2028-04-14,2028-04-11,TRUE,1066,1094
Visit_13,1170,SUBJ0480,CH14,2028-07-13,2028-07-17,TRUE,1156,1184
End_of_Study,1080,SUBJ0480,CH14,2028-04-14,2028-04-18,TRUE,1066,1094
Safety_Followup,1170,SUBJ0480,CH14,2028-07-13,2028-07-07,TRUE,1156,1184
Screening,-7,SUBJ0481,IT01,2025-03-05,2025-03-12,TRUE,-21,7
Enrollment,0,SUBJ0481,IT01,2025-03-12,2025-03-10,TRUE,-14,14
Visit_1,90,SUBJ0481,IT01,2025-06-10,2025-06-08,TRUE,76,104
Visit_2,180,SUBJ0481,IT01,2025-09-08,2025-09-10,TRUE,166,194
Visit_3,270,SUBJ0481,IT01,2025-12-07,2025-12-12,TRUE,256,284
Visit_4,360,SUBJ0481,IT01,2026-03-07,2026-03-12,TRUE,346,374
Visit_5,450,SUBJ0481,IT01,2026-06-05,2026-06-10,TRUE,436,464
Visit_6,540,SUBJ0481,IT01,2026-09-03,2026-09-08,TRUE,526,554
Visit_7,630,SUBJ0481,IT01,2026-12-02,2026-11-28,TRUE,616,644
Visit_8,720,SUBJ0481,IT01,2027-03-02,2027-03-07,TRUE,706,734
Visit_9,810,SUBJ0481,IT01,2027-05-31,2027-05-28,TRUE,796,824
Visit_10,900,SUBJ0481,IT01,2027-08-29,2027-08-24,TRUE,886,914
Visit_11,990,SUBJ0481,IT01,2027-11-27,2027-11-23,TRUE,976,1004
Visit_12,1080,SUBJ0481,IT01,2028-02-25,2028-02-21,TRUE,1066,1094
Visit_13,1170,SUBJ0481,IT01,2028-05-25,2028-05-31,TRUE,1156,1184
End_of_Study,1080,SUBJ0481,IT01,2028-02-25,2028-02-21,TRUE,1066,1094
Safety_Followup,1170,SUBJ0481,IT01,2028-05-25,2028-05-26,TRUE,1156,1184
Screening,-7,SUBJ0482,CH16,2025-05-19,2025-05-22,TRUE,-21,7
Enrollment,0,SUBJ0482,CH16,2025-05-26,2025-05-21,TRUE,-14,14
Visit_1,90,SUBJ0482,CH16,2025-08-24,2025-08-28,TRUE,76,104
Visit_2,180,SUBJ0482,CH16,2025-11-22,2025-11-26,TRUE,166,194
Visit_3,270,SUBJ0482,CH16,2026-02-20,2026-02-25,TRUE,256,284
Visit_4,360,SUBJ0482,CH16,2026-05-21,2026-05-14,TRUE,346,374
Visit_5,450,SUBJ0482,CH16,2026-08-19,2026-08-13,TRUE,436,464
Visit_6,540,SUBJ0482,CH16,2026-11-17,2026-11-22,TRUE,526,554
Visit_7,630,SUBJ0482,CH16,2027-02-15,2027-02-11,TRUE,616,644
Visit_8,720,SUBJ0482,CH16,2027-05-16,2027-05-14,TRUE,706,734
Visit_9,810,SUBJ0482,CH16,2027-08-14,2027-08-10,TRUE,796,824
Visit_10,900,SUBJ0482,CH16,2027-11-12,2027-11-09,TRUE,886,914
Visit_11,990,SUBJ0482,CH16,2028-02-10,2028-02-04,TRUE,976,1004
Visit_12,1080,SUBJ0482,CH16,2028-05-10,2028-05-17,TRUE,1066,1094
Visit_13,1170,SUBJ0482,CH16,2028-08-08,2028-08-09,TRUE,1156,1184
End_of_Study,1080,SUBJ0482,CH16,2028-05-10,2028-05-08,TRUE,1066,1094
Safety_Followup,1170,SUBJ0482,CH16,2028-08-08,2028-08-02,TRUE,1156,1184
Screening,-7,SUBJ0483,CH08,2025-02-06,2025-02-01,TRUE,-21,7
Enrollment,0,SUBJ0483,CH08,2025-02-13,2025-02-18,TRUE,-14,14
Visit_1,90,SUBJ0483,CH08,2025-05-14,2025-05-17,TRUE,76,104
Visit_2,180,SUBJ0483,CH08,2025-08-12,2025-08-19,TRUE,166,194
Visit_3,270,SUBJ0483,CH08,2025-11-10,2025-11-09,TRUE,256,284
Visit_4,360,SUBJ0483,CH08,2026-02-08,2026-02-11,TRUE,346,374
Visit_5,450,SUBJ0483,CH08,2026-05-09,2026-05-13,TRUE,436,464
Visit_6,540,SUBJ0483,CH08,2026-08-07,2026-07-31,TRUE,526,554
Visit_7,630,SUBJ0483,CH08,2026-11-05,2026-11-07,TRUE,616,644
Visit_8,720,SUBJ0483,CH08,2027-02-03,2027-02-04,TRUE,706,734
Visit_9,810,SUBJ0483,CH08,2027-05-04,2027-05-11,TRUE,796,824
Visit_10,900,SUBJ0483,CH08,2027-08-02,2027-08-09,TRUE,886,914
Visit_11,990,SUBJ0483,CH08,2027-10-31,2027-10-24,TRUE,976,1004
Visit_12,1080,SUBJ0483,CH08,2028-01-29,2028-01-23,TRUE,1066,1094
Visit_13,1170,SUBJ0483,CH08,2028-04-28,2028-04-25,TRUE,1156,1184
End_of_Study,1080,SUBJ0483,CH08,2028-01-29,2028-01-28,TRUE,1066,1094
Safety_Followup,1170,SUBJ0483,CH08,2028-04-28,2028-04-26,TRUE,1156,1184
Screening,-7,SUBJ0484,CH07,2025-06-14,2025-06-07,TRUE,-21,7
Enrollment,0,SUBJ0484,CH07,2025-06-21,2025-06-18,TRUE,-14,14
Visit_1,90,SUBJ0484,CH07,2025-09-19,2025-09-21,TRUE,76,104
Visit_2,180,SUBJ0484,CH07,2025-12-18,2025-12-16,TRUE,166,194
Visit_3,270,SUBJ0484,CH07,2026-03-18,2026-03-16,TRUE,256,284
Visit_4,360,SUBJ0484,CH07,2026-06-16,2026-06-13,TRUE,346,374
Visit_5,450,SUBJ0484,CH07,2026-09-14,2026-09-13,TRUE,436,464
Visit_6,540,SUBJ0484,CH07,2026-12-13,2026-12-13,TRUE,526,554
Visit_7,630,SUBJ0484,CH07,2027-03-13,2027-03-09,TRUE,616,644
Visit_8,720,SUBJ0484,CH07,2027-06-11,2027-06-18,TRUE,706,734
Visit_9,810,SUBJ0484,CH07,2027-09-09,2027-09-07,TRUE,796,824
Visit_10,900,SUBJ0484,CH07,2027-12-08,2027-12-12,TRUE,886,914
Visit_11,990,SUBJ0484,CH07,2028-03-07,2028-03-13,TRUE,976,1004
Visit_12,1080,SUBJ0484,CH07,2028-06-05,2028-06-08,TRUE,1066,1094
Visit_13,1170,SUBJ0484,CH07,2028-09-03,2028-09-09,TRUE,1156,1184
End_of_Study,1080,SUBJ0484,CH07,2028-06-05,2028-06-06,TRUE,1066,1094
Safety_Followup,1170,SUBJ0484,CH07,2028-09-03,2028-09-04,TRUE,1156,1184
Screening,-7,SUBJ0485,CH10,2025-03-04,2025-03-11,TRUE,-21,7
Enrollment,0,SUBJ0485,CH10,2025-03-11,2025-03-13,TRUE,-14,14
Visit_1,90,SUBJ0485,CH10,2025-06-09,2025-06-05,TRUE,76,104
Visit_2,180,SUBJ0485,CH10,2025-09-07,2025-09-02,TRUE,166,194
Visit_3,270,SUBJ0485,CH10,2025-12-06,2025-12-01,TRUE,256,284
Visit_4,360,SUBJ0485,CH10,2026-03-06,2026-03-08,TRUE,346,374
Visit_5,450,SUBJ0485,CH10,2026-06-04,2026-06-04,TRUE,436,464
Visit_6,540,SUBJ0485,CH10,2026-09-02,2026-08-27,TRUE,526,554
Visit_7,630,SUBJ0485,CH10,2026-12-01,2026-12-08,TRUE,616,644
Visit_8,720,SUBJ0485,CH10,2027-03-01,2027-02-23,TRUE,706,734
Visit_9,810,SUBJ0485,CH10,2027-05-30,2027-05-23,TRUE,796,824
Visit_10,900,SUBJ0485,CH10,2027-08-28,2027-08-28,TRUE,886,914
Visit_11,990,SUBJ0485,CH10,2027-11-26,2027-11-21,TRUE,976,1004
Visit_12,1080,SUBJ0485,CH10,2028-02-24,2028-02-29,TRUE,1066,1094
Visit_13,1170,SUBJ0485,CH10,2028-05-24,2028-05-25,TRUE,1156,1184
End_of_Study,1080,SUBJ0485,CH10,2028-02-24,2028-02-23,TRUE,1066,1094
Safety_Followup,1170,SUBJ0485,CH10,2028-05-24,2028-05-24,TRUE,1156,1184
Screening,-7,SUBJ0486,DE01,2025-04-19,2025-04-25,TRUE,-21,7
Enrollment,0,SUBJ0486,DE01,2025-04-26,2025-04-30,TRUE,-14,14
Visit_1,90,SUBJ0486,DE01,2025-07-25,2025-07-19,TRUE,76,104
Visit_2,180,SUBJ0486,DE01,2025-10-23,2025-10-17,TRUE,166,194
Visit_3,270,SUBJ0486,DE01,2026-01-21,2026-01-28,TRUE,256,284
Visit_4,360,SUBJ0486,DE01,2026-04-21,2026-04-16,TRUE,346,374
Visit_5,450,SUBJ0486,DE01,2026-07-20,2026-07-26,TRUE,436,464
Visit_6,540,SUBJ0486,DE01,2026-10-18,2026-10-25,TRUE,526,554
Visit_7,630,SUBJ0486,DE01,2027-01-16,2027-01-09,TRUE,616,644
Visit_8,720,SUBJ0486,DE01,2027-04-16,2027-04-15,TRUE,706,734
Visit_9,810,SUBJ0486,DE01,2027-07-15,2027-07-10,TRUE,796,824
Visit_10,900,SUBJ0486,DE01,2027-10-13,2027-10-19,TRUE,886,914
Visit_11,990,SUBJ0486,DE01,2028-01-11,2028-01-06,TRUE,976,1004
Visit_12,1080,SUBJ0486,DE01,2028-04-10,2028-04-17,TRUE,1066,1094
Visit_13,1170,SUBJ0486,DE01,2028-07-09,2028-07-02,TRUE,1156,1184
End_of_Study,1080,SUBJ0486,DE01,2028-04-10,2028-04-10,TRUE,1066,1094
Safety_Followup,1170,SUBJ0486,DE01,2028-07-09,2028-07-08,TRUE,1156,1184
Screening,-7,SUBJ0487,CH09,2025-05-15,2025-05-21,TRUE,-21,7
Enrollment,0,SUBJ0487,CH09,2025-05-22,2025-05-19,TRUE,-14,14
Visit_1,90,SUBJ0487,CH09,2025-08-20,2025-08-20,TRUE,76,104
Visit_2,180,SUBJ0487,CH09,2025-11-18,2025-11-13,TRUE,166,194
Visit_3,270,SUBJ0487,CH09,2026-02-16,2026-02-23,TRUE,256,284
Visit_4,360,SUBJ0487,CH09,2026-05-17,2026-05-19,TRUE,346,374
Visit_5,450,SUBJ0487,CH09,2026-08-15,2026-08-12,TRUE,436,464
Visit_6,540,SUBJ0487,CH09,2026-11-13,2026-11-19,TRUE,526,554
Visit_7,630,SUBJ0487,CH09,2027-02-11,2027-02-08,TRUE,616,644
Visit_8,720,SUBJ0487,CH09,2027-05-12,2027-05-12,TRUE,706,734
Visit_9,810,SUBJ0487,CH09,2027-08-10,2027-08-06,TRUE,796,824
Visit_10,900,SUBJ0487,CH09,2027-11-08,2027-11-08,TRUE,886,914
Visit_11,990,SUBJ0487,CH09,2028-02-06,2028-02-02,TRUE,976,1004
Visit_12,1080,SUBJ0487,CH09,2028-05-06,2028-05-05,TRUE,1066,1094
Visit_13,1170,SUBJ0487,CH09,2028-08-04,2028-08-11,TRUE,1156,1184
End_of_Study,1080,SUBJ0487,CH09,2028-05-06,2028-05-12,TRUE,1066,1094
Safety_Followup,1170,SUBJ0487,CH09,2028-08-04,2028-08-06,TRUE,1156,1184
Screening,-7,SUBJ0488,CH06,2025-04-21,2025-04-14,TRUE,-21,7
Enrollment,0,SUBJ0488,CH06,2025-04-28,2025-04-30,TRUE,-14,14
Visit_1,90,SUBJ0488,CH06,2025-07-27,2025-07-31,TRUE,76,104
Visit_2,180,SUBJ0488,CH06,2025-10-25,2025-10-31,TRUE,166,194
Visit_3,270,SUBJ0488,CH06,2026-01-23,2026-01-20,TRUE,256,284
Visit_4,360,SUBJ0488,CH06,2026-04-23,2026-04-25,TRUE,346,374
Visit_5,450,SUBJ0488,CH06,2026-07-22,2026-07-18,TRUE,436,464
Visit_6,540,SUBJ0488,CH06,2026-10-20,2026-10-23,TRUE,526,554
Visit_7,630,SUBJ0488,CH06,2027-01-18,2027-01-19,TRUE,616,644
Visit_8,720,SUBJ0488,CH06,2027-04-18,2027-04-21,TRUE,706,734
Visit_9,810,SUBJ0488,CH06,2027-07-17,2027-07-10,TRUE,796,824
Visit_10,900,SUBJ0488,CH06,2027-10-15,2027-10-20,TRUE,886,914
Visit_11,990,SUBJ0488,CH06,2028-01-13,2028-01-09,TRUE,976,1004
Visit_12,1080,SUBJ0488,CH06,2028-04-12,2028-04-13,TRUE,1066,1094
Visit_13,1170,SUBJ0488,CH06,2028-07-11,2028-07-13,TRUE,1156,1184
End_of_Study,1080,SUBJ0488,CH06,2028-04-12,2028-04-16,TRUE,1066,1094
Safety_Followup,1170,SUBJ0488,CH06,2028-07-11,2028-07-05,TRUE,1156,1184
Screening,-7,SUBJ0489,CH08,2025-05-06,2025-04-30,TRUE,-21,7
Enrollment,0,SUBJ0489,CH08,2025-05-13,2025-05-10,TRUE,-14,14
Visit_1,90,SUBJ0489,CH08,2025-08-11,2025-08-17,TRUE,76,104
Visit_2,180,SUBJ0489,CH08,2025-11-09,2025-11-09,TRUE,166,194
Visit_3,270,SUBJ0489,CH08,2026-02-07,2026-02-09,TRUE,256,284
Visit_4,360,SUBJ0489,CH08,2026-05-08,2026-05-12,TRUE,346,374
Visit_5,450,SUBJ0489,CH08,2026-08-06,2026-08-10,TRUE,436,464
Visit_6,540,SUBJ0489,CH08,2026-11-04,2026-11-04,TRUE,526,554
Visit_7,630,SUBJ0489,CH08,2027-02-02,2027-02-09,TRUE,616,644
Visit_8,720,SUBJ0489,CH08,2027-05-03,2027-05-07,TRUE,706,734
Visit_9,810,SUBJ0489,CH08,2027-08-01,2027-08-07,TRUE,796,824
Visit_10,900,SUBJ0489,CH08,2027-10-30,2027-10-29,TRUE,886,914
Visit_11,990,SUBJ0489,CH08,2028-01-28,2028-02-03,TRUE,976,1004
Visit_12,1080,SUBJ0489,CH08,2028-04-27,2028-04-21,TRUE,1066,1094
Visit_13,1170,SUBJ0489,CH08,2028-07-26,2028-07-26,TRUE,1156,1184
End_of_Study,1080,SUBJ0489,CH08,2028-04-27,2028-05-03,TRUE,1066,1094
Safety_Followup,1170,SUBJ0489,CH08,2028-07-26,2028-07-29,TRUE,1156,1184
Screening,-7,SUBJ0490,CH14,2025-03-03,2025-02-27,TRUE,-21,7
Enrollment,0,SUBJ0490,CH14,2025-03-10,2025-03-09,TRUE,-14,14
Visit_1,90,SUBJ0490,CH14,2025-06-08,2025-06-02,TRUE,76,104
Visit_2,180,SUBJ0490,CH14,2025-09-06,2025-09-05,TRUE,166,194
Visit_3,270,SUBJ0490,CH14,2025-12-05,2025-12-03,TRUE,256,284
Visit_4,360,SUBJ0490,CH14,2026-03-05,2026-03-04,TRUE,346,374
Visit_5,450,SUBJ0490,CH14,2026-06-03,2026-05-27,TRUE,436,464
Visit_6,540,SUBJ0490,CH14,2026-09-01,2026-08-25,TRUE,526,554
Visit_7,630,SUBJ0490,CH14,2026-11-30,2026-11-30,TRUE,616,644
Visit_8,720,SUBJ0490,CH14,2027-02-28,2027-02-28,TRUE,706,734
Visit_9,810,SUBJ0490,CH14,2027-05-29,2027-05-25,TRUE,796,824
Visit_10,900,SUBJ0490,CH14,2027-08-27,2027-08-26,TRUE,886,914
Visit_11,990,SUBJ0490,CH14,2027-11-25,2027-11-24,TRUE,976,1004
Visit_12,1080,SUBJ0490,CH14,2028-02-23,2028-02-20,TRUE,1066,1094
Visit_13,1170,SUBJ0490,CH14,2028-05-23,2028-05-26,TRUE,1156,1184
End_of_Study,1080,SUBJ0490,CH14,2028-02-23,2028-02-19,TRUE,1066,1094
Safety_Followup,1170,SUBJ0490,CH14,2028-05-23,2028-05-23,TRUE,1156,1184
Screening,-7,SUBJ0491,CH12,2024-12-25,2024-12-31,TRUE,-21,7
Enrollment,0,SUBJ0491,CH12,2025-01-01,2025-01-05,TRUE,-14,14
Visit_1,90,SUBJ0491,CH12,2025-04-01,2025-04-06,TRUE,76,104
Visit_2,180,SUBJ0491,CH12,2025-06-30,2025-07-07,TRUE,166,194
Visit_3,270,SUBJ0491,CH12,2025-09-28,2025-09-24,TRUE,256,284
Visit_4,360,SUBJ0491,CH12,2025-12-27,2025-12-24,TRUE,346,374
Visit_5,450,SUBJ0491,CH12,2026-03-27,2026-03-22,TRUE,436,464
Visit_6,540,SUBJ0491,CH12,2026-06-25,2026-06-26,TRUE,526,554
Visit_7,630,SUBJ0491,CH12,2026-09-23,2026-09-24,TRUE,616,644
Visit_8,720,SUBJ0491,CH12,2026-12-22,2026-12-29,TRUE,706,734
Visit_9,810,SUBJ0491,CH12,2027-03-22,2027-03-17,TRUE,796,824
Visit_10,900,SUBJ0491,CH12,2027-06-20,2027-06-18,TRUE,886,914
Visit_11,990,SUBJ0491,CH12,2027-09-18,2027-09-13,TRUE,976,1004
Visit_12,1080,SUBJ0491,CH12,2027-12-17,2027-12-12,TRUE,1066,1094
Visit_13,1170,SUBJ0491,CH12,2028-03-16,2028-03-11,TRUE,1156,1184
End_of_Study,1080,SUBJ0491,CH12,2027-12-17,2027-12-19,TRUE,1066,1094
Safety_Followup,1170,SUBJ0491,CH12,2028-03-16,2028-03-10,TRUE,1156,1184
Screening,-7,SUBJ0492,CH15,2025-03-30,2025-04-05,TRUE,-21,7
Enrollment,0,SUBJ0492,CH15,2025-04-06,2025-04-01,TRUE,-14,14
Visit_1,90,SUBJ0492,CH15,2025-07-05,2025-06-29,TRUE,76,104
Visit_2,180,SUBJ0492,CH15,2025-10-03,2025-10-10,TRUE,166,194
Visit_3,270,SUBJ0492,CH15,2026-01-01,2026-01-08,TRUE,256,284
Visit_4,360,SUBJ0492,CH15,2026-04-01,2026-03-26,TRUE,346,374
Visit_5,450,SUBJ0492,CH15,2026-06-30,2026-07-01,TRUE,436,464
Visit_6,540,SUBJ0492,CH15,2026-09-28,2026-10-01,TRUE,526,554
Visit_7,630,SUBJ0492,CH15,2026-12-27,2027-01-02,TRUE,616,644
Visit_8,720,SUBJ0492,CH15,2027-03-27,2027-04-01,TRUE,706,734
Visit_9,810,SUBJ0492,CH15,2027-06-25,2027-06-28,TRUE,796,824
Visit_10,900,SUBJ0492,CH15,2027-09-23,2027-09-25,TRUE,886,914
Visit_11,990,SUBJ0492,CH15,2027-12-22,2027-12-26,TRUE,976,1004
Visit_12,1080,SUBJ0492,CH15,2028-03-21,2028-03-28,TRUE,1066,1094
Visit_13,1170,SUBJ0492,CH15,2028-06-19,2028-06-19,TRUE,1156,1184
End_of_Study,1080,SUBJ0492,CH15,2028-03-21,2028-03-28,TRUE,1066,1094
Safety_Followup,1170,SUBJ0492,CH15,2028-06-19,2028-06-26,TRUE,1156,1184
Screening,-7,SUBJ0493,CH10,2025-05-31,2025-05-29,TRUE,-21,7
Enrollment,0,SUBJ0493,CH10,2025-06-07,2025-06-08,TRUE,-14,14
Visit_1,90,SUBJ0493,CH10,2025-09-05,2025-09-04,TRUE,76,104
Visit_2,180,SUBJ0493,CH10,2025-12-04,2025-12-09,TRUE,166,194
Visit_3,270,SUBJ0493,CH10,2026-03-04,2026-03-10,TRUE,256,284
Visit_4,360,SUBJ0493,CH10,2026-06-02,2026-06-08,TRUE,346,374
Visit_5,450,SUBJ0493,CH10,2026-08-31,2026-09-01,TRUE,436,464
Visit_6,540,SUBJ0493,CH10,2026-11-29,2026-11-25,TRUE,526,554
Visit_7,630,SUBJ0493,CH10,2027-02-27,2027-03-02,TRUE,616,644
Visit_8,720,SUBJ0493,CH10,2027-05-28,2027-06-01,TRUE,706,734
Visit_9,810,SUBJ0493,CH10,2027-08-26,2027-08-30,TRUE,796,824
Visit_10,900,SUBJ0493,CH10,2027-11-24,2027-11-17,TRUE,886,914
Visit_11,990,SUBJ0493,CH10,2028-02-22,2028-02-21,TRUE,976,1004
Visit_12,1080,SUBJ0493,CH10,2028-05-22,2028-05-26,TRUE,1066,1094
Visit_13,1170,SUBJ0493,CH10,2028-08-20,2028-08-19,TRUE,1156,1184
End_of_Study,1080,SUBJ0493,CH10,2028-05-22,2028-05-24,TRUE,1066,1094
Safety_Followup,1170,SUBJ0493,CH10,2028-08-20,2028-08-23,TRUE,1156,1184
Screening,-7,SUBJ0494,FR02,2025-06-08,2025-06-09,TRUE,-21,7
Enrollment,0,SUBJ0494,FR02,2025-06-15,2025-06-08,TRUE,-14,14
Visit_1,90,SUBJ0494,FR02,2025-09-13,2025-09-15,TRUE,76,104
Visit_2,180,SUBJ0494,FR02,2025-12-12,2025-12-13,TRUE,166,194
Visit_3,270,SUBJ0494,FR02,2026-03-12,2026-03-08,TRUE,256,284
Visit_4,360,SUBJ0494,FR02,2026-06-10,2026-06-05,TRUE,346,374
Visit_5,450,SUBJ0494,FR02,2026-09-08,2026-09-03,TRUE,436,464
Visit_6,540,SUBJ0494,FR02,2026-12-07,NA,FALSE,526,554
Visit_7,630,SUBJ0494,FR02,2027-03-07,NA,FALSE,616,644
Visit_8,720,SUBJ0494,FR02,2027-06-05,NA,FALSE,706,734
Visit_9,810,SUBJ0494,FR02,2027-09-03,NA,FALSE,796,824
Visit_10,900,SUBJ0494,FR02,2027-12-02,NA,FALSE,886,914
Visit_11,990,SUBJ0494,FR02,2028-03-01,NA,FALSE,976,1004
Visit_12,1080,SUBJ0494,FR02,2028-05-30,NA,FALSE,1066,1094
Visit_13,1170,SUBJ0494,FR02,2028-08-28,NA,FALSE,1156,1184
End_of_Study,1080,SUBJ0494,FR02,2028-05-30,NA,FALSE,1066,1094
Safety_Followup,1170,SUBJ0494,FR02,2028-08-28,NA,FALSE,1156,1184
Screening,-7,SUBJ0495,CH01,2025-01-05,2024-12-31,TRUE,-21,7
Enrollment,0,SUBJ0495,CH01,2025-01-12,2025-01-17,TRUE,-14,14
Visit_1,90,SUBJ0495,CH01,2025-04-12,2025-04-13,TRUE,76,104
Visit_2,180,SUBJ0495,CH01,2025-07-11,2025-07-04,TRUE,166,194
Visit_3,270,SUBJ0495,CH01,2025-10-09,2025-10-10,TRUE,256,284
Visit_4,360,SUBJ0495,CH01,2026-01-07,2026-01-09,TRUE,346,374
Visit_5,450,SUBJ0495,CH01,2026-04-07,2026-04-06,TRUE,436,464
Visit_6,540,SUBJ0495,CH01,2026-07-06,2026-07-13,TRUE,526,554
Visit_7,630,SUBJ0495,CH01,2026-10-04,2026-10-11,TRUE,616,644
Visit_8,720,SUBJ0495,CH01,2027-01-02,2027-01-08,TRUE,706,734
Visit_9,810,SUBJ0495,CH01,2027-04-02,2027-03-31,TRUE,796,824
Visit_10,900,SUBJ0495,CH01,2027-07-01,2027-07-01,TRUE,886,914
Visit_11,990,SUBJ0495,CH01,2027-09-29,2027-09-27,TRUE,976,1004
Visit_12,1080,SUBJ0495,CH01,2027-12-28,2027-12-29,TRUE,1066,1094
Visit_13,1170,SUBJ0495,CH01,2028-03-27,2028-03-31,TRUE,1156,1184
End_of_Study,1080,SUBJ0495,CH01,2027-12-28,2027-12-22,TRUE,1066,1094
Safety_Followup,1170,SUBJ0495,CH01,2028-03-27,2028-04-01,TRUE,1156,1184
Screening,-7,SUBJ0496,CH02,2025-06-18,2025-06-14,TRUE,-21,7
Enrollment,0,SUBJ0496,CH02,2025-06-25,2025-07-01,TRUE,-14,14
Visit_1,90,SUBJ0496,CH02,2025-09-23,2025-09-25,TRUE,76,104
Visit_2,180,SUBJ0496,CH02,2025-12-22,2025-12-29,TRUE,166,194
Visit_3,270,SUBJ0496,CH02,2026-03-22,2026-03-21,TRUE,256,284
Visit_4,360,SUBJ0496,CH02,2026-06-20,2026-06-22,TRUE,346,374
Visit_5,450,SUBJ0496,CH02,2026-09-18,2026-09-23,TRUE,436,464
Visit_6,540,SUBJ0496,CH02,2026-12-17,2026-12-23,TRUE,526,554
Visit_7,630,SUBJ0496,CH02,2027-03-17,2027-03-18,TRUE,616,644
Visit_8,720,SUBJ0496,CH02,2027-06-15,2027-06-15,TRUE,706,734
Visit_9,810,SUBJ0496,CH02,2027-09-13,2027-09-13,TRUE,796,824
Visit_10,900,SUBJ0496,CH02,2027-12-12,2027-12-16,TRUE,886,914
Visit_11,990,SUBJ0496,CH02,2028-03-11,2028-03-18,TRUE,976,1004
Visit_12,1080,SUBJ0496,CH02,2028-06-09,2028-06-15,TRUE,1066,1094
Visit_13,1170,SUBJ0496,CH02,2028-09-07,2028-09-13,TRUE,1156,1184
End_of_Study,1080,SUBJ0496,CH02,2028-06-09,2028-06-02,TRUE,1066,1094
Safety_Followup,1170,SUBJ0496,CH02,2028-09-07,2028-09-10,TRUE,1156,1184
Screening,-7,SUBJ0497,CH03,2025-05-31,2025-06-03,TRUE,-21,7
Enrollment,0,SUBJ0497,CH03,2025-06-07,2025-06-08,TRUE,-14,14
Visit_1,90,SUBJ0497,CH03,2025-09-05,2025-08-31,TRUE,76,104
Visit_2,180,SUBJ0497,CH03,2025-12-04,2025-11-30,TRUE,166,194
Visit_3,270,SUBJ0497,CH03,2026-03-04,2026-02-27,TRUE,256,284
Visit_4,360,SUBJ0497,CH03,2026-06-02,2026-06-05,TRUE,346,374
Visit_5,450,SUBJ0497,CH03,2026-08-31,2026-09-03,TRUE,436,464
Visit_6,540,SUBJ0497,CH03,2026-11-29,2026-11-29,TRUE,526,554
Visit_7,630,SUBJ0497,CH03,2027-02-27,2027-02-24,TRUE,616,644
Visit_8,720,SUBJ0497,CH03,2027-05-28,2027-05-26,TRUE,706,734
Visit_9,810,SUBJ0497,CH03,2027-08-26,2027-08-25,TRUE,796,824
Visit_10,900,SUBJ0497,CH03,2027-11-24,2027-11-17,TRUE,886,914
Visit_11,990,SUBJ0497,CH03,2028-02-22,2028-02-28,TRUE,976,1004
Visit_12,1080,SUBJ0497,CH03,2028-05-22,2028-05-16,TRUE,1066,1094
Visit_13,1170,SUBJ0497,CH03,2028-08-20,2028-08-25,TRUE,1156,1184
End_of_Study,1080,SUBJ0497,CH03,2028-05-22,2028-05-19,TRUE,1066,1094
Safety_Followup,1170,SUBJ0497,CH03,2028-08-20,2028-08-23,TRUE,1156,1184
Screening,-7,SUBJ0498,CH12,2025-03-22,2025-03-16,TRUE,-21,7
Enrollment,0,SUBJ0498,CH12,2025-03-29,2025-03-31,TRUE,-14,14
Visit_1,90,SUBJ0498,CH12,2025-06-27,2025-06-23,TRUE,76,104
Visit_2,180,SUBJ0498,CH12,2025-09-25,2025-09-19,TRUE,166,194
Visit_3,270,SUBJ0498,CH12,2025-12-24,2025-12-31,TRUE,256,284
Visit_4,360,SUBJ0498,CH12,2026-03-24,2026-03-25,TRUE,346,374
Visit_5,450,SUBJ0498,CH12,2026-06-22,2026-06-26,TRUE,436,464
Visit_6,540,SUBJ0498,CH12,2026-09-20,2026-09-19,TRUE,526,554
Visit_7,630,SUBJ0498,CH12,2026-12-19,2026-12-13,TRUE,616,644
Visit_8,720,SUBJ0498,CH12,2027-03-19,2027-03-19,TRUE,706,734
Visit_9,810,SUBJ0498,CH12,2027-06-17,2027-06-12,TRUE,796,824
Visit_10,900,SUBJ0498,CH12,2027-09-15,2027-09-12,TRUE,886,914
Visit_11,990,SUBJ0498,CH12,2027-12-14,2027-12-10,TRUE,976,1004
Visit_12,1080,SUBJ0498,CH12,2028-03-13,2028-03-18,TRUE,1066,1094
Visit_13,1170,SUBJ0498,CH12,2028-06-11,2028-06-14,TRUE,1156,1184
End_of_Study,1080,SUBJ0498,CH12,2028-03-13,2028-03-13,TRUE,1066,1094
Safety_Followup,1170,SUBJ0498,CH12,2028-06-11,2028-06-17,TRUE,1156,1184
Screening,-7,SUBJ0499,CH15,2025-02-02,2025-01-29,TRUE,-21,7
Enrollment,0,SUBJ0499,CH15,2025-02-09,2025-02-02,TRUE,-14,14
Visit_1,90,SUBJ0499,CH15,2025-05-10,2025-05-04,TRUE,76,104
Visit_2,180,SUBJ0499,CH15,2025-08-08,2025-08-03,TRUE,166,194
Visit_3,270,SUBJ0499,CH15,2025-11-06,2025-11-05,TRUE,256,284
Visit_4,360,SUBJ0499,CH15,2026-02-04,2026-02-04,TRUE,346,374
Visit_5,450,SUBJ0499,CH15,2026-05-05,2026-05-11,TRUE,436,464
Visit_6,540,SUBJ0499,CH15,2026-08-03,2026-08-10,TRUE,526,554
Visit_7,630,SUBJ0499,CH15,2026-11-01,2026-10-27,TRUE,616,644
Visit_8,720,SUBJ0499,CH15,2027-01-30,2027-01-28,TRUE,706,734
Visit_9,810,SUBJ0499,CH15,2027-04-30,2027-04-24,TRUE,796,824
Visit_10,900,SUBJ0499,CH15,2027-07-29,2027-07-25,TRUE,886,914
Visit_11,990,SUBJ0499,CH15,2027-10-27,2027-11-01,TRUE,976,1004
Visit_12,1080,SUBJ0499,CH15,2028-01-25,2028-01-23,TRUE,1066,1094
Visit_13,1170,SUBJ0499,CH15,2028-04-24,2028-04-17,TRUE,1156,1184
End_of_Study,1080,SUBJ0499,CH15,2028-01-25,2028-01-24,TRUE,1066,1094
Safety_Followup,1170,SUBJ0499,CH15,2028-04-24,2028-04-19,TRUE,1156,1184
Screening,-7,SUBJ0500,CH07,2025-06-05,2025-06-09,TRUE,-21,7
Enrollment,0,SUBJ0500,CH07,2025-06-12,2025-06-12,TRUE,-14,14
Visit_1,90,SUBJ0500,CH07,2025-09-10,2025-09-07,TRUE,76,104
Visit_2,180,SUBJ0500,CH07,2025-12-09,2025-12-04,TRUE,166,194
Visit_3,270,SUBJ0500,CH07,2026-03-09,2026-03-06,TRUE,256,284
Visit_4,360,SUBJ0500,CH07,2026-06-07,2026-06-05,TRUE,346,374
Visit_5,450,SUBJ0500,CH07,2026-09-05,2026-09-05,TRUE,436,464
Visit_6,540,SUBJ0500,CH07,2026-12-04,2026-12-04,TRUE,526,554
Visit_7,630,SUBJ0500,CH07,2027-03-04,2027-03-03,TRUE,616,644
Visit_8,720,SUBJ0500,CH07,2027-06-02,2027-06-04,TRUE,706,734
Visit_9,810,SUBJ0500,CH07,2027-08-31,2027-08-29,TRUE,796,824
Visit_10,900,SUBJ0500,CH07,2027-11-29,2027-11-30,TRUE,886,914
Visit_11,990,SUBJ0500,CH07,2028-02-27,2028-02-24,TRUE,976,1004
Visit_12,1080,SUBJ0500,CH07,2028-05-27,2028-05-28,TRUE,1066,1094
Visit_13,1170,SUBJ0500,CH07,2028-08-25,2028-08-20,TRUE,1156,1184
End_of_Study,1080,SUBJ0500,CH07,2028-05-27,2028-05-20,TRUE,1066,1094
Safety_Followup,1170,SUBJ0500,CH07,2028-08-25,2028-08-23,TRUE,1156,1184
Screening,-7,SUBJ0501,CH10,2025-05-01,2025-04-24,TRUE,-21,7
Enrollment,0,SUBJ0501,CH10,2025-05-08,2025-05-15,TRUE,-14,14
Visit_1,90,SUBJ0501,CH10,2025-08-06,2025-08-06,TRUE,76,104
Visit_2,180,SUBJ0501,CH10,2025-11-04,2025-11-11,TRUE,166,194
Visit_3,270,SUBJ0501,CH10,2026-02-02,2026-01-31,TRUE,256,284
Visit_4,360,SUBJ0501,CH10,2026-05-03,2026-05-06,TRUE,346,374
Visit_5,450,SUBJ0501,CH10,2026-08-01,2026-08-08,TRUE,436,464
Visit_6,540,SUBJ0501,CH10,2026-10-30,2026-10-25,TRUE,526,554
Visit_7,630,SUBJ0501,CH10,2027-01-28,2027-01-30,TRUE,616,644
Visit_8,720,SUBJ0501,CH10,2027-04-28,2027-04-28,TRUE,706,734
Visit_9,810,SUBJ0501,CH10,2027-07-27,2027-08-03,TRUE,796,824
Visit_10,900,SUBJ0501,CH10,2027-10-25,2027-10-22,TRUE,886,914
Visit_11,990,SUBJ0501,CH10,2028-01-23,2028-01-21,TRUE,976,1004
Visit_12,1080,SUBJ0501,CH10,2028-04-22,2028-04-20,TRUE,1066,1094
Visit_13,1170,SUBJ0501,CH10,2028-07-21,2028-07-26,TRUE,1156,1184
End_of_Study,1080,SUBJ0501,CH10,2028-04-22,2028-04-19,TRUE,1066,1094
Safety_Followup,1170,SUBJ0501,CH10,2028-07-21,2028-07-17,TRUE,1156,1184
Screening,-7,SUBJ0502,CH04,2025-01-07,2025-01-03,TRUE,-21,7
Enrollment,0,SUBJ0502,CH04,2025-01-14,2025-01-20,TRUE,-14,14
Visit_1,90,SUBJ0502,CH04,2025-04-14,2025-04-16,TRUE,76,104
Visit_2,180,SUBJ0502,CH04,2025-07-13,2025-07-19,TRUE,166,194
Visit_3,270,SUBJ0502,CH04,2025-10-11,2025-10-17,TRUE,256,284
Visit_4,360,SUBJ0502,CH04,2026-01-09,2026-01-10,TRUE,346,374
Visit_5,450,SUBJ0502,CH04,2026-04-09,2026-04-06,TRUE,436,464
Visit_6,540,SUBJ0502,CH04,2026-07-08,2026-07-14,TRUE,526,554
Visit_7,630,SUBJ0502,CH04,2026-10-06,2026-10-11,TRUE,616,644
Visit_8,720,SUBJ0502,CH04,2027-01-04,2027-01-07,TRUE,706,734
Visit_9,810,SUBJ0502,CH04,2027-04-04,2027-04-08,TRUE,796,824
Visit_10,900,SUBJ0502,CH04,2027-07-03,2027-07-09,TRUE,886,914
Visit_11,990,SUBJ0502,CH04,2027-10-01,2027-10-01,TRUE,976,1004
Visit_12,1080,SUBJ0502,CH04,2027-12-30,2027-12-23,TRUE,1066,1094
Visit_13,1170,SUBJ0502,CH04,2028-03-29,2028-04-04,TRUE,1156,1184
End_of_Study,1080,SUBJ0502,CH04,2027-12-30,2027-12-25,TRUE,1066,1094
Safety_Followup,1170,SUBJ0502,CH04,2028-03-29,2028-04-03,TRUE,1156,1184
Screening,-7,SUBJ0503,CH17,2024-12-26,2025-01-02,TRUE,-21,7
Enrollment,0,SUBJ0503,CH17,2025-01-02,2024-12-30,TRUE,-14,14
Visit_1,90,SUBJ0503,CH17,2025-04-02,2025-03-26,TRUE,76,104
Visit_2,180,SUBJ0503,CH17,2025-07-01,2025-07-08,TRUE,166,194
Visit_3,270,SUBJ0503,CH17,2025-09-29,2025-09-23,TRUE,256,284
Visit_4,360,SUBJ0503,CH17,2025-12-28,2025-12-31,TRUE,346,374
Visit_5,450,SUBJ0503,CH17,2026-03-28,2026-03-23,TRUE,436,464
Visit_6,540,SUBJ0503,CH17,2026-06-26,2026-06-22,TRUE,526,554
Visit_7,630,SUBJ0503,CH17,2026-09-24,2026-09-28,TRUE,616,644
Visit_8,720,SUBJ0503,CH17,2026-12-23,2026-12-18,TRUE,706,734
Visit_9,810,SUBJ0503,CH17,2027-03-23,2027-03-17,TRUE,796,824
Visit_10,900,SUBJ0503,CH17,2027-06-21,2027-06-18,TRUE,886,914
Visit_11,990,SUBJ0503,CH17,2027-09-19,2027-09-14,TRUE,976,1004
Visit_12,1080,SUBJ0503,CH17,2027-12-18,2027-12-13,TRUE,1066,1094
Visit_13,1170,SUBJ0503,CH17,2028-03-17,2028-03-13,TRUE,1156,1184
End_of_Study,1080,SUBJ0503,CH17,2027-12-18,2027-12-19,TRUE,1066,1094
Safety_Followup,1170,SUBJ0503,CH17,2028-03-17,2028-03-16,TRUE,1156,1184
Screening,-7,SUBJ0504,CH03,2025-02-23,2025-02-28,TRUE,-21,7
Enrollment,0,SUBJ0504,CH03,2025-03-02,2025-03-01,TRUE,-14,14
Visit_1,90,SUBJ0504,CH03,2025-05-31,2025-05-31,TRUE,76,104
Visit_2,180,SUBJ0504,CH03,2025-08-29,2025-08-30,TRUE,166,194
Visit_3,270,SUBJ0504,CH03,2025-11-27,2025-11-23,TRUE,256,284
Visit_4,360,SUBJ0504,CH03,2026-02-25,2026-02-27,TRUE,346,374
Visit_5,450,SUBJ0504,CH03,2026-05-26,2026-05-24,TRUE,436,464
Visit_6,540,SUBJ0504,CH03,2026-08-24,2026-08-20,TRUE,526,554
Visit_7,630,SUBJ0504,CH03,2026-11-22,2026-11-16,TRUE,616,644
Visit_8,720,SUBJ0504,CH03,2027-02-20,2027-02-23,TRUE,706,734
Visit_9,810,SUBJ0504,CH03,2027-05-21,2027-05-28,TRUE,796,824
Visit_10,900,SUBJ0504,CH03,2027-08-19,2027-08-23,TRUE,886,914
Visit_11,990,SUBJ0504,CH03,2027-11-17,2027-11-11,TRUE,976,1004
Visit_12,1080,SUBJ0504,CH03,2028-02-15,2028-02-08,TRUE,1066,1094
Visit_13,1170,SUBJ0504,CH03,2028-05-15,2028-05-11,TRUE,1156,1184
End_of_Study,1080,SUBJ0504,CH03,2028-02-15,2028-02-19,TRUE,1066,1094
Safety_Followup,1170,SUBJ0504,CH03,2028-05-15,2028-05-14,TRUE,1156,1184
Screening,-7,SUBJ0505,CH10,2024-12-29,2024-12-27,TRUE,-21,7
Enrollment,0,SUBJ0505,CH10,2025-01-05,2024-12-30,TRUE,-14,14
Visit_1,90,SUBJ0505,CH10,2025-04-05,2025-04-05,TRUE,76,104
Visit_2,180,SUBJ0505,CH10,2025-07-04,2025-07-11,TRUE,166,194
Visit_3,270,SUBJ0505,CH10,2025-10-02,2025-09-26,TRUE,256,284
Visit_4,360,SUBJ0505,CH10,2025-12-31,2025-12-25,TRUE,346,374
Visit_5,450,SUBJ0505,CH10,2026-03-31,2026-04-06,TRUE,436,464
Visit_6,540,SUBJ0505,CH10,2026-06-29,2026-06-22,TRUE,526,554
Visit_7,630,SUBJ0505,CH10,2026-09-27,2026-09-27,TRUE,616,644
Visit_8,720,SUBJ0505,CH10,2026-12-26,2026-12-24,TRUE,706,734
Visit_9,810,SUBJ0505,CH10,2027-03-26,2027-03-19,TRUE,796,824
Visit_10,900,SUBJ0505,CH10,2027-06-24,2027-06-24,TRUE,886,914
Visit_11,990,SUBJ0505,CH10,2027-09-22,2027-09-23,TRUE,976,1004
Visit_12,1080,SUBJ0505,CH10,2027-12-21,2027-12-21,TRUE,1066,1094
Visit_13,1170,SUBJ0505,CH10,2028-03-20,2028-03-18,TRUE,1156,1184
End_of_Study,1080,SUBJ0505,CH10,2027-12-21,2027-12-28,TRUE,1066,1094
Safety_Followup,1170,SUBJ0505,CH10,2028-03-20,2028-03-17,TRUE,1156,1184
Screening,-7,SUBJ0506,DE01,2025-05-27,2025-05-27,TRUE,-21,7
Enrollment,0,SUBJ0506,DE01,2025-06-03,2025-05-31,TRUE,-14,14
Visit_1,90,SUBJ0506,DE01,2025-09-01,2025-09-08,TRUE,76,104
Visit_2,180,SUBJ0506,DE01,2025-11-30,2025-12-03,TRUE,166,194
Visit_3,270,SUBJ0506,DE01,2026-02-28,2026-02-23,TRUE,256,284
Visit_4,360,SUBJ0506,DE01,2026-05-29,2026-05-29,TRUE,346,374
Visit_5,450,SUBJ0506,DE01,2026-08-27,2026-08-28,TRUE,436,464
Visit_6,540,SUBJ0506,DE01,2026-11-25,2026-11-25,TRUE,526,554
Visit_7,630,SUBJ0506,DE01,2027-02-23,2027-02-27,TRUE,616,644
Visit_8,720,SUBJ0506,DE01,2027-05-24,2027-05-26,TRUE,706,734
Visit_9,810,SUBJ0506,DE01,2027-08-22,2027-08-29,TRUE,796,824
Visit_10,900,SUBJ0506,DE01,2027-11-20,2027-11-19,TRUE,886,914
Visit_11,990,SUBJ0506,DE01,2028-02-18,2028-02-19,TRUE,976,1004
Visit_12,1080,SUBJ0506,DE01,2028-05-18,2028-05-22,TRUE,1066,1094
Visit_13,1170,SUBJ0506,DE01,2028-08-16,2028-08-20,TRUE,1156,1184
End_of_Study,1080,SUBJ0506,DE01,2028-05-18,2028-05-21,TRUE,1066,1094
Safety_Followup,1170,SUBJ0506,DE01,2028-08-16,2028-08-17,TRUE,1156,1184
Screening,-7,SUBJ0507,FR02,2025-05-19,2025-05-19,TRUE,-21,7
Enrollment,0,SUBJ0507,FR02,2025-05-26,2025-06-02,TRUE,-14,14
Visit_1,90,SUBJ0507,FR02,2025-08-24,2025-08-27,TRUE,76,104
Visit_2,180,SUBJ0507,FR02,2025-11-22,2025-11-29,TRUE,166,194
Visit_3,270,SUBJ0507,FR02,2026-02-20,2026-02-26,TRUE,256,284
Visit_4,360,SUBJ0507,FR02,2026-05-21,2026-05-20,TRUE,346,374
Visit_5,450,SUBJ0507,FR02,2026-08-19,2026-08-26,TRUE,436,464
Visit_6,540,SUBJ0507,FR02,2026-11-17,2026-11-14,TRUE,526,554
Visit_7,630,SUBJ0507,FR02,2027-02-15,2027-02-12,TRUE,616,644
Visit_8,720,SUBJ0507,FR02,2027-05-16,2027-05-20,TRUE,706,734
Visit_9,810,SUBJ0507,FR02,2027-08-14,2027-08-16,TRUE,796,824
Visit_10,900,SUBJ0507,FR02,2027-11-12,2027-11-16,TRUE,886,914
Visit_11,990,SUBJ0507,FR02,2028-02-10,2028-02-11,TRUE,976,1004
Visit_12,1080,SUBJ0507,FR02,2028-05-10,2028-05-09,TRUE,1066,1094
Visit_13,1170,SUBJ0507,FR02,2028-08-08,2028-08-14,TRUE,1156,1184
End_of_Study,1080,SUBJ0507,FR02,2028-05-10,2028-05-07,TRUE,1066,1094
Safety_Followup,1170,SUBJ0507,FR02,2028-08-08,2028-08-08,TRUE,1156,1184
Screening,-7,SUBJ0508,CH09,2025-05-31,2025-05-24,TRUE,-21,7
Enrollment,0,SUBJ0508,CH09,2025-06-07,2025-06-13,TRUE,-14,14
Visit_1,90,SUBJ0508,CH09,2025-09-05,2025-09-11,TRUE,76,104
Visit_2,180,SUBJ0508,CH09,2025-12-04,2025-12-04,TRUE,166,194
Visit_3,270,SUBJ0508,CH09,2026-03-04,2026-03-09,TRUE,256,284
Visit_4,360,SUBJ0508,CH09,2026-06-02,2026-06-03,TRUE,346,374
Visit_5,450,SUBJ0508,CH09,2026-08-31,NA,FALSE,436,464
Visit_6,540,SUBJ0508,CH09,2026-11-29,NA,FALSE,526,554
Visit_7,630,SUBJ0508,CH09,2027-02-27,NA,FALSE,616,644
Visit_8,720,SUBJ0508,CH09,2027-05-28,NA,FALSE,706,734
Visit_9,810,SUBJ0508,CH09,2027-08-26,NA,FALSE,796,824
Visit_10,900,SUBJ0508,CH09,2027-11-24,NA,FALSE,886,914
Visit_11,990,SUBJ0508,CH09,2028-02-22,NA,FALSE,976,1004
Visit_12,1080,SUBJ0508,CH09,2028-05-22,NA,FALSE,1066,1094
Visit_13,1170,SUBJ0508,CH09,2028-08-20,NA,FALSE,1156,1184
End_of_Study,1080,SUBJ0508,CH09,2028-05-22,NA,FALSE,1066,1094
Safety_Followup,1170,SUBJ0508,CH09,2028-08-20,NA,FALSE,1156,1184
Screening,-7,SUBJ0509,CH03,2024-12-31,2025-01-01,TRUE,-21,7
Enrollment,0,SUBJ0509,CH03,2025-01-07,2025-01-06,TRUE,-14,14
Visit_1,90,SUBJ0509,CH03,2025-04-07,2025-04-04,TRUE,76,104
Visit_2,180,SUBJ0509,CH03,2025-07-06,2025-07-02,TRUE,166,194
Visit_3,270,SUBJ0509,CH03,2025-10-04,2025-10-07,TRUE,256,284
Visit_4,360,SUBJ0509,CH03,2026-01-02,2026-01-01,TRUE,346,374
Visit_5,450,SUBJ0509,CH03,2026-04-02,2026-04-08,TRUE,436,464
Visit_6,540,SUBJ0509,CH03,2026-07-01,2026-06-27,TRUE,526,554
Visit_7,630,SUBJ0509,CH03,2026-09-29,2026-10-05,TRUE,616,644
Visit_8,720,SUBJ0509,CH03,2026-12-28,2026-12-30,TRUE,706,734
Visit_9,810,SUBJ0509,CH03,2027-03-28,2027-04-04,TRUE,796,824
Visit_10,900,SUBJ0509,CH03,2027-06-26,2027-06-27,TRUE,886,914
Visit_11,990,SUBJ0509,CH03,2027-09-24,2027-09-18,TRUE,976,1004
Visit_12,1080,SUBJ0509,CH03,2027-12-23,2027-12-23,TRUE,1066,1094
Visit_13,1170,SUBJ0509,CH03,2028-03-22,2028-03-16,TRUE,1156,1184
End_of_Study,1080,SUBJ0509,CH03,2027-12-23,2027-12-21,TRUE,1066,1094
Safety_Followup,1170,SUBJ0509,CH03,2028-03-22,2028-03-23,TRUE,1156,1184
Screening,-7,SUBJ0510,CH05,2025-01-06,2025-01-10,TRUE,-21,7
Enrollment,0,SUBJ0510,CH05,2025-01-13,2025-01-13,TRUE,-14,14
Visit_1,90,SUBJ0510,CH05,2025-04-13,2025-04-07,TRUE,76,104
Visit_2,180,SUBJ0510,CH05,2025-07-12,2025-07-08,TRUE,166,194
Visit_3,270,SUBJ0510,CH05,2025-10-10,2025-10-09,TRUE,256,284
Visit_4,360,SUBJ0510,CH05,2026-01-08,2026-01-04,TRUE,346,374
Visit_5,450,SUBJ0510,CH05,2026-04-08,2026-04-05,TRUE,436,464
Visit_6,540,SUBJ0510,CH05,2026-07-07,2026-07-09,TRUE,526,554
Visit_7,630,SUBJ0510,CH05,2026-10-05,2026-10-02,TRUE,616,644
Visit_8,720,SUBJ0510,CH05,2027-01-03,2027-01-03,TRUE,706,734
Visit_9,810,SUBJ0510,CH05,2027-04-03,2027-04-01,TRUE,796,824
Visit_10,900,SUBJ0510,CH05,2027-07-02,2027-06-30,TRUE,886,914
Visit_11,990,SUBJ0510,CH05,2027-09-30,2027-10-01,TRUE,976,1004
Visit_12,1080,SUBJ0510,CH05,2027-12-29,2027-12-30,TRUE,1066,1094
Visit_13,1170,SUBJ0510,CH05,2028-03-28,2028-03-24,TRUE,1156,1184
End_of_Study,1080,SUBJ0510,CH05,2027-12-29,2027-12-31,TRUE,1066,1094
Safety_Followup,1170,SUBJ0510,CH05,2028-03-28,2028-03-27,TRUE,1156,1184
Screening,-7,SUBJ0511,CH10,2025-04-21,2025-04-19,TRUE,-21,7
Enrollment,0,SUBJ0511,CH10,2025-04-28,2025-04-29,TRUE,-14,14
Visit_1,90,SUBJ0511,CH10,2025-07-27,2025-07-21,TRUE,76,104
Visit_2,180,SUBJ0511,CH10,2025-10-25,2025-10-22,TRUE,166,194
Visit_3,270,SUBJ0511,CH10,2026-01-23,2026-01-24,TRUE,256,284
Visit_4,360,SUBJ0511,CH10,2026-04-23,2026-04-22,TRUE,346,374
Visit_5,450,SUBJ0511,CH10,2026-07-22,2026-07-26,TRUE,436,464
Visit_6,540,SUBJ0511,CH10,2026-10-20,2026-10-23,TRUE,526,554
Visit_7,630,SUBJ0511,CH10,2027-01-18,2027-01-15,TRUE,616,644
Visit_8,720,SUBJ0511,CH10,2027-04-18,2027-04-13,TRUE,706,734
Visit_9,810,SUBJ0511,CH10,2027-07-17,2027-07-17,TRUE,796,824
Visit_10,900,SUBJ0511,CH10,2027-10-15,2027-10-18,TRUE,886,914
Visit_11,990,SUBJ0511,CH10,2028-01-13,2028-01-11,TRUE,976,1004
Visit_12,1080,SUBJ0511,CH10,2028-04-12,NA,FALSE,1066,1094
Visit_13,1170,SUBJ0511,CH10,2028-07-11,NA,FALSE,1156,1184
End_of_Study,1080,SUBJ0511,CH10,2028-04-12,NA,FALSE,1066,1094
Safety_Followup,1170,SUBJ0511,CH10,2028-07-11,NA,FALSE,1156,1184
Screening,-7,SUBJ0512,CH17,2024-12-30,2024-12-28,TRUE,-21,7
Enrollment,0,SUBJ0512,CH17,2025-01-06,2025-01-05,TRUE,-14,14
Visit_1,90,SUBJ0512,CH17,2025-04-06,2025-04-01,TRUE,76,104
Visit_2,180,SUBJ0512,CH17,2025-07-05,2025-07-06,TRUE,166,194
Visit_3,270,SUBJ0512,CH17,2025-10-03,2025-10-07,TRUE,256,284
Visit_4,360,SUBJ0512,CH17,2026-01-01,2026-01-01,TRUE,346,374
Visit_5,450,SUBJ0512,CH17,2026-04-01,2026-04-08,TRUE,436,464
Visit_6,540,SUBJ0512,CH17,2026-06-30,2026-06-23,TRUE,526,554
Visit_7,630,SUBJ0512,CH17,2026-09-28,2026-09-26,TRUE,616,644
Visit_8,720,SUBJ0512,CH17,2026-12-27,2026-12-27,TRUE,706,734
Visit_9,810,SUBJ0512,CH17,2027-03-27,2027-03-23,TRUE,796,824
Visit_10,900,SUBJ0512,CH17,2027-06-25,2027-06-26,TRUE,886,914
Visit_11,990,SUBJ0512,CH17,2027-09-23,2027-09-23,TRUE,976,1004
Visit_12,1080,SUBJ0512,CH17,2027-12-22,2027-12-26,TRUE,1066,1094
Visit_13,1170,SUBJ0512,CH17,2028-03-21,2028-03-27,TRUE,1156,1184
End_of_Study,1080,SUBJ0512,CH17,2027-12-22,2027-12-17,TRUE,1066,1094
Safety_Followup,1170,SUBJ0512,CH17,2028-03-21,2028-03-24,TRUE,1156,1184
Screening,-7,SUBJ0513,CH07,2025-02-11,2025-02-16,TRUE,-21,7
Enrollment,0,SUBJ0513,CH07,2025-02-18,2025-02-13,TRUE,-14,14
Visit_1,90,SUBJ0513,CH07,2025-05-19,2025-05-13,TRUE,76,104
Visit_2,180,SUBJ0513,CH07,2025-08-17,2025-08-16,TRUE,166,194
Visit_3,270,SUBJ0513,CH07,2025-11-15,2025-11-15,TRUE,256,284
Visit_4,360,SUBJ0513,CH07,2026-02-13,2026-02-15,TRUE,346,374
Visit_5,450,SUBJ0513,CH07,2026-05-14,2026-05-08,TRUE,436,464
Visit_6,540,SUBJ0513,CH07,2026-08-12,2026-08-11,TRUE,526,554
Visit_7,630,SUBJ0513,CH07,2026-11-10,2026-11-04,TRUE,616,644
Visit_8,720,SUBJ0513,CH07,2027-02-08,2027-02-08,TRUE,706,734
Visit_9,810,SUBJ0513,CH07,2027-05-09,2027-05-10,TRUE,796,824
Visit_10,900,SUBJ0513,CH07,2027-08-07,2027-08-08,TRUE,886,914
Visit_11,990,SUBJ0513,CH07,2027-11-05,2027-10-30,TRUE,976,1004
Visit_12,1080,SUBJ0513,CH07,2028-02-03,2028-02-05,TRUE,1066,1094
Visit_13,1170,SUBJ0513,CH07,2028-05-03,2028-05-06,TRUE,1156,1184
End_of_Study,1080,SUBJ0513,CH07,2028-02-03,2028-02-08,TRUE,1066,1094
Safety_Followup,1170,SUBJ0513,CH07,2028-05-03,2028-05-10,TRUE,1156,1184
Screening,-7,SUBJ0514,CH12,2025-03-04,2025-02-27,TRUE,-21,7
Enrollment,0,SUBJ0514,CH12,2025-03-11,2025-03-16,TRUE,-14,14
Visit_1,90,SUBJ0514,CH12,2025-06-09,2025-06-08,TRUE,76,104
Visit_2,180,SUBJ0514,CH12,2025-09-07,2025-09-06,TRUE,166,194
Visit_3,270,SUBJ0514,CH12,2025-12-06,2025-12-04,TRUE,256,284
Visit_4,360,SUBJ0514,CH12,2026-03-06,2026-03-10,TRUE,346,374
Visit_5,450,SUBJ0514,CH12,2026-06-04,2026-05-30,TRUE,436,464
Visit_6,540,SUBJ0514,CH12,2026-09-02,2026-09-08,TRUE,526,554
Visit_7,630,SUBJ0514,CH12,2026-12-01,2026-12-08,TRUE,616,644
Visit_8,720,SUBJ0514,CH12,2027-03-01,2027-03-04,TRUE,706,734
Visit_9,810,SUBJ0514,CH12,2027-05-30,2027-05-28,TRUE,796,824
Visit_10,900,SUBJ0514,CH12,2027-08-28,2027-08-26,TRUE,886,914
Visit_11,990,SUBJ0514,CH12,2027-11-26,2027-11-25,TRUE,976,1004
Visit_12,1080,SUBJ0514,CH12,2028-02-24,2028-02-26,TRUE,1066,1094
Visit_13,1170,SUBJ0514,CH12,2028-05-24,2028-05-29,TRUE,1156,1184
End_of_Study,1080,SUBJ0514,CH12,2028-02-24,2028-02-28,TRUE,1066,1094
Safety_Followup,1170,SUBJ0514,CH12,2028-05-24,2028-05-22,TRUE,1156,1184
Screening,-7,SUBJ0515,CH12,2025-04-20,2025-04-14,TRUE,-21,7
Enrollment,0,SUBJ0515,CH12,2025-04-27,2025-04-27,TRUE,-14,14
Visit_1,90,SUBJ0515,CH12,2025-07-26,2025-07-29,TRUE,76,104
Visit_2,180,SUBJ0515,CH12,2025-10-24,2025-10-31,TRUE,166,194
Visit_3,270,SUBJ0515,CH12,2026-01-22,2026-01-23,TRUE,256,284
Visit_4,360,SUBJ0515,CH12,2026-04-22,2026-04-21,TRUE,346,374
Visit_5,450,SUBJ0515,CH12,2026-07-21,2026-07-14,TRUE,436,464
Visit_6,540,SUBJ0515,CH12,2026-10-19,2026-10-17,TRUE,526,554
Visit_7,630,SUBJ0515,CH12,2027-01-17,2027-01-16,TRUE,616,644
Visit_8,720,SUBJ0515,CH12,2027-04-17,2027-04-24,TRUE,706,734
Visit_9,810,SUBJ0515,CH12,2027-07-16,2027-07-20,TRUE,796,824
Visit_10,900,SUBJ0515,CH12,2027-10-14,2027-10-21,TRUE,886,914
Visit_11,990,SUBJ0515,CH12,2028-01-12,2028-01-13,TRUE,976,1004
Visit_12,1080,SUBJ0515,CH12,2028-04-11,2028-04-04,TRUE,1066,1094
Visit_13,1170,SUBJ0515,CH12,2028-07-10,2028-07-16,TRUE,1156,1184
End_of_Study,1080,SUBJ0515,CH12,2028-04-11,2028-04-18,TRUE,1066,1094
Safety_Followup,1170,SUBJ0515,CH12,2028-07-10,2028-07-10,TRUE,1156,1184
Screening,-7,SUBJ0516,CH08,2025-01-12,2025-01-06,TRUE,-21,7
Enrollment,0,SUBJ0516,CH08,2025-01-19,2025-01-16,TRUE,-14,14
Visit_1,90,SUBJ0516,CH08,2025-04-19,2025-04-17,TRUE,76,104
Visit_2,180,SUBJ0516,CH08,2025-07-18,2025-07-19,TRUE,166,194
Visit_3,270,SUBJ0516,CH08,2025-10-16,2025-10-10,TRUE,256,284
Visit_4,360,SUBJ0516,CH08,2026-01-14,2026-01-15,TRUE,346,374
Visit_5,450,SUBJ0516,CH08,2026-04-14,2026-04-10,TRUE,436,464
Visit_6,540,SUBJ0516,CH08,2026-07-13,2026-07-12,TRUE,526,554
Visit_7,630,SUBJ0516,CH08,2026-10-11,2026-10-10,TRUE,616,644
Visit_8,720,SUBJ0516,CH08,2027-01-09,2027-01-15,TRUE,706,734
Visit_9,810,SUBJ0516,CH08,2027-04-09,2027-04-07,TRUE,796,824
Visit_10,900,SUBJ0516,CH08,2027-07-08,2027-07-13,TRUE,886,914
Visit_11,990,SUBJ0516,CH08,2027-10-06,2027-10-09,TRUE,976,1004
Visit_12,1080,SUBJ0516,CH08,2028-01-04,2028-01-02,TRUE,1066,1094
Visit_13,1170,SUBJ0516,CH08,2028-04-03,2028-04-10,TRUE,1156,1184
End_of_Study,1080,SUBJ0516,CH08,2028-01-04,2027-12-30,TRUE,1066,1094
Safety_Followup,1170,SUBJ0516,CH08,2028-04-03,2028-04-03,TRUE,1156,1184
Screening,-7,SUBJ0517,CH16,2025-01-02,2024-12-26,TRUE,-21,7
Enrollment,0,SUBJ0517,CH16,2025-01-09,2025-01-03,TRUE,-14,14
Visit_1,90,SUBJ0517,CH16,2025-04-09,2025-04-02,TRUE,76,104
Visit_2,180,SUBJ0517,CH16,2025-07-08,2025-07-12,TRUE,166,194
Visit_3,270,SUBJ0517,CH16,2025-10-06,2025-10-07,TRUE,256,284
Visit_4,360,SUBJ0517,CH16,2026-01-04,2025-12-31,TRUE,346,374
Visit_5,450,SUBJ0517,CH16,2026-04-04,2026-04-11,TRUE,436,464
Visit_6,540,SUBJ0517,CH16,2026-07-03,2026-07-02,TRUE,526,554
Visit_7,630,SUBJ0517,CH16,2026-10-01,2026-10-01,TRUE,616,644
Visit_8,720,SUBJ0517,CH16,2026-12-30,2026-12-31,TRUE,706,734
Visit_9,810,SUBJ0517,CH16,2027-03-30,2027-04-03,TRUE,796,824
Visit_10,900,SUBJ0517,CH16,2027-06-28,2027-07-01,TRUE,886,914
Visit_11,990,SUBJ0517,CH16,2027-09-26,2027-10-03,TRUE,976,1004
Visit_12,1080,SUBJ0517,CH16,2027-12-25,2027-12-19,TRUE,1066,1094
Visit_13,1170,SUBJ0517,CH16,2028-03-24,2028-03-25,TRUE,1156,1184
End_of_Study,1080,SUBJ0517,CH16,2027-12-25,2027-12-19,TRUE,1066,1094
Safety_Followup,1170,SUBJ0517,CH16,2028-03-24,2028-03-22,TRUE,1156,1184
Screening,-7,SUBJ0518,CH12,2025-03-19,2025-03-24,TRUE,-21,7
Enrollment,0,SUBJ0518,CH12,2025-03-26,2025-04-02,TRUE,-14,14
Visit_1,90,SUBJ0518,CH12,2025-06-24,2025-06-21,TRUE,76,104
Visit_2,180,SUBJ0518,CH12,2025-09-22,2025-09-24,TRUE,166,194
Visit_3,270,SUBJ0518,CH12,2025-12-21,2025-12-24,TRUE,256,284
Visit_4,360,SUBJ0518,CH12,2026-03-21,2026-03-27,TRUE,346,374
Visit_5,450,SUBJ0518,CH12,2026-06-19,2026-06-16,TRUE,436,464
Visit_6,540,SUBJ0518,CH12,2026-09-17,2026-09-17,TRUE,526,554
Visit_7,630,SUBJ0518,CH12,2026-12-16,2026-12-10,TRUE,616,644
Visit_8,720,SUBJ0518,CH12,2027-03-16,2027-03-12,TRUE,706,734
Visit_9,810,SUBJ0518,CH12,2027-06-14,2027-06-13,TRUE,796,824
Visit_10,900,SUBJ0518,CH12,2027-09-12,2027-09-11,TRUE,886,914
Visit_11,990,SUBJ0518,CH12,2027-12-11,2027-12-16,TRUE,976,1004
Visit_12,1080,SUBJ0518,CH12,2028-03-10,2028-03-11,TRUE,1066,1094
Visit_13,1170,SUBJ0518,CH12,2028-06-08,2028-06-02,TRUE,1156,1184
End_of_Study,1080,SUBJ0518,CH12,2028-03-10,2028-03-08,TRUE,1066,1094
Safety_Followup,1170,SUBJ0518,CH12,2028-06-08,2028-06-12,TRUE,1156,1184
Screening,-7,SUBJ0519,CH11,2025-01-31,2025-01-31,TRUE,-21,7
Enrollment,0,SUBJ0519,CH11,2025-02-07,2025-02-11,TRUE,-14,14
Visit_1,90,SUBJ0519,CH11,2025-05-08,2025-05-10,TRUE,76,104
Visit_2,180,SUBJ0519,CH11,2025-08-06,2025-08-01,TRUE,166,194
Visit_3,270,SUBJ0519,CH11,2025-11-04,2025-11-10,TRUE,256,284
Visit_4,360,SUBJ0519,CH11,2026-02-02,2026-02-03,TRUE,346,374
Visit_5,450,SUBJ0519,CH11,2026-05-03,2026-05-04,TRUE,436,464
Visit_6,540,SUBJ0519,CH11,2026-08-01,2026-08-02,TRUE,526,554
Visit_7,630,SUBJ0519,CH11,2026-10-30,2026-10-28,TRUE,616,644
Visit_8,720,SUBJ0519,CH11,2027-01-28,2027-01-26,TRUE,706,734
Visit_9,810,SUBJ0519,CH11,2027-04-28,2027-04-28,TRUE,796,824
Visit_10,900,SUBJ0519,CH11,2027-07-27,2027-07-31,TRUE,886,914
Visit_11,990,SUBJ0519,CH11,2027-10-25,2027-10-19,TRUE,976,1004
Visit_12,1080,SUBJ0519,CH11,2028-01-23,2028-01-27,TRUE,1066,1094
Visit_13,1170,SUBJ0519,CH11,2028-04-22,2028-04-15,TRUE,1156,1184
End_of_Study,1080,SUBJ0519,CH11,2028-01-23,2028-01-20,TRUE,1066,1094
Safety_Followup,1170,SUBJ0519,CH11,2028-04-22,2028-04-28,TRUE,1156,1184
Screening,-7,SUBJ0520,CH07,2025-06-08,2025-06-05,TRUE,-21,7
Enrollment,0,SUBJ0520,CH07,2025-06-15,2025-06-14,TRUE,-14,14
Visit_1,90,SUBJ0520,CH07,2025-09-13,2025-09-07,TRUE,76,104
Visit_2,180,SUBJ0520,CH07,2025-12-12,2025-12-11,TRUE,166,194
Visit_3,270,SUBJ0520,CH07,2026-03-12,2026-03-19,TRUE,256,284
Visit_4,360,SUBJ0520,CH07,2026-06-10,2026-06-16,TRUE,346,374
Visit_5,450,SUBJ0520,CH07,2026-09-08,2026-09-07,TRUE,436,464
Visit_6,540,SUBJ0520,CH07,2026-12-07,2026-11-30,TRUE,526,554
Visit_7,630,SUBJ0520,CH07,2027-03-07,2027-03-06,TRUE,616,644
Visit_8,720,SUBJ0520,CH07,2027-06-05,2027-06-05,TRUE,706,734
Visit_9,810,SUBJ0520,CH07,2027-09-03,2027-09-07,TRUE,796,824
Visit_10,900,SUBJ0520,CH07,2027-12-02,2027-11-29,TRUE,886,914
Visit_11,990,SUBJ0520,CH07,2028-03-01,2028-03-04,TRUE,976,1004
Visit_12,1080,SUBJ0520,CH07,2028-05-30,2028-06-05,TRUE,1066,1094
Visit_13,1170,SUBJ0520,CH07,2028-08-28,2028-08-21,TRUE,1156,1184
End_of_Study,1080,SUBJ0520,CH07,2028-05-30,2028-05-26,TRUE,1066,1094
Safety_Followup,1170,SUBJ0520,CH07,2028-08-28,2028-08-31,TRUE,1156,1184
Screening,-7,SUBJ0521,CH13,2025-01-22,2025-01-20,TRUE,-21,7
Enrollment,0,SUBJ0521,CH13,2025-01-29,2025-01-29,TRUE,-14,14
Visit_1,90,SUBJ0521,CH13,2025-04-29,2025-04-26,TRUE,76,104
Visit_2,180,SUBJ0521,CH13,2025-07-28,2025-07-26,TRUE,166,194
Visit_3,270,SUBJ0521,CH13,2025-10-26,2025-10-30,TRUE,256,284
Visit_4,360,SUBJ0521,CH13,2026-01-24,2026-01-22,TRUE,346,374
Visit_5,450,SUBJ0521,CH13,2026-04-24,2026-05-01,TRUE,436,464
Visit_6,540,SUBJ0521,CH13,2026-07-23,2026-07-30,TRUE,526,554
Visit_7,630,SUBJ0521,CH13,2026-10-21,2026-10-18,TRUE,616,644
Visit_8,720,SUBJ0521,CH13,2027-01-19,2027-01-23,TRUE,706,734
Visit_9,810,SUBJ0521,CH13,2027-04-19,2027-04-21,TRUE,796,824
Visit_10,900,SUBJ0521,CH13,2027-07-18,2027-07-20,TRUE,886,914
Visit_11,990,SUBJ0521,CH13,2027-10-16,2027-10-13,TRUE,976,1004
Visit_12,1080,SUBJ0521,CH13,2028-01-14,2028-01-12,TRUE,1066,1094
Visit_13,1170,SUBJ0521,CH13,2028-04-13,2028-04-17,TRUE,1156,1184
End_of_Study,1080,SUBJ0521,CH13,2028-01-14,2028-01-10,TRUE,1066,1094
Safety_Followup,1170,SUBJ0521,CH13,2028-04-13,2028-04-14,TRUE,1156,1184
Screening,-7,SUBJ0522,CH16,2025-05-27,2025-06-01,TRUE,-21,7
Enrollment,0,SUBJ0522,CH16,2025-06-03,2025-06-04,TRUE,-14,14
Visit_1,90,SUBJ0522,CH16,2025-09-01,2025-09-07,TRUE,76,104
Visit_2,180,SUBJ0522,CH16,2025-11-30,2025-11-26,TRUE,166,194
Visit_3,270,SUBJ0522,CH16,2026-02-28,2026-02-24,TRUE,256,284
Visit_4,360,SUBJ0522,CH16,2026-05-29,2026-06-02,TRUE,346,374
Visit_5,450,SUBJ0522,CH16,2026-08-27,2026-08-30,TRUE,436,464
Visit_6,540,SUBJ0522,CH16,2026-11-25,2026-11-23,TRUE,526,554
Visit_7,630,SUBJ0522,CH16,2027-02-23,2027-02-28,TRUE,616,644
Visit_8,720,SUBJ0522,CH16,2027-05-24,2027-05-31,TRUE,706,734
Visit_9,810,SUBJ0522,CH16,2027-08-22,2027-08-23,TRUE,796,824
Visit_10,900,SUBJ0522,CH16,2027-11-20,2027-11-13,TRUE,886,914
Visit_11,990,SUBJ0522,CH16,2028-02-18,2028-02-24,TRUE,976,1004
Visit_12,1080,SUBJ0522,CH16,2028-05-18,2028-05-20,TRUE,1066,1094
Visit_13,1170,SUBJ0522,CH16,2028-08-16,2028-08-12,TRUE,1156,1184
End_of_Study,1080,SUBJ0522,CH16,2028-05-18,2028-05-16,TRUE,1066,1094
Safety_Followup,1170,SUBJ0522,CH16,2028-08-16,2028-08-10,TRUE,1156,1184
Screening,-7,SUBJ0523,CH17,2025-04-08,2025-04-07,TRUE,-21,7
Enrollment,0,SUBJ0523,CH17,2025-04-15,2025-04-20,TRUE,-14,14
Visit_1,90,SUBJ0523,CH17,2025-07-14,2025-07-11,TRUE,76,104
Visit_2,180,SUBJ0523,CH17,2025-10-12,2025-10-13,TRUE,166,194
Visit_3,270,SUBJ0523,CH17,2026-01-10,2026-01-05,TRUE,256,284
Visit_4,360,SUBJ0523,CH17,2026-04-10,2026-04-14,TRUE,346,374
Visit_5,450,SUBJ0523,CH17,2026-07-09,2026-07-13,TRUE,436,464
Visit_6,540,SUBJ0523,CH17,2026-10-07,2026-10-01,TRUE,526,554
Visit_7,630,SUBJ0523,CH17,2027-01-05,2026-12-31,TRUE,616,644
Visit_8,720,SUBJ0523,CH17,2027-04-05,2027-04-06,TRUE,706,734
Visit_9,810,SUBJ0523,CH17,2027-07-04,2027-06-29,TRUE,796,824
Visit_10,900,SUBJ0523,CH17,2027-10-02,2027-09-30,TRUE,886,914
Visit_11,990,SUBJ0523,CH17,2027-12-31,2027-12-28,TRUE,976,1004
Visit_12,1080,SUBJ0523,CH17,2028-03-30,2028-03-23,TRUE,1066,1094
Visit_13,1170,SUBJ0523,CH17,2028-06-28,2028-06-25,TRUE,1156,1184
End_of_Study,1080,SUBJ0523,CH17,2028-03-30,2028-04-01,TRUE,1066,1094
Safety_Followup,1170,SUBJ0523,CH17,2028-06-28,2028-06-26,TRUE,1156,1184
Screening,-7,SUBJ0524,CH03,2025-04-05,2025-04-01,TRUE,-21,7
Enrollment,0,SUBJ0524,CH03,2025-04-12,2025-04-06,TRUE,-14,14
Visit_1,90,SUBJ0524,CH03,2025-07-11,2025-07-13,TRUE,76,104
Visit_2,180,SUBJ0524,CH03,2025-10-09,2025-10-13,TRUE,166,194
Visit_3,270,SUBJ0524,CH03,2026-01-07,2026-01-10,TRUE,256,284
Visit_4,360,SUBJ0524,CH03,2026-04-07,2026-04-13,TRUE,346,374
Visit_5,450,SUBJ0524,CH03,2026-07-06,2026-07-07,TRUE,436,464
Visit_6,540,SUBJ0524,CH03,2026-10-04,2026-09-27,TRUE,526,554
Visit_7,630,SUBJ0524,CH03,2027-01-02,NA,FALSE,616,644
Visit_8,720,SUBJ0524,CH03,2027-04-02,NA,FALSE,706,734
Visit_9,810,SUBJ0524,CH03,2027-07-01,NA,FALSE,796,824
Visit_10,900,SUBJ0524,CH03,2027-09-29,NA,FALSE,886,914
Visit_11,990,SUBJ0524,CH03,2027-12-28,NA,FALSE,976,1004
Visit_12,1080,SUBJ0524,CH03,2028-03-27,NA,FALSE,1066,1094
Visit_13,1170,SUBJ0524,CH03,2028-06-25,NA,FALSE,1156,1184
End_of_Study,1080,SUBJ0524,CH03,2028-03-27,NA,FALSE,1066,1094
Safety_Followup,1170,SUBJ0524,CH03,2028-06-25,NA,FALSE,1156,1184
Screening,-7,SUBJ0525,CH16,2025-02-01,2025-02-01,TRUE,-21,7
Enrollment,0,SUBJ0525,CH16,2025-02-08,2025-02-13,TRUE,-14,14
Visit_1,90,SUBJ0525,CH16,2025-05-09,2025-05-14,TRUE,76,104
Visit_2,180,SUBJ0525,CH16,2025-08-07,2025-08-02,TRUE,166,194
Visit_3,270,SUBJ0525,CH16,2025-11-05,2025-11-06,TRUE,256,284
Visit_4,360,SUBJ0525,CH16,2026-02-03,2026-01-28,TRUE,346,374
Visit_5,450,SUBJ0525,CH16,2026-05-04,2026-05-06,TRUE,436,464
Visit_6,540,SUBJ0525,CH16,2026-08-02,2026-07-26,TRUE,526,554
Visit_7,630,SUBJ0525,CH16,2026-10-31,2026-10-24,TRUE,616,644
Visit_8,720,SUBJ0525,CH16,2027-01-29,2027-01-22,TRUE,706,734
Visit_9,810,SUBJ0525,CH16,2027-04-29,2027-05-05,TRUE,796,824
Visit_10,900,SUBJ0525,CH16,2027-07-28,2027-07-26,TRUE,886,914
Visit_11,990,SUBJ0525,CH16,2027-10-26,2027-10-28,TRUE,976,1004
Visit_12,1080,SUBJ0525,CH16,2028-01-24,2028-01-20,TRUE,1066,1094
Visit_13,1170,SUBJ0525,CH16,2028-04-23,2028-04-28,TRUE,1156,1184
End_of_Study,1080,SUBJ0525,CH16,2028-01-24,2028-01-21,TRUE,1066,1094
Safety_Followup,1170,SUBJ0525,CH16,2028-04-23,2028-04-16,TRUE,1156,1184
Screening,-7,SUBJ0526,CH08,2025-02-20,2025-02-18,TRUE,-21,7
Enrollment,0,SUBJ0526,CH08,2025-02-27,2025-02-28,TRUE,-14,14
Visit_1,90,SUBJ0526,CH08,2025-05-28,2025-05-24,TRUE,76,104
Visit_2,180,SUBJ0526,CH08,2025-08-26,2025-08-24,TRUE,166,194
Visit_3,270,SUBJ0526,CH08,2025-11-24,2025-11-18,TRUE,256,284
Visit_4,360,SUBJ0526,CH08,2026-02-22,2026-02-16,TRUE,346,374
Visit_5,450,SUBJ0526,CH08,2026-05-23,2026-05-24,TRUE,436,464
Visit_6,540,SUBJ0526,CH08,2026-08-21,2026-08-21,TRUE,526,554
Visit_7,630,SUBJ0526,CH08,2026-11-19,2026-11-15,TRUE,616,644
Visit_8,720,SUBJ0526,CH08,2027-02-17,2027-02-17,TRUE,706,734
Visit_9,810,SUBJ0526,CH08,2027-05-18,2027-05-16,TRUE,796,824
Visit_10,900,SUBJ0526,CH08,2027-08-16,2027-08-11,TRUE,886,914
Visit_11,990,SUBJ0526,CH08,2027-11-14,2027-11-21,TRUE,976,1004
Visit_12,1080,SUBJ0526,CH08,2028-02-12,2028-02-06,TRUE,1066,1094
Visit_13,1170,SUBJ0526,CH08,2028-05-12,2028-05-14,TRUE,1156,1184
End_of_Study,1080,SUBJ0526,CH08,2028-02-12,2028-02-19,TRUE,1066,1094
Safety_Followup,1170,SUBJ0526,CH08,2028-05-12,2028-05-06,TRUE,1156,1184
Screening,-7,SUBJ0527,CH14,2025-01-06,2025-01-07,TRUE,-21,7
Enrollment,0,SUBJ0527,CH14,2025-01-13,2025-01-08,TRUE,-14,14
Visit_1,90,SUBJ0527,CH14,2025-04-13,2025-04-15,TRUE,76,104
Visit_2,180,SUBJ0527,CH14,2025-07-12,2025-07-09,TRUE,166,194
Visit_3,270,SUBJ0527,CH14,2025-10-10,2025-10-05,TRUE,256,284
Visit_4,360,SUBJ0527,CH14,2026-01-08,2026-01-12,TRUE,346,374
Visit_5,450,SUBJ0527,CH14,2026-04-08,2026-04-02,TRUE,436,464
Visit_6,540,SUBJ0527,CH14,2026-07-07,2026-07-04,TRUE,526,554
Visit_7,630,SUBJ0527,CH14,2026-10-05,2026-10-03,TRUE,616,644
Visit_8,720,SUBJ0527,CH14,2027-01-03,2027-01-01,TRUE,706,734
Visit_9,810,SUBJ0527,CH14,2027-04-03,2027-04-03,TRUE,796,824
Visit_10,900,SUBJ0527,CH14,2027-07-02,2027-07-03,TRUE,886,914
Visit_11,990,SUBJ0527,CH14,2027-09-30,2027-10-04,TRUE,976,1004
Visit_12,1080,SUBJ0527,CH14,2027-12-29,2028-01-03,TRUE,1066,1094
Visit_13,1170,SUBJ0527,CH14,2028-03-28,2028-04-01,TRUE,1156,1184
End_of_Study,1080,SUBJ0527,CH14,2027-12-29,2027-12-24,TRUE,1066,1094
Safety_Followup,1170,SUBJ0527,CH14,2028-03-28,2028-03-28,TRUE,1156,1184
Screening,-7,SUBJ0528,CH13,2025-05-06,2025-04-29,TRUE,-21,7
Enrollment,0,SUBJ0528,CH13,2025-05-13,2025-05-08,TRUE,-14,14
Visit_1,90,SUBJ0528,CH13,2025-08-11,2025-08-17,TRUE,76,104
Visit_2,180,SUBJ0528,CH13,2025-11-09,2025-11-04,TRUE,166,194
Visit_3,270,SUBJ0528,CH13,2026-02-07,2026-02-03,TRUE,256,284
Visit_4,360,SUBJ0528,CH13,2026-05-08,2026-05-07,TRUE,346,374
Visit_5,450,SUBJ0528,CH13,2026-08-06,2026-08-09,TRUE,436,464
Visit_6,540,SUBJ0528,CH13,2026-11-04,2026-11-09,TRUE,526,554
Visit_7,630,SUBJ0528,CH13,2027-02-02,2027-02-02,TRUE,616,644
Visit_8,720,SUBJ0528,CH13,2027-05-03,2027-05-10,TRUE,706,734
Visit_9,810,SUBJ0528,CH13,2027-08-01,2027-08-06,TRUE,796,824
Visit_10,900,SUBJ0528,CH13,2027-10-30,2027-10-27,TRUE,886,914
Visit_11,990,SUBJ0528,CH13,2028-01-28,2028-01-23,TRUE,976,1004
Visit_12,1080,SUBJ0528,CH13,2028-04-27,2028-04-27,TRUE,1066,1094
Visit_13,1170,SUBJ0528,CH13,2028-07-26,2028-07-20,TRUE,1156,1184
End_of_Study,1080,SUBJ0528,CH13,2028-04-27,2028-04-24,TRUE,1066,1094
Safety_Followup,1170,SUBJ0528,CH13,2028-07-26,2028-07-26,TRUE,1156,1184
Screening,-7,SUBJ0529,CH16,2025-02-04,2025-02-11,TRUE,-21,7
Enrollment,0,SUBJ0529,CH16,2025-02-11,2025-02-09,TRUE,-14,14
Visit_1,90,SUBJ0529,CH16,2025-05-12,2025-05-13,TRUE,76,104
Visit_2,180,SUBJ0529,CH16,2025-08-10,2025-08-17,TRUE,166,194
Visit_3,270,SUBJ0529,CH16,2025-11-08,2025-11-12,TRUE,256,284
Visit_4,360,SUBJ0529,CH16,2026-02-06,2026-02-04,TRUE,346,374
Visit_5,450,SUBJ0529,CH16,2026-05-07,2026-05-03,TRUE,436,464
Visit_6,540,SUBJ0529,CH16,2026-08-05,2026-08-07,TRUE,526,554
Visit_7,630,SUBJ0529,CH16,2026-11-03,2026-10-30,TRUE,616,644
Visit_8,720,SUBJ0529,CH16,2027-02-01,2027-02-07,TRUE,706,734
Visit_9,810,SUBJ0529,CH16,2027-05-02,2027-04-25,TRUE,796,824
Visit_10,900,SUBJ0529,CH16,2027-07-31,2027-07-31,TRUE,886,914
Visit_11,990,SUBJ0529,CH16,2027-10-29,2027-11-05,TRUE,976,1004
Visit_12,1080,SUBJ0529,CH16,2028-01-27,2028-02-01,TRUE,1066,1094
Visit_13,1170,SUBJ0529,CH16,2028-04-26,2028-04-29,TRUE,1156,1184
End_of_Study,1080,SUBJ0529,CH16,2028-01-27,2028-01-20,TRUE,1066,1094
Safety_Followup,1170,SUBJ0529,CH16,2028-04-26,2028-04-22,TRUE,1156,1184
Screening,-7,SUBJ0530,CH16,2025-05-25,2025-05-25,TRUE,-21,7
Enrollment,0,SUBJ0530,CH16,2025-06-01,2025-06-03,TRUE,-14,14
Visit_1,90,SUBJ0530,CH16,2025-08-30,2025-08-23,TRUE,76,104
Visit_2,180,SUBJ0530,CH16,2025-11-28,2025-11-22,TRUE,166,194
Visit_3,270,SUBJ0530,CH16,2026-02-26,2026-03-02,TRUE,256,284
Visit_4,360,SUBJ0530,CH16,2026-05-27,2026-05-23,TRUE,346,374
Visit_5,450,SUBJ0530,CH16,2026-08-25,2026-08-28,TRUE,436,464
Visit_6,540,SUBJ0530,CH16,2026-11-23,2026-11-20,TRUE,526,554
Visit_7,630,SUBJ0530,CH16,2027-02-21,2027-02-21,TRUE,616,644
Visit_8,720,SUBJ0530,CH16,2027-05-22,2027-05-29,TRUE,706,734
Visit_9,810,SUBJ0530,CH16,2027-08-20,2027-08-16,TRUE,796,824
Visit_10,900,SUBJ0530,CH16,2027-11-18,2027-11-21,TRUE,886,914
Visit_11,990,SUBJ0530,CH16,2028-02-16,2028-02-18,TRUE,976,1004
Visit_12,1080,SUBJ0530,CH16,2028-05-16,2028-05-13,TRUE,1066,1094
Visit_13,1170,SUBJ0530,CH16,2028-08-14,2028-08-10,TRUE,1156,1184
End_of_Study,1080,SUBJ0530,CH16,2028-05-16,2028-05-16,TRUE,1066,1094
Safety_Followup,1170,SUBJ0530,CH16,2028-08-14,2028-08-18,TRUE,1156,1184
Screening,-7,SUBJ0531,CH04,2025-05-10,2025-05-16,TRUE,-21,7
Enrollment,0,SUBJ0531,CH04,2025-05-17,2025-05-13,TRUE,-14,14
Visit_1,90,SUBJ0531,CH04,2025-08-15,2025-08-17,TRUE,76,104
Visit_2,180,SUBJ0531,CH04,2025-11-13,2025-11-10,TRUE,166,194
Visit_3,270,SUBJ0531,CH04,2026-02-11,2026-02-08,TRUE,256,284
Visit_4,360,SUBJ0531,CH04,2026-05-12,2026-05-06,TRUE,346,374
Visit_5,450,SUBJ0531,CH04,2026-08-10,2026-08-16,TRUE,436,464
Visit_6,540,SUBJ0531,CH04,2026-11-08,2026-11-08,TRUE,526,554
Visit_7,630,SUBJ0531,CH04,2027-02-06,2027-02-05,TRUE,616,644
Visit_8,720,SUBJ0531,CH04,2027-05-07,2027-05-01,TRUE,706,734
Visit_9,810,SUBJ0531,CH04,2027-08-05,2027-07-30,TRUE,796,824
Visit_10,900,SUBJ0531,CH04,2027-11-03,2027-10-28,TRUE,886,914
Visit_11,990,SUBJ0531,CH04,2028-02-01,2028-02-01,TRUE,976,1004
Visit_12,1080,SUBJ0531,CH04,2028-05-01,2028-04-25,TRUE,1066,1094
Visit_13,1170,SUBJ0531,CH04,2028-07-30,2028-07-29,TRUE,1156,1184
End_of_Study,1080,SUBJ0531,CH04,2028-05-01,2028-04-27,TRUE,1066,1094
Safety_Followup,1170,SUBJ0531,CH04,2028-07-30,2028-07-27,TRUE,1156,1184
Screening,-7,SUBJ0532,CH17,2025-04-16,2025-04-12,TRUE,-21,7
Enrollment,0,SUBJ0532,CH17,2025-04-23,2025-04-27,TRUE,-14,14
Visit_1,90,SUBJ0532,CH17,2025-07-22,2025-07-16,TRUE,76,104
Visit_2,180,SUBJ0532,CH17,2025-10-20,2025-10-15,TRUE,166,194
Visit_3,270,SUBJ0532,CH17,2026-01-18,2026-01-12,TRUE,256,284
Visit_4,360,SUBJ0532,CH17,2026-04-18,2026-04-24,TRUE,346,374
Visit_5,450,SUBJ0532,CH17,2026-07-17,2026-07-19,TRUE,436,464
Visit_6,540,SUBJ0532,CH17,2026-10-15,2026-10-20,TRUE,526,554
Visit_7,630,SUBJ0532,CH17,2027-01-13,2027-01-08,TRUE,616,644
Visit_8,720,SUBJ0532,CH17,2027-04-13,2027-04-09,TRUE,706,734
Visit_9,810,SUBJ0532,CH17,2027-07-12,2027-07-06,TRUE,796,824
Visit_10,900,SUBJ0532,CH17,2027-10-10,2027-10-05,TRUE,886,914
Visit_11,990,SUBJ0532,CH17,2028-01-08,2028-01-15,TRUE,976,1004
Visit_12,1080,SUBJ0532,CH17,2028-04-07,2028-04-10,TRUE,1066,1094
Visit_13,1170,SUBJ0532,CH17,2028-07-06,2028-06-29,TRUE,1156,1184
End_of_Study,1080,SUBJ0532,CH17,2028-04-07,2028-04-02,TRUE,1066,1094
Safety_Followup,1170,SUBJ0532,CH17,2028-07-06,2028-07-03,TRUE,1156,1184
Screening,-7,SUBJ0533,CH02,2025-01-23,2025-01-16,TRUE,-21,7
Enrollment,0,SUBJ0533,CH02,2025-01-30,2025-01-27,TRUE,-14,14
Visit_1,90,SUBJ0533,CH02,2025-04-30,2025-04-27,TRUE,76,104
Visit_2,180,SUBJ0533,CH02,2025-07-29,2025-08-04,TRUE,166,194
Visit_3,270,SUBJ0533,CH02,2025-10-27,2025-11-03,TRUE,256,284
Visit_4,360,SUBJ0533,CH02,2026-01-25,2026-01-29,TRUE,346,374
Visit_5,450,SUBJ0533,CH02,2026-04-25,2026-04-29,TRUE,436,464
Visit_6,540,SUBJ0533,CH02,2026-07-24,2026-07-27,TRUE,526,554
Visit_7,630,SUBJ0533,CH02,2026-10-22,2026-10-19,TRUE,616,644
Visit_8,720,SUBJ0533,CH02,2027-01-20,2027-01-23,TRUE,706,734
Visit_9,810,SUBJ0533,CH02,2027-04-20,2027-04-19,TRUE,796,824
Visit_10,900,SUBJ0533,CH02,2027-07-19,2027-07-19,TRUE,886,914
Visit_11,990,SUBJ0533,CH02,2027-10-17,2027-10-11,TRUE,976,1004
Visit_12,1080,SUBJ0533,CH02,2028-01-15,2028-01-08,TRUE,1066,1094
Visit_13,1170,SUBJ0533,CH02,2028-04-14,2028-04-18,TRUE,1156,1184
End_of_Study,1080,SUBJ0533,CH02,2028-01-15,2028-01-12,TRUE,1066,1094
Safety_Followup,1170,SUBJ0533,CH02,2028-04-14,2028-04-11,TRUE,1156,1184
Screening,-7,SUBJ0534,CH10,2025-06-17,2025-06-18,TRUE,-21,7
Enrollment,0,SUBJ0534,CH10,2025-06-24,2025-06-19,TRUE,-14,14
Visit_1,90,SUBJ0534,CH10,2025-09-22,2025-09-25,TRUE,76,104
Visit_2,180,SUBJ0534,CH10,2025-12-21,2025-12-22,TRUE,166,194
Visit_3,270,SUBJ0534,CH10,2026-03-21,2026-03-15,TRUE,256,284
Visit_4,360,SUBJ0534,CH10,2026-06-19,2026-06-23,TRUE,346,374
Visit_5,450,SUBJ0534,CH10,2026-09-17,2026-09-13,TRUE,436,464
Visit_6,540,SUBJ0534,CH10,2026-12-16,2026-12-12,TRUE,526,554
Visit_7,630,SUBJ0534,CH10,2027-03-16,2027-03-23,TRUE,616,644
Visit_8,720,SUBJ0534,CH10,2027-06-14,2027-06-13,TRUE,706,734
Visit_9,810,SUBJ0534,CH10,2027-09-12,2027-09-18,TRUE,796,824
Visit_10,900,SUBJ0534,CH10,2027-12-11,2027-12-05,TRUE,886,914
Visit_11,990,SUBJ0534,CH10,2028-03-10,NA,FALSE,976,1004
Visit_12,1080,SUBJ0534,CH10,2028-06-08,NA,FALSE,1066,1094
Visit_13,1170,SUBJ0534,CH10,2028-09-06,NA,FALSE,1156,1184
End_of_Study,1080,SUBJ0534,CH10,2028-06-08,NA,FALSE,1066,1094
Safety_Followup,1170,SUBJ0534,CH10,2028-09-06,NA,FALSE,1156,1184
Screening,-7,SUBJ0535,CH03,2025-01-03,2025-01-10,TRUE,-21,7
Enrollment,0,SUBJ0535,CH03,2025-01-10,2025-01-17,TRUE,-14,14
Visit_1,90,SUBJ0535,CH03,2025-04-10,2025-04-14,TRUE,76,104
Visit_2,180,SUBJ0535,CH03,2025-07-09,2025-07-13,TRUE,166,194
Visit_3,270,SUBJ0535,CH03,2025-10-07,2025-10-06,TRUE,256,284
Visit_4,360,SUBJ0535,CH03,2026-01-05,2025-12-30,TRUE,346,374
Visit_5,450,SUBJ0535,CH03,2026-04-05,2026-04-12,TRUE,436,464
Visit_6,540,SUBJ0535,CH03,2026-07-04,2026-07-11,TRUE,526,554
Visit_7,630,SUBJ0535,CH03,2026-10-02,2026-09-27,TRUE,616,644
Visit_8,720,SUBJ0535,CH03,2026-12-31,2026-12-31,TRUE,706,734
Visit_9,810,SUBJ0535,CH03,2027-03-31,2027-03-27,TRUE,796,824
Visit_10,900,SUBJ0535,CH03,2027-06-29,2027-07-06,TRUE,886,914
Visit_11,990,SUBJ0535,CH03,2027-09-27,2027-09-26,TRUE,976,1004
Visit_12,1080,SUBJ0535,CH03,2027-12-26,2027-12-19,TRUE,1066,1094
Visit_13,1170,SUBJ0535,CH03,2028-03-25,2028-03-28,TRUE,1156,1184
End_of_Study,1080,SUBJ0535,CH03,2027-12-26,2028-01-01,TRUE,1066,1094
Safety_Followup,1170,SUBJ0535,CH03,2028-03-25,2028-03-19,TRUE,1156,1184
Screening,-7,SUBJ0536,CH11,2025-03-25,2025-03-18,TRUE,-21,7
Enrollment,0,SUBJ0536,CH11,2025-04-01,2025-03-27,TRUE,-14,14
Visit_1,90,SUBJ0536,CH11,2025-06-30,2025-07-03,TRUE,76,104
Visit_2,180,SUBJ0536,CH11,2025-09-28,2025-09-23,TRUE,166,194
Visit_3,270,SUBJ0536,CH11,2025-12-27,2025-12-30,TRUE,256,284
Visit_4,360,SUBJ0536,CH11,2026-03-27,2026-03-23,TRUE,346,374
Visit_5,450,SUBJ0536,CH11,2026-06-25,2026-06-29,TRUE,436,464
Visit_6,540,SUBJ0536,CH11,2026-09-23,2026-09-22,TRUE,526,554
Visit_7,630,SUBJ0536,CH11,2026-12-22,2026-12-23,TRUE,616,644
Visit_8,720,SUBJ0536,CH11,2027-03-22,2027-03-17,TRUE,706,734
Visit_9,810,SUBJ0536,CH11,2027-06-20,2027-06-25,TRUE,796,824
Visit_10,900,SUBJ0536,CH11,2027-09-18,2027-09-17,TRUE,886,914
Visit_11,990,SUBJ0536,CH11,2027-12-17,2027-12-20,TRUE,976,1004
Visit_12,1080,SUBJ0536,CH11,2028-03-16,2028-03-22,TRUE,1066,1094
Visit_13,1170,SUBJ0536,CH11,2028-06-14,2028-06-07,TRUE,1156,1184
End_of_Study,1080,SUBJ0536,CH11,2028-03-16,2028-03-16,TRUE,1066,1094
Safety_Followup,1170,SUBJ0536,CH11,2028-06-14,2028-06-08,TRUE,1156,1184
Screening,-7,SUBJ0537,CH01,2025-04-11,2025-04-07,TRUE,-21,7
Enrollment,0,SUBJ0537,CH01,2025-04-18,2025-04-22,TRUE,-14,14
Visit_1,90,SUBJ0537,CH01,2025-07-17,2025-07-18,TRUE,76,104
Visit_2,180,SUBJ0537,CH01,2025-10-15,2025-10-20,TRUE,166,194
Visit_3,270,SUBJ0537,CH01,2026-01-13,2026-01-08,TRUE,256,284
Visit_4,360,SUBJ0537,CH01,2026-04-13,2026-04-15,TRUE,346,374
Visit_5,450,SUBJ0537,CH01,2026-07-12,2026-07-15,TRUE,436,464
Visit_6,540,SUBJ0537,CH01,2026-10-10,2026-10-07,TRUE,526,554
Visit_7,630,SUBJ0537,CH01,2027-01-08,2027-01-14,TRUE,616,644
Visit_8,720,SUBJ0537,CH01,2027-04-08,2027-04-06,TRUE,706,734
Visit_9,810,SUBJ0537,CH01,2027-07-07,2027-07-08,TRUE,796,824
Visit_10,900,SUBJ0537,CH01,2027-10-05,2027-10-05,TRUE,886,914
Visit_11,990,SUBJ0537,CH01,2028-01-03,2027-12-29,TRUE,976,1004
Visit_12,1080,SUBJ0537,CH01,2028-04-02,2028-04-09,TRUE,1066,1094
Visit_13,1170,SUBJ0537,CH01,2028-07-01,2028-07-07,TRUE,1156,1184
End_of_Study,1080,SUBJ0537,CH01,2028-04-02,2028-03-27,TRUE,1066,1094
Safety_Followup,1170,SUBJ0537,CH01,2028-07-01,2028-07-07,TRUE,1156,1184
Screening,-7,SUBJ0538,CH06,2025-01-31,2025-01-25,TRUE,-21,7
Enrollment,0,SUBJ0538,CH06,2025-02-07,2025-02-06,TRUE,-14,14
Visit_1,90,SUBJ0538,CH06,2025-05-08,2025-05-08,TRUE,76,104
Visit_2,180,SUBJ0538,CH06,2025-08-06,2025-08-02,TRUE,166,194
Visit_3,270,SUBJ0538,CH06,2025-11-04,2025-10-31,TRUE,256,284
Visit_4,360,SUBJ0538,CH06,2026-02-02,2026-01-27,TRUE,346,374
Visit_5,450,SUBJ0538,CH06,2026-05-03,2026-04-29,TRUE,436,464
Visit_6,540,SUBJ0538,CH06,2026-08-01,2026-07-25,TRUE,526,554
Visit_7,630,SUBJ0538,CH06,2026-10-30,2026-11-04,TRUE,616,644
Visit_8,720,SUBJ0538,CH06,2027-01-28,2027-01-30,TRUE,706,734
Visit_9,810,SUBJ0538,CH06,2027-04-28,2027-04-21,TRUE,796,824
Visit_10,900,SUBJ0538,CH06,2027-07-27,2027-07-26,TRUE,886,914
Visit_11,990,SUBJ0538,CH06,2027-10-25,2027-10-18,TRUE,976,1004
Visit_12,1080,SUBJ0538,CH06,2028-01-23,2028-01-21,TRUE,1066,1094
Visit_13,1170,SUBJ0538,CH06,2028-04-22,2028-04-23,TRUE,1156,1184
End_of_Study,1080,SUBJ0538,CH06,2028-01-23,2028-01-21,TRUE,1066,1094
Safety_Followup,1170,SUBJ0538,CH06,2028-04-22,2028-04-18,TRUE,1156,1184
Screening,-7,SUBJ0539,CH14,2024-12-31,2024-12-27,TRUE,-21,7
Enrollment,0,SUBJ0539,CH14,2025-01-07,2025-01-06,TRUE,-14,14
Visit_1,90,SUBJ0539,CH14,2025-04-07,2025-04-01,TRUE,76,104
Visit_2,180,SUBJ0539,CH14,2025-07-06,2025-07-10,TRUE,166,194
Visit_3,270,SUBJ0539,CH14,2025-10-04,2025-09-27,TRUE,256,284
Visit_4,360,SUBJ0539,CH14,2026-01-02,2026-01-09,TRUE,346,374
Visit_5,450,SUBJ0539,CH14,2026-04-02,2026-04-02,TRUE,436,464
Visit_6,540,SUBJ0539,CH14,2026-07-01,2026-06-29,TRUE,526,554
Visit_7,630,SUBJ0539,CH14,2026-09-29,2026-09-23,TRUE,616,644
Visit_8,720,SUBJ0539,CH14,2026-12-28,2026-12-22,TRUE,706,734
Visit_9,810,SUBJ0539,CH14,2027-03-28,2027-03-25,TRUE,796,824
Visit_10,900,SUBJ0539,CH14,2027-06-26,2027-06-27,TRUE,886,914
Visit_11,990,SUBJ0539,CH14,2027-09-24,2027-09-28,TRUE,976,1004
Visit_12,1080,SUBJ0539,CH14,2027-12-23,2027-12-22,TRUE,1066,1094
Visit_13,1170,SUBJ0539,CH14,2028-03-22,2028-03-29,TRUE,1156,1184
End_of_Study,1080,SUBJ0539,CH14,2027-12-23,2027-12-19,TRUE,1066,1094
Safety_Followup,1170,SUBJ0539,CH14,2028-03-22,2028-03-26,TRUE,1156,1184
Screening,-7,SUBJ0540,CH17,2025-03-28,2025-04-03,TRUE,-21,7
Enrollment,0,SUBJ0540,CH17,2025-04-04,2025-03-28,TRUE,-14,14
Visit_1,90,SUBJ0540,CH17,2025-07-03,2025-06-28,TRUE,76,104
Visit_2,180,SUBJ0540,CH17,2025-10-01,2025-10-06,TRUE,166,194
Visit_3,270,SUBJ0540,CH17,2025-12-30,2025-12-29,TRUE,256,284
Visit_4,360,SUBJ0540,CH17,2026-03-30,2026-03-23,TRUE,346,374
Visit_5,450,SUBJ0540,CH17,2026-06-28,2026-06-21,TRUE,436,464
Visit_6,540,SUBJ0540,CH17,2026-09-26,2026-09-30,TRUE,526,554
Visit_7,630,SUBJ0540,CH17,2026-12-25,2026-12-25,TRUE,616,644
Visit_8,720,SUBJ0540,CH17,2027-03-25,2027-03-26,TRUE,706,734
Visit_9,810,SUBJ0540,CH17,2027-06-23,2027-06-25,TRUE,796,824
Visit_10,900,SUBJ0540,CH17,2027-09-21,2027-09-17,TRUE,886,914
Visit_11,990,SUBJ0540,CH17,2027-12-20,2027-12-27,TRUE,976,1004
Visit_12,1080,SUBJ0540,CH17,2028-03-19,2028-03-26,TRUE,1066,1094
Visit_13,1170,SUBJ0540,CH17,2028-06-17,2028-06-10,TRUE,1156,1184
End_of_Study,1080,SUBJ0540,CH17,2028-03-19,2028-03-22,TRUE,1066,1094
Safety_Followup,1170,SUBJ0540,CH17,2028-06-17,2028-06-21,TRUE,1156,1184
Screening,-7,SUBJ0541,FR02,2025-03-25,2025-04-01,TRUE,-21,7
Enrollment,0,SUBJ0541,FR02,2025-04-01,2025-04-01,TRUE,-14,14
Visit_1,90,SUBJ0541,FR02,2025-06-30,2025-07-05,TRUE,76,104
Visit_2,180,SUBJ0541,FR02,2025-09-28,2025-09-28,TRUE,166,194
Visit_3,270,SUBJ0541,FR02,2025-12-27,2025-12-24,TRUE,256,284
Visit_4,360,SUBJ0541,FR02,2026-03-27,2026-03-24,TRUE,346,374
Visit_5,450,SUBJ0541,FR02,2026-06-25,2026-06-26,TRUE,436,464
Visit_6,540,SUBJ0541,FR02,2026-09-23,2026-09-28,TRUE,526,554
Visit_7,630,SUBJ0541,FR02,2026-12-22,2026-12-27,TRUE,616,644
Visit_8,720,SUBJ0541,FR02,2027-03-22,2027-03-20,TRUE,706,734
Visit_9,810,SUBJ0541,FR02,2027-06-20,2027-06-13,TRUE,796,824
Visit_10,900,SUBJ0541,FR02,2027-09-18,2027-09-14,TRUE,886,914
Visit_11,990,SUBJ0541,FR02,2027-12-17,2027-12-17,TRUE,976,1004
Visit_12,1080,SUBJ0541,FR02,2028-03-16,2028-03-14,TRUE,1066,1094
Visit_13,1170,SUBJ0541,FR02,2028-06-14,2028-06-07,TRUE,1156,1184
End_of_Study,1080,SUBJ0541,FR02,2028-03-16,2028-03-20,TRUE,1066,1094
Safety_Followup,1170,SUBJ0541,FR02,2028-06-14,2028-06-21,TRUE,1156,1184
Screening,-7,SUBJ0542,CH01,2025-04-25,2025-04-27,TRUE,-21,7
Enrollment,0,SUBJ0542,CH01,2025-05-02,2025-04-28,TRUE,-14,14
Visit_1,90,SUBJ0542,CH01,2025-07-31,2025-08-04,TRUE,76,104
Visit_2,180,SUBJ0542,CH01,2025-10-29,2025-10-25,TRUE,166,194
Visit_3,270,SUBJ0542,CH01,2026-01-27,2026-01-27,TRUE,256,284
Visit_4,360,SUBJ0542,CH01,2026-04-27,2026-04-27,TRUE,346,374
Visit_5,450,SUBJ0542,CH01,2026-07-26,2026-07-28,TRUE,436,464
Visit_6,540,SUBJ0542,CH01,2026-10-24,2026-10-21,TRUE,526,554
Visit_7,630,SUBJ0542,CH01,2027-01-22,2027-01-16,TRUE,616,644
Visit_8,720,SUBJ0542,CH01,2027-04-22,2027-04-28,TRUE,706,734
Visit_9,810,SUBJ0542,CH01,2027-07-21,2027-07-17,TRUE,796,824
Visit_10,900,SUBJ0542,CH01,2027-10-19,2027-10-22,TRUE,886,914
Visit_11,990,SUBJ0542,CH01,2028-01-17,2028-01-19,TRUE,976,1004
Visit_12,1080,SUBJ0542,CH01,2028-04-16,2028-04-22,TRUE,1066,1094
Visit_13,1170,SUBJ0542,CH01,2028-07-15,2028-07-13,TRUE,1156,1184
End_of_Study,1080,SUBJ0542,CH01,2028-04-16,2028-04-11,TRUE,1066,1094
Safety_Followup,1170,SUBJ0542,CH01,2028-07-15,2028-07-12,TRUE,1156,1184
Screening,-7,SUBJ0543,CH11,2024-12-31,2024-12-30,TRUE,-21,7
Enrollment,0,SUBJ0543,CH11,2025-01-07,2025-01-04,TRUE,-14,14
Visit_1,90,SUBJ0543,CH11,2025-04-07,2025-04-03,TRUE,76,104
Visit_2,180,SUBJ0543,CH11,2025-07-06,2025-07-09,TRUE,166,194
Visit_3,270,SUBJ0543,CH11,2025-10-04,2025-10-10,TRUE,256,284
Visit_4,360,SUBJ0543,CH11,2026-01-02,2026-01-03,TRUE,346,374
Visit_5,450,SUBJ0543,CH11,2026-04-02,2026-04-01,TRUE,436,464
Visit_6,540,SUBJ0543,CH11,2026-07-01,2026-07-05,TRUE,526,554
Visit_7,630,SUBJ0543,CH11,2026-09-29,2026-10-01,TRUE,616,644
Visit_8,720,SUBJ0543,CH11,2026-12-28,2026-12-26,TRUE,706,734
Visit_9,810,SUBJ0543,CH11,2027-03-28,2027-03-28,TRUE,796,824
Visit_10,900,SUBJ0543,CH11,2027-06-26,2027-06-24,TRUE,886,914
Visit_11,990,SUBJ0543,CH11,2027-09-24,2027-09-30,TRUE,976,1004
Visit_12,1080,SUBJ0543,CH11,2027-12-23,2027-12-23,TRUE,1066,1094
Visit_13,1170,SUBJ0543,CH11,2028-03-22,2028-03-23,TRUE,1156,1184
End_of_Study,1080,SUBJ0543,CH11,2027-12-23,2027-12-21,TRUE,1066,1094
Safety_Followup,1170,SUBJ0543,CH11,2028-03-22,2028-03-27,TRUE,1156,1184
Screening,-7,SUBJ0544,CH07,2025-04-30,2025-04-25,TRUE,-21,7
Enrollment,0,SUBJ0544,CH07,2025-05-07,2025-05-01,TRUE,-14,14
Visit_1,90,SUBJ0544,CH07,2025-08-05,2025-08-03,TRUE,76,104
Visit_2,180,SUBJ0544,CH07,2025-11-03,2025-11-02,TRUE,166,194
Visit_3,270,SUBJ0544,CH07,2026-02-01,2026-02-08,TRUE,256,284
Visit_4,360,SUBJ0544,CH07,2026-05-02,2026-05-04,TRUE,346,374
Visit_5,450,SUBJ0544,CH07,2026-07-31,2026-08-04,TRUE,436,464
Visit_6,540,SUBJ0544,CH07,2026-10-29,2026-11-05,TRUE,526,554
Visit_7,630,SUBJ0544,CH07,2027-01-27,2027-01-26,TRUE,616,644
Visit_8,720,SUBJ0544,CH07,2027-04-27,2027-04-23,TRUE,706,734
Visit_9,810,SUBJ0544,CH07,2027-07-26,2027-07-21,TRUE,796,824
Visit_10,900,SUBJ0544,CH07,2027-10-24,2027-10-31,TRUE,886,914
Visit_11,990,SUBJ0544,CH07,2028-01-22,2028-01-18,TRUE,976,1004
Visit_12,1080,SUBJ0544,CH07,2028-04-21,2028-04-28,TRUE,1066,1094
Visit_13,1170,SUBJ0544,CH07,2028-07-20,2028-07-18,TRUE,1156,1184
End_of_Study,1080,SUBJ0544,CH07,2028-04-21,2028-04-22,TRUE,1066,1094
Safety_Followup,1170,SUBJ0544,CH07,2028-07-20,2028-07-22,TRUE,1156,1184
Screening,-7,SUBJ0545,CH05,2025-02-08,2025-02-12,TRUE,-21,7
Enrollment,0,SUBJ0545,CH05,2025-02-15,2025-02-15,TRUE,-14,14
Visit_1,90,SUBJ0545,CH05,2025-05-16,2025-05-12,TRUE,76,104
Visit_2,180,SUBJ0545,CH05,2025-08-14,2025-08-10,TRUE,166,194
Visit_3,270,SUBJ0545,CH05,2025-11-12,2025-11-13,TRUE,256,284
Visit_4,360,SUBJ0545,CH05,2026-02-10,2026-02-16,TRUE,346,374
Visit_5,450,SUBJ0545,CH05,2026-05-11,2026-05-12,TRUE,436,464
Visit_6,540,SUBJ0545,CH05,2026-08-09,2026-08-09,TRUE,526,554
Visit_7,630,SUBJ0545,CH05,2026-11-07,2026-11-01,TRUE,616,644
Visit_8,720,SUBJ0545,CH05,2027-02-05,2027-01-31,TRUE,706,734
Visit_9,810,SUBJ0545,CH05,2027-05-06,2027-05-04,TRUE,796,824
Visit_10,900,SUBJ0545,CH05,2027-08-04,2027-08-08,TRUE,886,914
Visit_11,990,SUBJ0545,CH05,2027-11-02,2027-10-31,TRUE,976,1004
Visit_12,1080,SUBJ0545,CH05,2028-01-31,2028-01-28,TRUE,1066,1094
Visit_13,1170,SUBJ0545,CH05,2028-04-30,2028-05-07,TRUE,1156,1184
End_of_Study,1080,SUBJ0545,CH05,2028-01-31,2028-01-25,TRUE,1066,1094
Safety_Followup,1170,SUBJ0545,CH05,2028-04-30,2028-04-24,TRUE,1156,1184
Screening,-7,SUBJ0546,CH09,2025-02-08,2025-02-06,TRUE,-21,7
Enrollment,0,SUBJ0546,CH09,2025-02-15,2025-02-09,TRUE,-14,14
Visit_1,90,SUBJ0546,CH09,2025-05-16,2025-05-19,TRUE,76,104
Visit_2,180,SUBJ0546,CH09,2025-08-14,2025-08-09,TRUE,166,194
Visit_3,270,SUBJ0546,CH09,2025-11-12,2025-11-10,TRUE,256,284
Visit_4,360,SUBJ0546,CH09,2026-02-10,2026-02-04,TRUE,346,374
Visit_5,450,SUBJ0546,CH09,2026-05-11,2026-05-09,TRUE,436,464
Visit_6,540,SUBJ0546,CH09,2026-08-09,2026-08-11,TRUE,526,554
Visit_7,630,SUBJ0546,CH09,2026-11-07,2026-11-13,TRUE,616,644
Visit_8,720,SUBJ0546,CH09,2027-02-05,2027-02-04,TRUE,706,734
Visit_9,810,SUBJ0546,CH09,2027-05-06,2027-05-04,TRUE,796,824
Visit_10,900,SUBJ0546,CH09,2027-08-04,2027-08-09,TRUE,886,914
Visit_11,990,SUBJ0546,CH09,2027-11-02,2027-11-07,TRUE,976,1004
Visit_12,1080,SUBJ0546,CH09,2028-01-31,2028-01-26,TRUE,1066,1094
Visit_13,1170,SUBJ0546,CH09,2028-04-30,2028-04-28,TRUE,1156,1184
End_of_Study,1080,SUBJ0546,CH09,2028-01-31,2028-01-30,TRUE,1066,1094
Safety_Followup,1170,SUBJ0546,CH09,2028-04-30,2028-04-28,TRUE,1156,1184
Screening,-7,SUBJ0547,CH09,2025-01-25,2025-01-26,TRUE,-21,7
Enrollment,0,SUBJ0547,CH09,2025-02-01,2025-01-27,TRUE,-14,14
Visit_1,90,SUBJ0547,CH09,2025-05-02,2025-04-25,TRUE,76,104
Visit_2,180,SUBJ0547,CH09,2025-07-31,2025-07-31,TRUE,166,194
Visit_3,270,SUBJ0547,CH09,2025-10-29,2025-10-28,TRUE,256,284
Visit_4,360,SUBJ0547,CH09,2026-01-27,2026-01-22,TRUE,346,374
Visit_5,450,SUBJ0547,CH09,2026-04-27,2026-04-25,TRUE,436,464
Visit_6,540,SUBJ0547,CH09,2026-07-26,2026-07-27,TRUE,526,554
Visit_7,630,SUBJ0547,CH09,2026-10-24,2026-10-22,TRUE,616,644
Visit_8,720,SUBJ0547,CH09,2027-01-22,2027-01-21,TRUE,706,734
Visit_9,810,SUBJ0547,CH09,2027-04-22,2027-04-27,TRUE,796,824
Visit_10,900,SUBJ0547,CH09,2027-07-21,2027-07-16,TRUE,886,914
Visit_11,990,SUBJ0547,CH09,2027-10-19,2027-10-14,TRUE,976,1004
Visit_12,1080,SUBJ0547,CH09,2028-01-17,2028-01-13,TRUE,1066,1094
Visit_13,1170,SUBJ0547,CH09,2028-04-16,2028-04-22,TRUE,1156,1184
End_of_Study,1080,SUBJ0547,CH09,2028-01-17,2028-01-13,TRUE,1066,1094
Safety_Followup,1170,SUBJ0547,CH09,2028-04-16,2028-04-21,TRUE,1156,1184
Screening,-7,SUBJ0548,CH03,2025-04-20,2025-04-27,TRUE,-21,7
Enrollment,0,SUBJ0548,CH03,2025-04-27,2025-04-28,TRUE,-14,14
Visit_1,90,SUBJ0548,CH03,2025-07-26,2025-07-24,TRUE,76,104
Visit_2,180,SUBJ0548,CH03,2025-10-24,2025-10-30,TRUE,166,194
Visit_3,270,SUBJ0548,CH03,2026-01-22,2026-01-23,TRUE,256,284
Visit_4,360,SUBJ0548,CH03,2026-04-22,2026-04-26,TRUE,346,374
Visit_5,450,SUBJ0548,CH03,2026-07-21,2026-07-23,TRUE,436,464
Visit_6,540,SUBJ0548,CH03,2026-10-19,2026-10-17,TRUE,526,554
Visit_7,630,SUBJ0548,CH03,2027-01-17,2027-01-10,TRUE,616,644
Visit_8,720,SUBJ0548,CH03,2027-04-17,2027-04-16,TRUE,706,734
Visit_9,810,SUBJ0548,CH03,2027-07-16,2027-07-17,TRUE,796,824
Visit_10,900,SUBJ0548,CH03,2027-10-14,2027-10-15,TRUE,886,914
Visit_11,990,SUBJ0548,CH03,2028-01-12,2028-01-14,TRUE,976,1004
Visit_12,1080,SUBJ0548,CH03,2028-04-11,2028-04-08,TRUE,1066,1094
Visit_13,1170,SUBJ0548,CH03,2028-07-10,2028-07-07,TRUE,1156,1184
End_of_Study,1080,SUBJ0548,CH03,2028-04-11,2028-04-07,TRUE,1066,1094
Safety_Followup,1170,SUBJ0548,CH03,2028-07-10,2028-07-15,TRUE,1156,1184
Screening,-7,SUBJ0549,CH12,2025-04-22,2025-04-15,TRUE,-21,7
Enrollment,0,SUBJ0549,CH12,2025-04-29,2025-04-24,TRUE,-14,14
Visit_1,90,SUBJ0549,CH12,2025-07-28,2025-07-31,TRUE,76,104
Visit_2,180,SUBJ0549,CH12,2025-10-26,2025-10-24,TRUE,166,194
Visit_3,270,SUBJ0549,CH12,2026-01-24,2026-01-23,TRUE,256,284
Visit_4,360,SUBJ0549,CH12,2026-04-24,2026-04-25,TRUE,346,374
Visit_5,450,SUBJ0549,CH12,2026-07-23,2026-07-28,TRUE,436,464
Visit_6,540,SUBJ0549,CH12,2026-10-21,2026-10-16,TRUE,526,554
Visit_7,630,SUBJ0549,CH12,2027-01-19,2027-01-25,TRUE,616,644
Visit_8,720,SUBJ0549,CH12,2027-04-19,2027-04-17,TRUE,706,734
Visit_9,810,SUBJ0549,CH12,2027-07-18,2027-07-18,TRUE,796,824
Visit_10,900,SUBJ0549,CH12,2027-10-16,2027-10-13,TRUE,886,914
Visit_11,990,SUBJ0549,CH12,2028-01-14,2028-01-13,TRUE,976,1004
Visit_12,1080,SUBJ0549,CH12,2028-04-13,2028-04-11,TRUE,1066,1094
Visit_13,1170,SUBJ0549,CH12,2028-07-12,2028-07-12,TRUE,1156,1184
End_of_Study,1080,SUBJ0549,CH12,2028-04-13,2028-04-08,TRUE,1066,1094
Safety_Followup,1170,SUBJ0549,CH12,2028-07-12,2028-07-17,TRUE,1156,1184
Screening,-7,SUBJ0550,CH13,2024-12-29,2024-12-30,TRUE,-21,7
Enrollment,0,SUBJ0550,CH13,2025-01-05,2025-01-10,TRUE,-14,14
Visit_1,90,SUBJ0550,CH13,2025-04-05,2025-04-01,TRUE,76,104
Visit_2,180,SUBJ0550,CH13,2025-07-04,2025-07-09,TRUE,166,194
Visit_3,270,SUBJ0550,CH13,2025-10-02,2025-09-30,TRUE,256,284
Visit_4,360,SUBJ0550,CH13,2025-12-31,2025-12-31,TRUE,346,374
Visit_5,450,SUBJ0550,CH13,2026-03-31,2026-03-25,TRUE,436,464
Visit_6,540,SUBJ0550,CH13,2026-06-29,2026-07-03,TRUE,526,554
Visit_7,630,SUBJ0550,CH13,2026-09-27,2026-09-22,TRUE,616,644
Visit_8,720,SUBJ0550,CH13,2026-12-26,2026-12-24,TRUE,706,734
Visit_9,810,SUBJ0550,CH13,2027-03-26,2027-03-24,TRUE,796,824
Visit_10,900,SUBJ0550,CH13,2027-06-24,2027-06-28,TRUE,886,914
Visit_11,990,SUBJ0550,CH13,2027-09-22,2027-09-17,TRUE,976,1004
Visit_12,1080,SUBJ0550,CH13,2027-12-21,2027-12-23,TRUE,1066,1094
Visit_13,1170,SUBJ0550,CH13,2028-03-20,2028-03-23,TRUE,1156,1184
End_of_Study,1080,SUBJ0550,CH13,2027-12-21,2027-12-16,TRUE,1066,1094
Safety_Followup,1170,SUBJ0550,CH13,2028-03-20,2028-03-15,TRUE,1156,1184
Screening,-7,SUBJ0551,CH16,2025-02-01,2025-01-28,TRUE,-21,7
Enrollment,0,SUBJ0551,CH16,2025-02-08,2025-02-04,TRUE,-14,14
Visit_1,90,SUBJ0551,CH16,2025-05-09,2025-05-04,TRUE,76,104
Visit_2,180,SUBJ0551,CH16,2025-08-07,2025-08-02,TRUE,166,194
Visit_3,270,SUBJ0551,CH16,2025-11-05,2025-11-11,TRUE,256,284
Visit_4,360,SUBJ0551,CH16,2026-02-03,2026-02-01,TRUE,346,374
Visit_5,450,SUBJ0551,CH16,2026-05-04,2026-05-01,TRUE,436,464
Visit_6,540,SUBJ0551,CH16,2026-08-02,2026-07-29,TRUE,526,554
Visit_7,630,SUBJ0551,CH16,2026-10-31,2026-11-02,TRUE,616,644
Visit_8,720,SUBJ0551,CH16,2027-01-29,2027-01-27,TRUE,706,734
Visit_9,810,SUBJ0551,CH16,2027-04-29,2027-04-22,TRUE,796,824
Visit_10,900,SUBJ0551,CH16,2027-07-28,2027-08-04,TRUE,886,914
Visit_11,990,SUBJ0551,CH16,2027-10-26,2027-10-31,TRUE,976,1004
Visit_12,1080,SUBJ0551,CH16,2028-01-24,2028-01-28,TRUE,1066,1094
Visit_13,1170,SUBJ0551,CH16,2028-04-23,2028-04-30,TRUE,1156,1184
End_of_Study,1080,SUBJ0551,CH16,2028-01-24,2028-01-25,TRUE,1066,1094
Safety_Followup,1170,SUBJ0551,CH16,2028-04-23,2028-04-28,TRUE,1156,1184
Screening,-7,SUBJ0552,CH05,2025-02-17,2025-02-24,TRUE,-21,7
Enrollment,0,SUBJ0552,CH05,2025-02-24,2025-02-24,TRUE,-14,14
Visit_1,90,SUBJ0552,CH05,2025-05-25,2025-05-19,TRUE,76,104
Visit_2,180,SUBJ0552,CH05,2025-08-23,2025-08-18,TRUE,166,194
Visit_3,270,SUBJ0552,CH05,2025-11-21,2025-11-26,TRUE,256,284
Visit_4,360,SUBJ0552,CH05,2026-02-19,2026-02-20,TRUE,346,374
Visit_5,450,SUBJ0552,CH05,2026-05-20,2026-05-27,TRUE,436,464
Visit_6,540,SUBJ0552,CH05,2026-08-18,2026-08-24,TRUE,526,554
Visit_7,630,SUBJ0552,CH05,2026-11-16,2026-11-12,TRUE,616,644
Visit_8,720,SUBJ0552,CH05,2027-02-14,2027-02-07,TRUE,706,734
Visit_9,810,SUBJ0552,CH05,2027-05-15,2027-05-14,TRUE,796,824
Visit_10,900,SUBJ0552,CH05,2027-08-13,2027-08-14,TRUE,886,914
Visit_11,990,SUBJ0552,CH05,2027-11-11,2027-11-05,TRUE,976,1004
Visit_12,1080,SUBJ0552,CH05,2028-02-09,2028-02-09,TRUE,1066,1094
Visit_13,1170,SUBJ0552,CH05,2028-05-09,2028-05-09,TRUE,1156,1184
End_of_Study,1080,SUBJ0552,CH05,2028-02-09,2028-02-10,TRUE,1066,1094
Safety_Followup,1170,SUBJ0552,CH05,2028-05-09,2028-05-04,TRUE,1156,1184
Screening,-7,SUBJ0553,CH17,2025-02-02,2025-02-04,TRUE,-21,7
Enrollment,0,SUBJ0553,CH17,2025-02-09,2025-02-12,TRUE,-14,14
Visit_1,90,SUBJ0553,CH17,2025-05-10,2025-05-05,TRUE,76,104
Visit_2,180,SUBJ0553,CH17,2025-08-08,2025-08-13,TRUE,166,194
Visit_3,270,SUBJ0553,CH17,2025-11-06,2025-11-07,TRUE,256,284
Visit_4,360,SUBJ0553,CH17,2026-02-04,NA,FALSE,346,374
Visit_5,450,SUBJ0553,CH17,2026-05-05,NA,FALSE,436,464
Visit_6,540,SUBJ0553,CH17,2026-08-03,NA,FALSE,526,554
Visit_7,630,SUBJ0553,CH17,2026-11-01,NA,FALSE,616,644
Visit_8,720,SUBJ0553,CH17,2027-01-30,NA,FALSE,706,734
Visit_9,810,SUBJ0553,CH17,2027-04-30,NA,FALSE,796,824
Visit_10,900,SUBJ0553,CH17,2027-07-29,NA,FALSE,886,914
Visit_11,990,SUBJ0553,CH17,2027-10-27,NA,FALSE,976,1004
Visit_12,1080,SUBJ0553,CH17,2028-01-25,NA,FALSE,1066,1094
Visit_13,1170,SUBJ0553,CH17,2028-04-24,NA,FALSE,1156,1184
End_of_Study,1080,SUBJ0553,CH17,2028-01-25,NA,FALSE,1066,1094
Safety_Followup,1170,SUBJ0553,CH17,2028-04-24,NA,FALSE,1156,1184
Screening,-7,SUBJ0554,CH03,2025-05-11,2025-05-11,TRUE,-21,7
Enrollment,0,SUBJ0554,CH03,2025-05-18,2025-05-19,TRUE,-14,14
Visit_1,90,SUBJ0554,CH03,2025-08-16,2025-08-12,TRUE,76,104
Visit_2,180,SUBJ0554,CH03,2025-11-14,2025-11-13,TRUE,166,194
Visit_3,270,SUBJ0554,CH03,2026-02-12,2026-02-05,TRUE,256,284
Visit_4,360,SUBJ0554,CH03,2026-05-13,2026-05-09,TRUE,346,374
Visit_5,450,SUBJ0554,CH03,2026-08-11,2026-08-15,TRUE,436,464
Visit_6,540,SUBJ0554,CH03,2026-11-09,2026-11-05,TRUE,526,554
Visit_7,630,SUBJ0554,CH03,2027-02-07,2027-01-31,TRUE,616,644
Visit_8,720,SUBJ0554,CH03,2027-05-08,2027-05-14,TRUE,706,734
Visit_9,810,SUBJ0554,CH03,2027-08-06,2027-08-07,TRUE,796,824
Visit_10,900,SUBJ0554,CH03,2027-11-04,2027-10-28,TRUE,886,914
Visit_11,990,SUBJ0554,CH03,2028-02-02,2028-02-08,TRUE,976,1004
Visit_12,1080,SUBJ0554,CH03,2028-05-02,2028-05-07,TRUE,1066,1094
Visit_13,1170,SUBJ0554,CH03,2028-07-31,2028-07-31,TRUE,1156,1184
End_of_Study,1080,SUBJ0554,CH03,2028-05-02,2028-05-07,TRUE,1066,1094
Safety_Followup,1170,SUBJ0554,CH03,2028-07-31,2028-08-03,TRUE,1156,1184
Screening,-7,SUBJ0555,CH16,2025-04-03,2025-04-05,TRUE,-21,7
Enrollment,0,SUBJ0555,CH16,2025-04-10,2025-04-12,TRUE,-14,14
Visit_1,90,SUBJ0555,CH16,2025-07-09,2025-07-09,TRUE,76,104
Visit_2,180,SUBJ0555,CH16,2025-10-07,2025-10-01,TRUE,166,194
Visit_3,270,SUBJ0555,CH16,2026-01-05,2026-01-11,TRUE,256,284
Visit_4,360,SUBJ0555,CH16,2026-04-05,2026-04-06,TRUE,346,374
Visit_5,450,SUBJ0555,CH16,2026-07-04,2026-06-28,TRUE,436,464
Visit_6,540,SUBJ0555,CH16,2026-10-02,2026-09-28,TRUE,526,554
Visit_7,630,SUBJ0555,CH16,2026-12-31,2026-12-30,TRUE,616,644
Visit_8,720,SUBJ0555,CH16,2027-03-31,2027-04-06,TRUE,706,734
Visit_9,810,SUBJ0555,CH16,2027-06-29,2027-06-23,TRUE,796,824
Visit_10,900,SUBJ0555,CH16,2027-09-27,2027-09-30,TRUE,886,914
Visit_11,990,SUBJ0555,CH16,2027-12-26,2027-12-25,TRUE,976,1004
Visit_12,1080,SUBJ0555,CH16,2028-03-25,2028-04-01,TRUE,1066,1094
Visit_13,1170,SUBJ0555,CH16,2028-06-23,2028-06-20,TRUE,1156,1184
End_of_Study,1080,SUBJ0555,CH16,2028-03-25,2028-03-27,TRUE,1066,1094
Safety_Followup,1170,SUBJ0555,CH16,2028-06-23,2028-06-16,TRUE,1156,1184
Screening,-7,SUBJ0556,CH01,2025-03-07,2025-02-28,TRUE,-21,7
Enrollment,0,SUBJ0556,CH01,2025-03-14,2025-03-09,TRUE,-14,14
Visit_1,90,SUBJ0556,CH01,2025-06-12,2025-06-18,TRUE,76,104
Visit_2,180,SUBJ0556,CH01,2025-09-10,2025-09-15,TRUE,166,194
Visit_3,270,SUBJ0556,CH01,2025-12-09,2025-12-14,TRUE,256,284
Visit_4,360,SUBJ0556,CH01,2026-03-09,2026-03-04,TRUE,346,374
Visit_5,450,SUBJ0556,CH01,2026-06-07,2026-06-10,TRUE,436,464
Visit_6,540,SUBJ0556,CH01,2026-09-05,2026-09-05,TRUE,526,554
Visit_7,630,SUBJ0556,CH01,2026-12-04,2026-11-30,TRUE,616,644
Visit_8,720,SUBJ0556,CH01,2027-03-04,2027-03-07,TRUE,706,734
Visit_9,810,SUBJ0556,CH01,2027-06-02,2027-05-29,TRUE,796,824
Visit_10,900,SUBJ0556,CH01,2027-08-31,2027-08-25,TRUE,886,914
Visit_11,990,SUBJ0556,CH01,2027-11-29,2027-12-06,TRUE,976,1004
Visit_12,1080,SUBJ0556,CH01,2028-02-27,2028-02-23,TRUE,1066,1094
Visit_13,1170,SUBJ0556,CH01,2028-05-27,2028-06-03,TRUE,1156,1184
End_of_Study,1080,SUBJ0556,CH01,2028-02-27,2028-02-29,TRUE,1066,1094
Safety_Followup,1170,SUBJ0556,CH01,2028-05-27,2028-05-27,TRUE,1156,1184
Screening,-7,SUBJ0557,CH08,2025-01-04,2025-01-10,TRUE,-21,7
Enrollment,0,SUBJ0557,CH08,2025-01-11,2025-01-16,TRUE,-14,14
Visit_1,90,SUBJ0557,CH08,2025-04-11,2025-04-13,TRUE,76,104
Visit_2,180,SUBJ0557,CH08,2025-07-10,2025-07-03,TRUE,166,194
Visit_3,270,SUBJ0557,CH08,2025-10-08,2025-10-01,TRUE,256,284
Visit_4,360,SUBJ0557,CH08,2026-01-06,2026-01-10,TRUE,346,374
Visit_5,450,SUBJ0557,CH08,2026-04-06,2026-04-03,TRUE,436,464
Visit_6,540,SUBJ0557,CH08,2026-07-05,NA,FALSE,526,554
Visit_7,630,SUBJ0557,CH08,2026-10-03,NA,FALSE,616,644
Visit_8,720,SUBJ0557,CH08,2027-01-01,NA,FALSE,706,734
Visit_9,810,SUBJ0557,CH08,2027-04-01,NA,FALSE,796,824
Visit_10,900,SUBJ0557,CH08,2027-06-30,NA,FALSE,886,914
Visit_11,990,SUBJ0557,CH08,2027-09-28,NA,FALSE,976,1004
Visit_12,1080,SUBJ0557,CH08,2027-12-27,NA,FALSE,1066,1094
Visit_13,1170,SUBJ0557,CH08,2028-03-26,NA,FALSE,1156,1184
End_of_Study,1080,SUBJ0557,CH08,2027-12-27,NA,FALSE,1066,1094
Safety_Followup,1170,SUBJ0557,CH08,2028-03-26,NA,FALSE,1156,1184
Screening,-7,SUBJ0558,CH08,2024-12-30,2024-12-28,TRUE,-21,7
Enrollment,0,SUBJ0558,CH08,2025-01-06,2024-12-30,TRUE,-14,14
Visit_1,90,SUBJ0558,CH08,2025-04-06,2025-04-08,TRUE,76,104
Visit_2,180,SUBJ0558,CH08,2025-07-05,2025-06-30,TRUE,166,194
Visit_3,270,SUBJ0558,CH08,2025-10-03,2025-09-28,TRUE,256,284
Visit_4,360,SUBJ0558,CH08,2026-01-01,2025-12-30,TRUE,346,374
Visit_5,450,SUBJ0558,CH08,2026-04-01,2026-04-03,TRUE,436,464
Visit_6,540,SUBJ0558,CH08,2026-06-30,2026-07-02,TRUE,526,554
Visit_7,630,SUBJ0558,CH08,2026-09-28,2026-09-21,TRUE,616,644
Visit_8,720,SUBJ0558,CH08,2026-12-27,2026-12-27,TRUE,706,734
Visit_9,810,SUBJ0558,CH08,2027-03-27,2027-03-24,TRUE,796,824
Visit_10,900,SUBJ0558,CH08,2027-06-25,2027-06-28,TRUE,886,914
Visit_11,990,SUBJ0558,CH08,2027-09-23,2027-09-28,TRUE,976,1004
Visit_12,1080,SUBJ0558,CH08,2027-12-22,2027-12-29,TRUE,1066,1094
Visit_13,1170,SUBJ0558,CH08,2028-03-21,2028-03-27,TRUE,1156,1184
End_of_Study,1080,SUBJ0558,CH08,2027-12-22,2027-12-28,TRUE,1066,1094
Safety_Followup,1170,SUBJ0558,CH08,2028-03-21,2028-03-17,TRUE,1156,1184
Screening,-7,SUBJ0559,CH06,2025-03-15,2025-03-09,TRUE,-21,7
Enrollment,0,SUBJ0559,CH06,2025-03-22,2025-03-22,TRUE,-14,14
Visit_1,90,SUBJ0559,CH06,2025-06-20,2025-06-15,TRUE,76,104
Visit_2,180,SUBJ0559,CH06,2025-09-18,2025-09-16,TRUE,166,194
Visit_3,270,SUBJ0559,CH06,2025-12-17,2025-12-10,TRUE,256,284
Visit_4,360,SUBJ0559,CH06,2026-03-17,2026-03-12,TRUE,346,374
Visit_5,450,SUBJ0559,CH06,2026-06-15,2026-06-13,TRUE,436,464
Visit_6,540,SUBJ0559,CH06,2026-09-13,2026-09-18,TRUE,526,554
Visit_7,630,SUBJ0559,CH06,2026-12-12,2026-12-09,TRUE,616,644
Visit_8,720,SUBJ0559,CH06,2027-03-12,2027-03-17,TRUE,706,734
Visit_9,810,SUBJ0559,CH06,2027-06-10,2027-06-09,TRUE,796,824
Visit_10,900,SUBJ0559,CH06,2027-09-08,2027-09-14,TRUE,886,914
Visit_11,990,SUBJ0559,CH06,2027-12-07,2027-12-02,TRUE,976,1004
Visit_12,1080,SUBJ0559,CH06,2028-03-06,2028-03-02,TRUE,1066,1094
Visit_13,1170,SUBJ0559,CH06,2028-06-04,2028-06-10,TRUE,1156,1184
End_of_Study,1080,SUBJ0559,CH06,2028-03-06,2028-03-05,TRUE,1066,1094
Safety_Followup,1170,SUBJ0559,CH06,2028-06-04,2028-06-02,TRUE,1156,1184
Screening,-7,SUBJ0560,CH09,2025-02-20,2025-02-24,TRUE,-21,7
Enrollment,0,SUBJ0560,CH09,2025-02-27,2025-02-28,TRUE,-14,14
Visit_1,90,SUBJ0560,CH09,2025-05-28,2025-06-01,TRUE,76,104
Visit_2,180,SUBJ0560,CH09,2025-08-26,2025-08-29,TRUE,166,194
Visit_3,270,SUBJ0560,CH09,2025-11-24,2025-11-20,TRUE,256,284
Visit_4,360,SUBJ0560,CH09,2026-02-22,2026-02-18,TRUE,346,374
Visit_5,450,SUBJ0560,CH09,2026-05-23,2026-05-28,TRUE,436,464
Visit_6,540,SUBJ0560,CH09,2026-08-21,2026-08-25,TRUE,526,554
Visit_7,630,SUBJ0560,CH09,2026-11-19,2026-11-18,TRUE,616,644
Visit_8,720,SUBJ0560,CH09,2027-02-17,2027-02-13,TRUE,706,734
Visit_9,810,SUBJ0560,CH09,2027-05-18,2027-05-16,TRUE,796,824
Visit_10,900,SUBJ0560,CH09,2027-08-16,2027-08-10,TRUE,886,914
Visit_11,990,SUBJ0560,CH09,2027-11-14,2027-11-19,TRUE,976,1004
Visit_12,1080,SUBJ0560,CH09,2028-02-12,2028-02-15,TRUE,1066,1094
Visit_13,1170,SUBJ0560,CH09,2028-05-12,2028-05-09,TRUE,1156,1184
End_of_Study,1080,SUBJ0560,CH09,2028-02-12,2028-02-05,TRUE,1066,1094
Safety_Followup,1170,SUBJ0560,CH09,2028-05-12,2028-05-09,TRUE,1156,1184
Screening,-7,SUBJ0561,CH05,2025-02-14,2025-02-17,TRUE,-21,7
Enrollment,0,SUBJ0561,CH05,2025-02-21,2025-02-22,TRUE,-14,14
Visit_1,90,SUBJ0561,CH05,2025-05-22,2025-05-21,TRUE,76,104
Visit_2,180,SUBJ0561,CH05,2025-08-20,2025-08-20,TRUE,166,194
Visit_3,270,SUBJ0561,CH05,2025-11-18,2025-11-17,TRUE,256,284
Visit_4,360,SUBJ0561,CH05,2026-02-16,2026-02-11,TRUE,346,374
Visit_5,450,SUBJ0561,CH05,2026-05-17,2026-05-17,TRUE,436,464
Visit_6,540,SUBJ0561,CH05,2026-08-15,2026-08-10,TRUE,526,554
Visit_7,630,SUBJ0561,CH05,2026-11-13,2026-11-20,TRUE,616,644
Visit_8,720,SUBJ0561,CH05,2027-02-11,2027-02-04,TRUE,706,734
Visit_9,810,SUBJ0561,CH05,2027-05-12,2027-05-19,TRUE,796,824
Visit_10,900,SUBJ0561,CH05,2027-08-10,2027-08-14,TRUE,886,914
Visit_11,990,SUBJ0561,CH05,2027-11-08,2027-11-14,TRUE,976,1004
Visit_12,1080,SUBJ0561,CH05,2028-02-06,2028-02-04,TRUE,1066,1094
Visit_13,1170,SUBJ0561,CH05,2028-05-06,2028-05-02,TRUE,1156,1184
End_of_Study,1080,SUBJ0561,CH05,2028-02-06,2028-02-05,TRUE,1066,1094
Safety_Followup,1170,SUBJ0561,CH05,2028-05-06,2028-05-05,TRUE,1156,1184
Screening,-7,SUBJ0562,CH12,2025-05-24,2025-05-20,TRUE,-21,7
Enrollment,0,SUBJ0562,CH12,2025-05-31,2025-06-05,TRUE,-14,14
Visit_1,90,SUBJ0562,CH12,2025-08-29,2025-09-02,TRUE,76,104
Visit_2,180,SUBJ0562,CH12,2025-11-27,2025-11-21,TRUE,166,194
Visit_3,270,SUBJ0562,CH12,2026-02-25,2026-02-18,TRUE,256,284
Visit_4,360,SUBJ0562,CH12,2026-05-26,2026-06-01,TRUE,346,374
Visit_5,450,SUBJ0562,CH12,2026-08-24,2026-08-30,TRUE,436,464
Visit_6,540,SUBJ0562,CH12,2026-11-22,2026-11-17,TRUE,526,554
Visit_7,630,SUBJ0562,CH12,2027-02-20,2027-02-15,TRUE,616,644
Visit_8,720,SUBJ0562,CH12,2027-05-21,2027-05-23,TRUE,706,734
Visit_9,810,SUBJ0562,CH12,2027-08-19,2027-08-13,TRUE,796,824
Visit_10,900,SUBJ0562,CH12,2027-11-17,2027-11-15,TRUE,886,914
Visit_11,990,SUBJ0562,CH12,2028-02-15,2028-02-09,TRUE,976,1004
Visit_12,1080,SUBJ0562,CH12,2028-05-15,2028-05-10,TRUE,1066,1094
Visit_13,1170,SUBJ0562,CH12,2028-08-13,2028-08-20,TRUE,1156,1184
End_of_Study,1080,SUBJ0562,CH12,2028-05-15,2028-05-09,TRUE,1066,1094
Safety_Followup,1170,SUBJ0562,CH12,2028-08-13,2028-08-17,TRUE,1156,1184
Screening,-7,SUBJ0563,CH02,2025-02-15,2025-02-19,TRUE,-21,7
Enrollment,0,SUBJ0563,CH02,2025-02-22,2025-03-01,TRUE,-14,14
Visit_1,90,SUBJ0563,CH02,2025-05-23,2025-05-17,TRUE,76,104
Visit_2,180,SUBJ0563,CH02,2025-08-21,2025-08-23,TRUE,166,194
Visit_3,270,SUBJ0563,CH02,2025-11-19,2025-11-24,TRUE,256,284
Visit_4,360,SUBJ0563,CH02,2026-02-17,2026-02-14,TRUE,346,374
Visit_5,450,SUBJ0563,CH02,2026-05-18,2026-05-11,TRUE,436,464
Visit_6,540,SUBJ0563,CH02,2026-08-16,2026-08-23,TRUE,526,554
Visit_7,630,SUBJ0563,CH02,2026-11-14,2026-11-08,TRUE,616,644
Visit_8,720,SUBJ0563,CH02,2027-02-12,2027-02-11,TRUE,706,734
Visit_9,810,SUBJ0563,CH02,2027-05-13,2027-05-16,TRUE,796,824
Visit_10,900,SUBJ0563,CH02,2027-08-11,2027-08-11,TRUE,886,914
Visit_11,990,SUBJ0563,CH02,2027-11-09,2027-11-13,TRUE,976,1004
Visit_12,1080,SUBJ0563,CH02,2028-02-07,2028-02-11,TRUE,1066,1094
Visit_13,1170,SUBJ0563,CH02,2028-05-07,2028-05-05,TRUE,1156,1184
End_of_Study,1080,SUBJ0563,CH02,2028-02-07,2028-02-07,TRUE,1066,1094
Safety_Followup,1170,SUBJ0563,CH02,2028-05-07,2028-05-05,TRUE,1156,1184
Screening,-7,SUBJ0564,CH01,2025-01-16,2025-01-19,TRUE,-21,7
Enrollment,0,SUBJ0564,CH01,2025-01-23,2025-01-19,TRUE,-14,14
Visit_1,90,SUBJ0564,CH01,2025-04-23,2025-04-30,TRUE,76,104
Visit_2,180,SUBJ0564,CH01,2025-07-22,2025-07-29,TRUE,166,194
Visit_3,270,SUBJ0564,CH01,2025-10-20,2025-10-13,TRUE,256,284
Visit_4,360,SUBJ0564,CH01,2026-01-18,2026-01-14,TRUE,346,374
Visit_5,450,SUBJ0564,CH01,2026-04-18,2026-04-24,TRUE,436,464
Visit_6,540,SUBJ0564,CH01,2026-07-17,2026-07-10,TRUE,526,554
Visit_7,630,SUBJ0564,CH01,2026-10-15,2026-10-12,TRUE,616,644
Visit_8,720,SUBJ0564,CH01,2027-01-13,2027-01-20,TRUE,706,734
Visit_9,810,SUBJ0564,CH01,2027-04-13,2027-04-18,TRUE,796,824
Visit_10,900,SUBJ0564,CH01,2027-07-12,2027-07-05,TRUE,886,914
Visit_11,990,SUBJ0564,CH01,2027-10-10,2027-10-15,TRUE,976,1004
Visit_12,1080,SUBJ0564,CH01,2028-01-08,2028-01-03,TRUE,1066,1094
Visit_13,1170,SUBJ0564,CH01,2028-04-07,2028-04-08,TRUE,1156,1184
End_of_Study,1080,SUBJ0564,CH01,2028-01-08,2028-01-15,TRUE,1066,1094
Safety_Followup,1170,SUBJ0564,CH01,2028-04-07,2028-04-10,TRUE,1156,1184
Screening,-7,SUBJ0565,CH01,2025-04-02,2025-03-28,TRUE,-21,7
Enrollment,0,SUBJ0565,CH01,2025-04-09,2025-04-10,TRUE,-14,14
Visit_1,90,SUBJ0565,CH01,2025-07-08,2025-07-08,TRUE,76,104
Visit_2,180,SUBJ0565,CH01,2025-10-06,2025-10-07,TRUE,166,194
Visit_3,270,SUBJ0565,CH01,2026-01-04,2025-12-28,TRUE,256,284
Visit_4,360,SUBJ0565,CH01,2026-04-04,2026-03-30,TRUE,346,374
Visit_5,450,SUBJ0565,CH01,2026-07-03,2026-07-07,TRUE,436,464
Visit_6,540,SUBJ0565,CH01,2026-10-01,2026-09-24,TRUE,526,554
Visit_7,630,SUBJ0565,CH01,2026-12-30,2026-12-25,TRUE,616,644
Visit_8,720,SUBJ0565,CH01,2027-03-30,2027-04-04,TRUE,706,734
Visit_9,810,SUBJ0565,CH01,2027-06-28,2027-06-23,TRUE,796,824
Visit_10,900,SUBJ0565,CH01,2027-09-26,NA,FALSE,886,914
Visit_11,990,SUBJ0565,CH01,2027-12-25,NA,FALSE,976,1004
Visit_12,1080,SUBJ0565,CH01,2028-03-24,NA,FALSE,1066,1094
Visit_13,1170,SUBJ0565,CH01,2028-06-22,NA,FALSE,1156,1184
End_of_Study,1080,SUBJ0565,CH01,2028-03-24,NA,FALSE,1066,1094
Safety_Followup,1170,SUBJ0565,CH01,2028-06-22,NA,FALSE,1156,1184
Screening,-7,SUBJ0566,CH16,2025-04-29,2025-04-29,TRUE,-21,7
Enrollment,0,SUBJ0566,CH16,2025-05-06,2025-05-10,TRUE,-14,14
Visit_1,90,SUBJ0566,CH16,2025-08-04,2025-08-02,TRUE,76,104
Visit_2,180,SUBJ0566,CH16,2025-11-02,2025-11-04,TRUE,166,194
Visit_3,270,SUBJ0566,CH16,2026-01-31,2026-01-31,TRUE,256,284
Visit_4,360,SUBJ0566,CH16,2026-05-01,2026-04-26,TRUE,346,374
Visit_5,450,SUBJ0566,CH16,2026-07-30,2026-08-04,TRUE,436,464
Visit_6,540,SUBJ0566,CH16,2026-10-28,2026-10-26,TRUE,526,554
Visit_7,630,SUBJ0566,CH16,2027-01-26,2027-01-31,TRUE,616,644
Visit_8,720,SUBJ0566,CH16,2027-04-26,2027-04-22,TRUE,706,734
Visit_9,810,SUBJ0566,CH16,2027-07-25,2027-07-20,TRUE,796,824
Visit_10,900,SUBJ0566,CH16,2027-10-23,2027-10-24,TRUE,886,914
Visit_11,990,SUBJ0566,CH16,2028-01-21,2028-01-27,TRUE,976,1004
Visit_12,1080,SUBJ0566,CH16,2028-04-20,2028-04-26,TRUE,1066,1094
Visit_13,1170,SUBJ0566,CH16,2028-07-19,2028-07-13,TRUE,1156,1184
End_of_Study,1080,SUBJ0566,CH16,2028-04-20,2028-04-19,TRUE,1066,1094
Safety_Followup,1170,SUBJ0566,CH16,2028-07-19,2028-07-26,TRUE,1156,1184
Screening,-7,SUBJ0567,CH06,2025-05-23,2025-05-20,TRUE,-21,7
Enrollment,0,SUBJ0567,CH06,2025-05-30,2025-06-03,TRUE,-14,14
Visit_1,90,SUBJ0567,CH06,2025-08-28,2025-08-30,TRUE,76,104
Visit_2,180,SUBJ0567,CH06,2025-11-26,2025-11-30,TRUE,166,194
Visit_3,270,SUBJ0567,CH06,2026-02-24,2026-02-26,TRUE,256,284
Visit_4,360,SUBJ0567,CH06,2026-05-25,2026-05-30,TRUE,346,374
Visit_5,450,SUBJ0567,CH06,2026-08-23,2026-08-17,TRUE,436,464
Visit_6,540,SUBJ0567,CH06,2026-11-21,2026-11-24,TRUE,526,554
Visit_7,630,SUBJ0567,CH06,2027-02-19,2027-02-12,TRUE,616,644
Visit_8,720,SUBJ0567,CH06,2027-05-20,2027-05-25,TRUE,706,734
Visit_9,810,SUBJ0567,CH06,2027-08-18,2027-08-22,TRUE,796,824
Visit_10,900,SUBJ0567,CH06,2027-11-16,2027-11-19,TRUE,886,914
Visit_11,990,SUBJ0567,CH06,2028-02-14,2028-02-15,TRUE,976,1004
Visit_12,1080,SUBJ0567,CH06,2028-05-14,2028-05-18,TRUE,1066,1094
Visit_13,1170,SUBJ0567,CH06,2028-08-12,2028-08-07,TRUE,1156,1184
End_of_Study,1080,SUBJ0567,CH06,2028-05-14,2028-05-07,TRUE,1066,1094
Safety_Followup,1170,SUBJ0567,CH06,2028-08-12,2028-08-05,TRUE,1156,1184
Screening,-7,SUBJ0568,CH15,2025-05-12,2025-05-07,TRUE,-21,7
Enrollment,0,SUBJ0568,CH15,2025-05-19,2025-05-24,TRUE,-14,14
Visit_1,90,SUBJ0568,CH15,2025-08-17,2025-08-14,TRUE,76,104
Visit_2,180,SUBJ0568,CH15,2025-11-15,2025-11-10,TRUE,166,194
Visit_3,270,SUBJ0568,CH15,2026-02-13,2026-02-17,TRUE,256,284
Visit_4,360,SUBJ0568,CH15,2026-05-14,2026-05-08,TRUE,346,374
Visit_5,450,SUBJ0568,CH15,2026-08-12,2026-08-09,TRUE,436,464
Visit_6,540,SUBJ0568,CH15,2026-11-10,2026-11-07,TRUE,526,554
Visit_7,630,SUBJ0568,CH15,2027-02-08,2027-02-07,TRUE,616,644
Visit_8,720,SUBJ0568,CH15,2027-05-09,2027-05-06,TRUE,706,734
Visit_9,810,SUBJ0568,CH15,2027-08-07,2027-08-06,TRUE,796,824
Visit_10,900,SUBJ0568,CH15,2027-11-05,2027-11-06,TRUE,886,914
Visit_11,990,SUBJ0568,CH15,2028-02-03,2028-01-27,TRUE,976,1004
Visit_12,1080,SUBJ0568,CH15,2028-05-03,2028-05-08,TRUE,1066,1094
Visit_13,1170,SUBJ0568,CH15,2028-08-01,2028-07-26,TRUE,1156,1184
End_of_Study,1080,SUBJ0568,CH15,2028-05-03,2028-04-30,TRUE,1066,1094
Safety_Followup,1170,SUBJ0568,CH15,2028-08-01,2028-08-02,TRUE,1156,1184
Screening,-7,SUBJ0569,CH01,2025-04-15,2025-04-17,TRUE,-21,7
Enrollment,0,SUBJ0569,CH01,2025-04-22,2025-04-17,TRUE,-14,14
Visit_1,90,SUBJ0569,CH01,2025-07-21,2025-07-14,TRUE,76,104
Visit_2,180,SUBJ0569,CH01,2025-10-19,2025-10-26,TRUE,166,194
Visit_3,270,SUBJ0569,CH01,2026-01-17,2026-01-18,TRUE,256,284
Visit_4,360,SUBJ0569,CH01,2026-04-17,2026-04-22,TRUE,346,374
Visit_5,450,SUBJ0569,CH01,2026-07-16,2026-07-20,TRUE,436,464
Visit_6,540,SUBJ0569,CH01,2026-10-14,2026-10-08,TRUE,526,554
Visit_7,630,SUBJ0569,CH01,2027-01-12,2027-01-17,TRUE,616,644
Visit_8,720,SUBJ0569,CH01,2027-04-12,2027-04-06,TRUE,706,734
Visit_9,810,SUBJ0569,CH01,2027-07-11,2027-07-15,TRUE,796,824
Visit_10,900,SUBJ0569,CH01,2027-10-09,2027-10-16,TRUE,886,914
Visit_11,990,SUBJ0569,CH01,2028-01-07,2028-01-05,TRUE,976,1004
Visit_12,1080,SUBJ0569,CH01,2028-04-06,2028-04-01,TRUE,1066,1094
Visit_13,1170,SUBJ0569,CH01,2028-07-05,2028-06-30,TRUE,1156,1184
End_of_Study,1080,SUBJ0569,CH01,2028-04-06,2028-04-02,TRUE,1066,1094
Safety_Followup,1170,SUBJ0569,CH01,2028-07-05,2028-07-06,TRUE,1156,1184
Screening,-7,SUBJ0570,CH05,2025-01-17,2025-01-18,TRUE,-21,7
Enrollment,0,SUBJ0570,CH05,2025-01-24,2025-01-25,TRUE,-14,14
Visit_1,90,SUBJ0570,CH05,2025-04-24,2025-04-25,TRUE,76,104
Visit_2,180,SUBJ0570,CH05,2025-07-23,2025-07-22,TRUE,166,194
Visit_3,270,SUBJ0570,CH05,2025-10-21,2025-10-15,TRUE,256,284
Visit_4,360,SUBJ0570,CH05,2026-01-19,2026-01-13,TRUE,346,374
Visit_5,450,SUBJ0570,CH05,2026-04-19,2026-04-15,TRUE,436,464
Visit_6,540,SUBJ0570,CH05,2026-07-18,2026-07-21,TRUE,526,554
Visit_7,630,SUBJ0570,CH05,2026-10-16,2026-10-23,TRUE,616,644
Visit_8,720,SUBJ0570,CH05,2027-01-14,2027-01-15,TRUE,706,734
Visit_9,810,SUBJ0570,CH05,2027-04-14,2027-04-10,TRUE,796,824
Visit_10,900,SUBJ0570,CH05,2027-07-13,2027-07-12,TRUE,886,914
Visit_11,990,SUBJ0570,CH05,2027-10-11,2027-10-06,TRUE,976,1004
Visit_12,1080,SUBJ0570,CH05,2028-01-09,2028-01-02,TRUE,1066,1094
Visit_13,1170,SUBJ0570,CH05,2028-04-08,2028-04-10,TRUE,1156,1184
End_of_Study,1080,SUBJ0570,CH05,2028-01-09,2028-01-12,TRUE,1066,1094
Safety_Followup,1170,SUBJ0570,CH05,2028-04-08,2028-04-03,TRUE,1156,1184
Screening,-7,SUBJ0571,CH15,2025-06-03,2025-06-09,TRUE,-21,7
Enrollment,0,SUBJ0571,CH15,2025-06-10,2025-06-13,TRUE,-14,14
Visit_1,90,SUBJ0571,CH15,2025-09-08,2025-09-10,TRUE,76,104
Visit_2,180,SUBJ0571,CH15,2025-12-07,2025-12-02,TRUE,166,194
Visit_3,270,SUBJ0571,CH15,2026-03-07,2026-03-14,TRUE,256,284
Visit_4,360,SUBJ0571,CH15,2026-06-05,2026-05-31,TRUE,346,374
Visit_5,450,SUBJ0571,CH15,2026-09-03,2026-08-30,TRUE,436,464
Visit_6,540,SUBJ0571,CH15,2026-12-02,2026-12-01,TRUE,526,554
Visit_7,630,SUBJ0571,CH15,2027-03-02,2027-03-04,TRUE,616,644
Visit_8,720,SUBJ0571,CH15,2027-05-31,2027-05-26,TRUE,706,734
Visit_9,810,SUBJ0571,CH15,2027-08-29,2027-09-03,TRUE,796,824
Visit_10,900,SUBJ0571,CH15,2027-11-27,2027-11-24,TRUE,886,914
Visit_11,990,SUBJ0571,CH15,2028-02-25,2028-02-27,TRUE,976,1004
Visit_12,1080,SUBJ0571,CH15,2028-05-25,2028-05-27,TRUE,1066,1094
Visit_13,1170,SUBJ0571,CH15,2028-08-23,2028-08-27,TRUE,1156,1184
End_of_Study,1080,SUBJ0571,CH15,2028-05-25,2028-05-30,TRUE,1066,1094
Safety_Followup,1170,SUBJ0571,CH15,2028-08-23,2028-08-20,TRUE,1156,1184
Screening,-7,SUBJ0572,CH08,2025-03-25,2025-03-24,TRUE,-21,7
Enrollment,0,SUBJ0572,CH08,2025-04-01,2025-04-08,TRUE,-14,14
Visit_1,90,SUBJ0572,CH08,2025-06-30,2025-06-24,TRUE,76,104
Visit_2,180,SUBJ0572,CH08,2025-09-28,2025-09-23,TRUE,166,194
Visit_3,270,SUBJ0572,CH08,2025-12-27,2025-12-29,TRUE,256,284
Visit_4,360,SUBJ0572,CH08,2026-03-27,2026-03-21,TRUE,346,374
Visit_5,450,SUBJ0572,CH08,2026-06-25,2026-06-25,TRUE,436,464
Visit_6,540,SUBJ0572,CH08,2026-09-23,2026-09-18,TRUE,526,554
Visit_7,630,SUBJ0572,CH08,2026-12-22,2026-12-25,TRUE,616,644
Visit_8,720,SUBJ0572,CH08,2027-03-22,2027-03-18,TRUE,706,734
Visit_9,810,SUBJ0572,CH08,2027-06-20,2027-06-24,TRUE,796,824
Visit_10,900,SUBJ0572,CH08,2027-09-18,2027-09-12,TRUE,886,914
Visit_11,990,SUBJ0572,CH08,2027-12-17,2027-12-19,TRUE,976,1004
Visit_12,1080,SUBJ0572,CH08,2028-03-16,2028-03-12,TRUE,1066,1094
Visit_13,1170,SUBJ0572,CH08,2028-06-14,2028-06-21,TRUE,1156,1184
End_of_Study,1080,SUBJ0572,CH08,2028-03-16,2028-03-16,TRUE,1066,1094
Safety_Followup,1170,SUBJ0572,CH08,2028-06-14,2028-06-14,TRUE,1156,1184
Screening,-7,SUBJ0573,CH08,2025-04-27,2025-04-21,TRUE,-21,7
Enrollment,0,SUBJ0573,CH08,2025-05-04,2025-04-28,TRUE,-14,14
Visit_1,90,SUBJ0573,CH08,2025-08-02,2025-08-08,TRUE,76,104
Visit_2,180,SUBJ0573,CH08,2025-10-31,2025-11-01,TRUE,166,194
Visit_3,270,SUBJ0573,CH08,2026-01-29,2026-02-04,TRUE,256,284
Visit_4,360,SUBJ0573,CH08,2026-04-29,2026-05-02,TRUE,346,374
Visit_5,450,SUBJ0573,CH08,2026-07-28,2026-07-25,TRUE,436,464
Visit_6,540,SUBJ0573,CH08,2026-10-26,2026-10-31,TRUE,526,554
Visit_7,630,SUBJ0573,CH08,2027-01-24,2027-01-30,TRUE,616,644
Visit_8,720,SUBJ0573,CH08,2027-04-24,2027-04-24,TRUE,706,734
Visit_9,810,SUBJ0573,CH08,2027-07-23,2027-07-24,TRUE,796,824
Visit_10,900,SUBJ0573,CH08,2027-10-21,2027-10-17,TRUE,886,914
Visit_11,990,SUBJ0573,CH08,2028-01-19,2028-01-17,TRUE,976,1004
Visit_12,1080,SUBJ0573,CH08,2028-04-18,2028-04-25,TRUE,1066,1094
Visit_13,1170,SUBJ0573,CH08,2028-07-17,2028-07-12,TRUE,1156,1184
End_of_Study,1080,SUBJ0573,CH08,2028-04-18,2028-04-18,TRUE,1066,1094
Safety_Followup,1170,SUBJ0573,CH08,2028-07-17,2028-07-16,TRUE,1156,1184
Screening,-7,SUBJ0574,IT01,2025-05-02,2025-04-25,TRUE,-21,7
Enrollment,0,SUBJ0574,IT01,2025-05-09,2025-05-03,TRUE,-14,14
Visit_1,90,SUBJ0574,IT01,2025-08-07,2025-08-09,TRUE,76,104
Visit_2,180,SUBJ0574,IT01,2025-11-05,2025-11-06,TRUE,166,194
Visit_3,270,SUBJ0574,IT01,2026-02-03,2026-01-28,TRUE,256,284
Visit_4,360,SUBJ0574,IT01,2026-05-04,2026-05-05,TRUE,346,374
Visit_5,450,SUBJ0574,IT01,2026-08-02,2026-08-06,TRUE,436,464
Visit_6,540,SUBJ0574,IT01,2026-10-31,2026-10-25,TRUE,526,554
Visit_7,630,SUBJ0574,IT01,2027-01-29,2027-02-05,TRUE,616,644
Visit_8,720,SUBJ0574,IT01,2027-04-29,2027-04-28,TRUE,706,734
Visit_9,810,SUBJ0574,IT01,2027-07-28,2027-08-01,TRUE,796,824
Visit_10,900,SUBJ0574,IT01,2027-10-26,2027-10-29,TRUE,886,914
Visit_11,990,SUBJ0574,IT01,2028-01-24,2028-01-18,TRUE,976,1004
Visit_12,1080,SUBJ0574,IT01,2028-04-23,2028-04-28,TRUE,1066,1094
Visit_13,1170,SUBJ0574,IT01,2028-07-22,2028-07-21,TRUE,1156,1184
End_of_Study,1080,SUBJ0574,IT01,2028-04-23,2028-04-18,TRUE,1066,1094
Safety_Followup,1170,SUBJ0574,IT01,2028-07-22,2028-07-25,TRUE,1156,1184
Screening,-7,SUBJ0575,CH17,2025-01-26,2025-01-24,TRUE,-21,7
Enrollment,0,SUBJ0575,CH17,2025-02-02,2025-02-07,TRUE,-14,14
Visit_1,90,SUBJ0575,CH17,2025-05-03,2025-05-10,TRUE,76,104
Visit_2,180,SUBJ0575,CH17,2025-08-01,2025-07-27,TRUE,166,194
Visit_3,270,SUBJ0575,CH17,2025-10-30,2025-10-31,TRUE,256,284
Visit_4,360,SUBJ0575,CH17,2026-01-28,2026-02-02,TRUE,346,374
Visit_5,450,SUBJ0575,CH17,2026-04-28,2026-05-01,TRUE,436,464
Visit_6,540,SUBJ0575,CH17,2026-07-27,2026-07-29,TRUE,526,554
Visit_7,630,SUBJ0575,CH17,2026-10-25,2026-10-28,TRUE,616,644
Visit_8,720,SUBJ0575,CH17,2027-01-23,2027-01-21,TRUE,706,734
Visit_9,810,SUBJ0575,CH17,2027-04-23,2027-04-26,TRUE,796,824
Visit_10,900,SUBJ0575,CH17,2027-07-22,2027-07-25,TRUE,886,914
Visit_11,990,SUBJ0575,CH17,2027-10-20,2027-10-23,TRUE,976,1004
Visit_12,1080,SUBJ0575,CH17,2028-01-18,2028-01-19,TRUE,1066,1094
Visit_13,1170,SUBJ0575,CH17,2028-04-17,2028-04-19,TRUE,1156,1184
End_of_Study,1080,SUBJ0575,CH17,2028-01-18,2028-01-12,TRUE,1066,1094
Safety_Followup,1170,SUBJ0575,CH17,2028-04-17,2028-04-21,TRUE,1156,1184
Screening,-7,SUBJ0576,CH10,2025-02-07,2025-02-14,TRUE,-21,7
Enrollment,0,SUBJ0576,CH10,2025-02-14,2025-02-19,TRUE,-14,14
Visit_1,90,SUBJ0576,CH10,2025-05-15,2025-05-10,TRUE,76,104
Visit_2,180,SUBJ0576,CH10,2025-08-13,2025-08-08,TRUE,166,194
Visit_3,270,SUBJ0576,CH10,2025-11-11,2025-11-13,TRUE,256,284
Visit_4,360,SUBJ0576,CH10,2026-02-09,2026-02-12,TRUE,346,374
Visit_5,450,SUBJ0576,CH10,2026-05-10,2026-05-17,TRUE,436,464
Visit_6,540,SUBJ0576,CH10,2026-08-08,2026-08-15,TRUE,526,554
Visit_7,630,SUBJ0576,CH10,2026-11-06,2026-10-31,TRUE,616,644
Visit_8,720,SUBJ0576,CH10,2027-02-04,2027-01-28,TRUE,706,734
Visit_9,810,SUBJ0576,CH10,2027-05-05,2027-05-02,TRUE,796,824
Visit_10,900,SUBJ0576,CH10,2027-08-03,2027-08-04,TRUE,886,914
Visit_11,990,SUBJ0576,CH10,2027-11-01,2027-10-29,TRUE,976,1004
Visit_12,1080,SUBJ0576,CH10,2028-01-30,2028-01-26,TRUE,1066,1094
Visit_13,1170,SUBJ0576,CH10,2028-04-29,2028-05-06,TRUE,1156,1184
End_of_Study,1080,SUBJ0576,CH10,2028-01-30,2028-01-26,TRUE,1066,1094
Safety_Followup,1170,SUBJ0576,CH10,2028-04-29,2028-04-28,TRUE,1156,1184
Screening,-7,SUBJ0577,CH17,2025-05-07,2025-05-09,TRUE,-21,7
Enrollment,0,SUBJ0577,CH17,2025-05-14,2025-05-08,TRUE,-14,14
Visit_1,90,SUBJ0577,CH17,2025-08-12,2025-08-07,TRUE,76,104
Visit_2,180,SUBJ0577,CH17,2025-11-10,2025-11-13,TRUE,166,194
Visit_3,270,SUBJ0577,CH17,2026-02-08,2026-02-05,TRUE,256,284
Visit_4,360,SUBJ0577,CH17,2026-05-09,2026-05-02,TRUE,346,374
Visit_5,450,SUBJ0577,CH17,2026-08-07,2026-08-08,TRUE,436,464
Visit_6,540,SUBJ0577,CH17,2026-11-05,2026-11-10,TRUE,526,554
Visit_7,630,SUBJ0577,CH17,2027-02-03,2027-02-09,TRUE,616,644
Visit_8,720,SUBJ0577,CH17,2027-05-04,2027-05-07,TRUE,706,734
Visit_9,810,SUBJ0577,CH17,2027-08-02,2027-07-29,TRUE,796,824
Visit_10,900,SUBJ0577,CH17,2027-10-31,2027-11-01,TRUE,886,914
Visit_11,990,SUBJ0577,CH17,2028-01-29,2028-02-04,TRUE,976,1004
Visit_12,1080,SUBJ0577,CH17,2028-04-28,2028-04-21,TRUE,1066,1094
Visit_13,1170,SUBJ0577,CH17,2028-07-27,2028-07-25,TRUE,1156,1184
End_of_Study,1080,SUBJ0577,CH17,2028-04-28,2028-04-24,TRUE,1066,1094
Safety_Followup,1170,SUBJ0577,CH17,2028-07-27,2028-08-03,TRUE,1156,1184
Screening,-7,SUBJ0578,CH08,2025-02-24,2025-03-02,TRUE,-21,7
Enrollment,0,SUBJ0578,CH08,2025-03-03,2025-03-01,TRUE,-14,14
Visit_1,90,SUBJ0578,CH08,2025-06-01,2025-06-03,TRUE,76,104
Visit_2,180,SUBJ0578,CH08,2025-08-30,2025-09-03,TRUE,166,194
Visit_3,270,SUBJ0578,CH08,2025-11-28,2025-12-05,TRUE,256,284
Visit_4,360,SUBJ0578,CH08,2026-02-26,2026-02-24,TRUE,346,374
Visit_5,450,SUBJ0578,CH08,2026-05-27,2026-05-31,TRUE,436,464
Visit_6,540,SUBJ0578,CH08,2026-08-25,2026-08-25,TRUE,526,554
Visit_7,630,SUBJ0578,CH08,2026-11-23,2026-11-24,TRUE,616,644
Visit_8,720,SUBJ0578,CH08,2027-02-21,2027-02-24,TRUE,706,734
Visit_9,810,SUBJ0578,CH08,2027-05-22,2027-05-28,TRUE,796,824
Visit_10,900,SUBJ0578,CH08,2027-08-20,2027-08-21,TRUE,886,914
Visit_11,990,SUBJ0578,CH08,2027-11-18,2027-11-13,TRUE,976,1004
Visit_12,1080,SUBJ0578,CH08,2028-02-16,2028-02-14,TRUE,1066,1094
Visit_13,1170,SUBJ0578,CH08,2028-05-16,2028-05-18,TRUE,1156,1184
End_of_Study,1080,SUBJ0578,CH08,2028-02-16,2028-02-13,TRUE,1066,1094
Safety_Followup,1170,SUBJ0578,CH08,2028-05-16,2028-05-19,TRUE,1156,1184
Screening,-7,SUBJ0579,CH08,2025-05-16,2025-05-16,TRUE,-21,7
Enrollment,0,SUBJ0579,CH08,2025-05-23,2025-05-21,TRUE,-14,14
Visit_1,90,SUBJ0579,CH08,2025-08-21,2025-08-22,TRUE,76,104
Visit_2,180,SUBJ0579,CH08,2025-11-19,2025-11-22,TRUE,166,194
Visit_3,270,SUBJ0579,CH08,2026-02-17,2026-02-17,TRUE,256,284
Visit_4,360,SUBJ0579,CH08,2026-05-18,2026-05-21,TRUE,346,374
Visit_5,450,SUBJ0579,CH08,2026-08-16,2026-08-18,TRUE,436,464
Visit_6,540,SUBJ0579,CH08,2026-11-14,2026-11-19,TRUE,526,554
Visit_7,630,SUBJ0579,CH08,2027-02-12,2027-02-09,TRUE,616,644
Visit_8,720,SUBJ0579,CH08,2027-05-13,2027-05-09,TRUE,706,734
Visit_9,810,SUBJ0579,CH08,2027-08-11,2027-08-14,TRUE,796,824
Visit_10,900,SUBJ0579,CH08,2027-11-09,2027-11-13,TRUE,886,914
Visit_11,990,SUBJ0579,CH08,2028-02-07,2028-02-01,TRUE,976,1004
Visit_12,1080,SUBJ0579,CH08,2028-05-07,2028-05-08,TRUE,1066,1094
Visit_13,1170,SUBJ0579,CH08,2028-08-05,2028-08-10,TRUE,1156,1184
End_of_Study,1080,SUBJ0579,CH08,2028-05-07,2028-05-05,TRUE,1066,1094
Safety_Followup,1170,SUBJ0579,CH08,2028-08-05,2028-08-10,TRUE,1156,1184
Screening,-7,SUBJ0580,CH11,2025-02-17,2025-02-12,TRUE,-21,7
Enrollment,0,SUBJ0580,CH11,2025-02-24,2025-02-20,TRUE,-14,14
Visit_1,90,SUBJ0580,CH11,2025-05-25,2025-05-30,TRUE,76,104
Visit_2,180,SUBJ0580,CH11,2025-08-23,2025-08-30,TRUE,166,194
Visit_3,270,SUBJ0580,CH11,2025-11-21,2025-11-19,TRUE,256,284
Visit_4,360,SUBJ0580,CH11,2026-02-19,2026-02-15,TRUE,346,374
Visit_5,450,SUBJ0580,CH11,2026-05-20,2026-05-22,TRUE,436,464
Visit_6,540,SUBJ0580,CH11,2026-08-18,2026-08-18,TRUE,526,554
Visit_7,630,SUBJ0580,CH11,2026-11-16,2026-11-23,TRUE,616,644
Visit_8,720,SUBJ0580,CH11,2027-02-14,2027-02-09,TRUE,706,734
Visit_9,810,SUBJ0580,CH11,2027-05-15,2027-05-19,TRUE,796,824
Visit_10,900,SUBJ0580,CH11,2027-08-13,2027-08-17,TRUE,886,914
Visit_11,990,SUBJ0580,CH11,2027-11-11,2027-11-04,TRUE,976,1004
Visit_12,1080,SUBJ0580,CH11,2028-02-09,2028-02-10,TRUE,1066,1094
Visit_13,1170,SUBJ0580,CH11,2028-05-09,2028-05-15,TRUE,1156,1184
End_of_Study,1080,SUBJ0580,CH11,2028-02-09,2028-02-05,TRUE,1066,1094
Safety_Followup,1170,SUBJ0580,CH11,2028-05-09,2028-05-12,TRUE,1156,1184
Screening,-7,SUBJ0581,CH11,2025-01-29,2025-02-02,TRUE,-21,7
Enrollment,0,SUBJ0581,CH11,2025-02-05,2025-02-12,TRUE,-14,14
Visit_1,90,SUBJ0581,CH11,2025-05-06,2025-05-04,TRUE,76,104
Visit_2,180,SUBJ0581,CH11,2025-08-04,2025-08-01,TRUE,166,194
Visit_3,270,SUBJ0581,CH11,2025-11-02,2025-10-26,TRUE,256,284
Visit_4,360,SUBJ0581,CH11,2026-01-31,2026-01-29,TRUE,346,374
Visit_5,450,SUBJ0581,CH11,2026-05-01,2026-05-01,TRUE,436,464
Visit_6,540,SUBJ0581,CH11,2026-07-30,2026-07-25,TRUE,526,554
Visit_7,630,SUBJ0581,CH11,2026-10-28,2026-10-24,TRUE,616,644
Visit_8,720,SUBJ0581,CH11,2027-01-26,2027-01-30,TRUE,706,734
Visit_9,810,SUBJ0581,CH11,2027-04-26,2027-04-24,TRUE,796,824
Visit_10,900,SUBJ0581,CH11,2027-07-25,2027-07-18,TRUE,886,914
Visit_11,990,SUBJ0581,CH11,2027-10-23,2027-10-28,TRUE,976,1004
Visit_12,1080,SUBJ0581,CH11,2028-01-21,2028-01-21,TRUE,1066,1094
Visit_13,1170,SUBJ0581,CH11,2028-04-20,2028-04-13,TRUE,1156,1184
End_of_Study,1080,SUBJ0581,CH11,2028-01-21,2028-01-20,TRUE,1066,1094
Safety_Followup,1170,SUBJ0581,CH11,2028-04-20,2028-04-21,TRUE,1156,1184
Screening,-7,SUBJ0582,CH01,2025-03-02,2025-03-02,TRUE,-21,7
Enrollment,0,SUBJ0582,CH01,2025-03-09,2025-03-16,TRUE,-14,14
Visit_1,90,SUBJ0582,CH01,2025-06-07,2025-06-08,TRUE,76,104
Visit_2,180,SUBJ0582,CH01,2025-09-05,2025-09-04,TRUE,166,194
Visit_3,270,SUBJ0582,CH01,2025-12-04,2025-12-06,TRUE,256,284
Visit_4,360,SUBJ0582,CH01,2026-03-04,2026-03-10,TRUE,346,374
Visit_5,450,SUBJ0582,CH01,2026-06-02,2026-06-02,TRUE,436,464
Visit_6,540,SUBJ0582,CH01,2026-08-31,2026-09-05,TRUE,526,554
Visit_7,630,SUBJ0582,CH01,2026-11-29,2026-12-05,TRUE,616,644
Visit_8,720,SUBJ0582,CH01,2027-02-27,2027-02-22,TRUE,706,734
Visit_9,810,SUBJ0582,CH01,2027-05-28,2027-05-30,TRUE,796,824
Visit_10,900,SUBJ0582,CH01,2027-08-26,2027-09-01,TRUE,886,914
Visit_11,990,SUBJ0582,CH01,2027-11-24,2027-11-19,TRUE,976,1004
Visit_12,1080,SUBJ0582,CH01,2028-02-22,2028-02-15,TRUE,1066,1094
Visit_13,1170,SUBJ0582,CH01,2028-05-22,2028-05-17,TRUE,1156,1184
End_of_Study,1080,SUBJ0582,CH01,2028-02-22,2028-02-25,TRUE,1066,1094
Safety_Followup,1170,SUBJ0582,CH01,2028-05-22,2028-05-19,TRUE,1156,1184
Screening,-7,SUBJ0583,CH11,2025-03-23,2025-03-21,TRUE,-21,7
Enrollment,0,SUBJ0583,CH11,2025-03-30,2025-04-06,TRUE,-14,14
Visit_1,90,SUBJ0583,CH11,2025-06-28,2025-06-27,TRUE,76,104
Visit_2,180,SUBJ0583,CH11,2025-09-26,2025-09-20,TRUE,166,194
Visit_3,270,SUBJ0583,CH11,2025-12-25,2026-01-01,TRUE,256,284
Visit_4,360,SUBJ0583,CH11,2026-03-25,2026-03-19,TRUE,346,374
Visit_5,450,SUBJ0583,CH11,2026-06-23,2026-06-17,TRUE,436,464
Visit_6,540,SUBJ0583,CH11,2026-09-21,2026-09-21,TRUE,526,554
Visit_7,630,SUBJ0583,CH11,2026-12-20,2026-12-16,TRUE,616,644
Visit_8,720,SUBJ0583,CH11,2027-03-20,2027-03-22,TRUE,706,734
Visit_9,810,SUBJ0583,CH11,2027-06-18,2027-06-24,TRUE,796,824
Visit_10,900,SUBJ0583,CH11,2027-09-16,2027-09-22,TRUE,886,914
Visit_11,990,SUBJ0583,CH11,2027-12-15,2027-12-14,TRUE,976,1004
Visit_12,1080,SUBJ0583,CH11,2028-03-14,2028-03-12,TRUE,1066,1094
Visit_13,1170,SUBJ0583,CH11,2028-06-12,2028-06-09,TRUE,1156,1184
End_of_Study,1080,SUBJ0583,CH11,2028-03-14,2028-03-08,TRUE,1066,1094
Safety_Followup,1170,SUBJ0583,CH11,2028-06-12,2028-06-15,TRUE,1156,1184
Screening,-7,SUBJ0584,CH10,2025-02-05,2025-02-01,TRUE,-21,7
Enrollment,0,SUBJ0584,CH10,2025-02-12,2025-02-05,TRUE,-14,14
Visit_1,90,SUBJ0584,CH10,2025-05-13,2025-05-08,TRUE,76,104
Visit_2,180,SUBJ0584,CH10,2025-08-11,2025-08-09,TRUE,166,194
Visit_3,270,SUBJ0584,CH10,2025-11-09,2025-11-02,TRUE,256,284
Visit_4,360,SUBJ0584,CH10,2026-02-07,2026-02-14,TRUE,346,374
Visit_5,450,SUBJ0584,CH10,2026-05-08,2026-05-04,TRUE,436,464
Visit_6,540,SUBJ0584,CH10,2026-08-06,2026-08-09,TRUE,526,554
Visit_7,630,SUBJ0584,CH10,2026-11-04,2026-10-29,TRUE,616,644
Visit_8,720,SUBJ0584,CH10,2027-02-02,2027-02-08,TRUE,706,734
Visit_9,810,SUBJ0584,CH10,2027-05-03,2027-05-01,TRUE,796,824
Visit_10,900,SUBJ0584,CH10,2027-08-01,2027-07-28,TRUE,886,914
Visit_11,990,SUBJ0584,CH10,2027-10-30,2027-11-03,TRUE,976,1004
Visit_12,1080,SUBJ0584,CH10,2028-01-28,2028-01-28,TRUE,1066,1094
Visit_13,1170,SUBJ0584,CH10,2028-04-27,2028-04-20,TRUE,1156,1184
End_of_Study,1080,SUBJ0584,CH10,2028-01-28,2028-01-26,TRUE,1066,1094
Safety_Followup,1170,SUBJ0584,CH10,2028-04-27,2028-05-01,TRUE,1156,1184
Screening,-7,SUBJ0585,CH12,2024-12-31,2024-12-29,TRUE,-21,7
Enrollment,0,SUBJ0585,CH12,2025-01-07,2025-01-02,TRUE,-14,14
Visit_1,90,SUBJ0585,CH12,2025-04-07,2025-04-08,TRUE,76,104
Visit_2,180,SUBJ0585,CH12,2025-07-06,2025-07-01,TRUE,166,194
Visit_3,270,SUBJ0585,CH12,2025-10-04,2025-10-03,TRUE,256,284
Visit_4,360,SUBJ0585,CH12,2026-01-02,2026-01-05,TRUE,346,374
Visit_5,450,SUBJ0585,CH12,2026-04-02,2026-04-04,TRUE,436,464
Visit_6,540,SUBJ0585,CH12,2026-07-01,2026-06-24,TRUE,526,554
Visit_7,630,SUBJ0585,CH12,2026-09-29,2026-09-29,TRUE,616,644
Visit_8,720,SUBJ0585,CH12,2026-12-28,2026-12-31,TRUE,706,734
Visit_9,810,SUBJ0585,CH12,2027-03-28,2027-03-22,TRUE,796,824
Visit_10,900,SUBJ0585,CH12,2027-06-26,2027-06-30,TRUE,886,914
Visit_11,990,SUBJ0585,CH12,2027-09-24,2027-09-19,TRUE,976,1004
Visit_12,1080,SUBJ0585,CH12,2027-12-23,2027-12-22,TRUE,1066,1094
Visit_13,1170,SUBJ0585,CH12,2028-03-22,2028-03-16,TRUE,1156,1184
End_of_Study,1080,SUBJ0585,CH12,2027-12-23,2027-12-22,TRUE,1066,1094
Safety_Followup,1170,SUBJ0585,CH12,2028-03-22,2028-03-22,TRUE,1156,1184
Screening,-7,SUBJ0586,CH05,2025-02-09,2025-02-13,TRUE,-21,7
Enrollment,0,SUBJ0586,CH05,2025-02-16,2025-02-11,TRUE,-14,14
Visit_1,90,SUBJ0586,CH05,2025-05-17,2025-05-24,TRUE,76,104
Visit_2,180,SUBJ0586,CH05,2025-08-15,2025-08-10,TRUE,166,194
Visit_3,270,SUBJ0586,CH05,2025-11-13,2025-11-18,TRUE,256,284
Visit_4,360,SUBJ0586,CH05,2026-02-11,2026-02-08,TRUE,346,374
Visit_5,450,SUBJ0586,CH05,2026-05-12,2026-05-06,TRUE,436,464
Visit_6,540,SUBJ0586,CH05,2026-08-10,2026-08-15,TRUE,526,554
Visit_7,630,SUBJ0586,CH05,2026-11-08,2026-11-14,TRUE,616,644
Visit_8,720,SUBJ0586,CH05,2027-02-06,2027-02-02,TRUE,706,734
Visit_9,810,SUBJ0586,CH05,2027-05-07,2027-05-02,TRUE,796,824
Visit_10,900,SUBJ0586,CH05,2027-08-05,2027-08-01,TRUE,886,914
Visit_11,990,SUBJ0586,CH05,2027-11-03,2027-11-05,TRUE,976,1004
Visit_12,1080,SUBJ0586,CH05,2028-02-01,2028-02-02,TRUE,1066,1094
Visit_13,1170,SUBJ0586,CH05,2028-05-01,2028-05-03,TRUE,1156,1184
End_of_Study,1080,SUBJ0586,CH05,2028-02-01,2028-01-26,TRUE,1066,1094
Safety_Followup,1170,SUBJ0586,CH05,2028-05-01,2028-04-29,TRUE,1156,1184
Screening,-7,SUBJ0587,CH15,2025-03-03,2025-03-04,TRUE,-21,7
Enrollment,0,SUBJ0587,CH15,2025-03-10,2025-03-15,TRUE,-14,14
Visit_1,90,SUBJ0587,CH15,2025-06-08,2025-06-14,TRUE,76,104
Visit_2,180,SUBJ0587,CH15,2025-09-06,2025-09-08,TRUE,166,194
Visit_3,270,SUBJ0587,CH15,2025-12-05,2025-12-06,TRUE,256,284
Visit_4,360,SUBJ0587,CH15,2026-03-05,2026-02-26,TRUE,346,374
Visit_5,450,SUBJ0587,CH15,2026-06-03,2026-06-05,TRUE,436,464
Visit_6,540,SUBJ0587,CH15,2026-09-01,2026-09-02,TRUE,526,554
Visit_7,630,SUBJ0587,CH15,2026-11-30,2026-11-25,TRUE,616,644
Visit_8,720,SUBJ0587,CH15,2027-02-28,2027-03-06,TRUE,706,734
Visit_9,810,SUBJ0587,CH15,2027-05-29,2027-06-05,TRUE,796,824
Visit_10,900,SUBJ0587,CH15,2027-08-27,2027-08-28,TRUE,886,914
Visit_11,990,SUBJ0587,CH15,2027-11-25,2027-12-02,TRUE,976,1004
Visit_12,1080,SUBJ0587,CH15,2028-02-23,2028-02-23,TRUE,1066,1094
Visit_13,1170,SUBJ0587,CH15,2028-05-23,2028-05-24,TRUE,1156,1184
End_of_Study,1080,SUBJ0587,CH15,2028-02-23,2028-02-22,TRUE,1066,1094
Safety_Followup,1170,SUBJ0587,CH15,2028-05-23,2028-05-18,TRUE,1156,1184
Screening,-7,SUBJ0588,IT01,2025-06-12,2025-06-08,TRUE,-21,7
Enrollment,0,SUBJ0588,IT01,2025-06-19,2025-06-12,TRUE,-14,14
Visit_1,90,SUBJ0588,IT01,2025-09-17,2025-09-15,TRUE,76,104
Visit_2,180,SUBJ0588,IT01,2025-12-16,2025-12-20,TRUE,166,194
Visit_3,270,SUBJ0588,IT01,2026-03-16,2026-03-22,TRUE,256,284
Visit_4,360,SUBJ0588,IT01,2026-06-14,2026-06-13,TRUE,346,374
Visit_5,450,SUBJ0588,IT01,2026-09-12,2026-09-16,TRUE,436,464
Visit_6,540,SUBJ0588,IT01,2026-12-11,2026-12-18,TRUE,526,554
Visit_7,630,SUBJ0588,IT01,2027-03-11,2027-03-11,TRUE,616,644
Visit_8,720,SUBJ0588,IT01,2027-06-09,2027-06-02,TRUE,706,734
Visit_9,810,SUBJ0588,IT01,2027-09-07,2027-09-14,TRUE,796,824
Visit_10,900,SUBJ0588,IT01,2027-12-06,2027-12-03,TRUE,886,914
Visit_11,990,SUBJ0588,IT01,2028-03-05,2028-02-27,TRUE,976,1004
Visit_12,1080,SUBJ0588,IT01,2028-06-03,2028-06-02,TRUE,1066,1094
Visit_13,1170,SUBJ0588,IT01,2028-09-01,2028-09-03,TRUE,1156,1184
End_of_Study,1080,SUBJ0588,IT01,2028-06-03,2028-06-04,TRUE,1066,1094
Safety_Followup,1170,SUBJ0588,IT01,2028-09-01,2028-09-01,TRUE,1156,1184
Screening,-7,SUBJ0589,CH13,2025-01-25,2025-02-01,TRUE,-21,7
Enrollment,0,SUBJ0589,CH13,2025-02-01,2025-02-01,TRUE,-14,14
Visit_1,90,SUBJ0589,CH13,2025-05-02,2025-04-29,TRUE,76,104
Visit_2,180,SUBJ0589,CH13,2025-07-31,2025-07-24,TRUE,166,194
Visit_3,270,SUBJ0589,CH13,2025-10-29,2025-10-24,TRUE,256,284
Visit_4,360,SUBJ0589,CH13,2026-01-27,2026-01-26,TRUE,346,374
Visit_5,450,SUBJ0589,CH13,2026-04-27,2026-04-28,TRUE,436,464
Visit_6,540,SUBJ0589,CH13,2026-07-26,2026-08-02,TRUE,526,554
Visit_7,630,SUBJ0589,CH13,2026-10-24,2026-10-27,TRUE,616,644
Visit_8,720,SUBJ0589,CH13,2027-01-22,2027-01-29,TRUE,706,734
Visit_9,810,SUBJ0589,CH13,2027-04-22,2027-04-21,TRUE,796,824
Visit_10,900,SUBJ0589,CH13,2027-07-21,2027-07-24,TRUE,886,914
Visit_11,990,SUBJ0589,CH13,2027-10-19,2027-10-12,TRUE,976,1004
Visit_12,1080,SUBJ0589,CH13,2028-01-17,2028-01-15,TRUE,1066,1094
Visit_13,1170,SUBJ0589,CH13,2028-04-16,2028-04-17,TRUE,1156,1184
End_of_Study,1080,SUBJ0589,CH13,2028-01-17,2028-01-23,TRUE,1066,1094
Safety_Followup,1170,SUBJ0589,CH13,2028-04-16,2028-04-17,TRUE,1156,1184
Screening,-7,SUBJ0590,CH04,2025-03-23,2025-03-30,TRUE,-21,7
Enrollment,0,SUBJ0590,CH04,2025-03-30,2025-04-01,TRUE,-14,14
Visit_1,90,SUBJ0590,CH04,2025-06-28,2025-06-25,TRUE,76,104
Visit_2,180,SUBJ0590,CH04,2025-09-26,2025-09-25,TRUE,166,194
Visit_3,270,SUBJ0590,CH04,2025-12-25,2025-12-28,TRUE,256,284
Visit_4,360,SUBJ0590,CH04,2026-03-25,2026-03-29,TRUE,346,374
Visit_5,450,SUBJ0590,CH04,2026-06-23,2026-06-26,TRUE,436,464
Visit_6,540,SUBJ0590,CH04,2026-09-21,2026-09-23,TRUE,526,554
Visit_7,630,SUBJ0590,CH04,2026-12-20,2026-12-20,TRUE,616,644
Visit_8,720,SUBJ0590,CH04,2027-03-20,2027-03-13,TRUE,706,734
Visit_9,810,SUBJ0590,CH04,2027-06-18,2027-06-17,TRUE,796,824
Visit_10,900,SUBJ0590,CH04,2027-09-16,2027-09-10,TRUE,886,914
Visit_11,990,SUBJ0590,CH04,2027-12-15,2027-12-09,TRUE,976,1004
Visit_12,1080,SUBJ0590,CH04,2028-03-14,2028-03-10,TRUE,1066,1094
Visit_13,1170,SUBJ0590,CH04,2028-06-12,2028-06-13,TRUE,1156,1184
End_of_Study,1080,SUBJ0590,CH04,2028-03-14,2028-03-17,TRUE,1066,1094
Safety_Followup,1170,SUBJ0590,CH04,2028-06-12,2028-06-13,TRUE,1156,1184
Screening,-7,SUBJ0591,DE01,2025-02-01,2025-02-07,TRUE,-21,7
Enrollment,0,SUBJ0591,DE01,2025-02-08,2025-02-09,TRUE,-14,14
Visit_1,90,SUBJ0591,DE01,2025-05-09,2025-05-14,TRUE,76,104
Visit_2,180,SUBJ0591,DE01,2025-08-07,2025-08-14,TRUE,166,194
Visit_3,270,SUBJ0591,DE01,2025-11-05,2025-10-30,TRUE,256,284
Visit_4,360,SUBJ0591,DE01,2026-02-03,2026-02-05,TRUE,346,374
Visit_5,450,SUBJ0591,DE01,2026-05-04,2026-05-05,TRUE,436,464
Visit_6,540,SUBJ0591,DE01,2026-08-02,2026-07-28,TRUE,526,554
Visit_7,630,SUBJ0591,DE01,2026-10-31,2026-11-01,TRUE,616,644
Visit_8,720,SUBJ0591,DE01,2027-01-29,2027-01-26,TRUE,706,734
Visit_9,810,SUBJ0591,DE01,2027-04-29,2027-05-04,TRUE,796,824
Visit_10,900,SUBJ0591,DE01,2027-07-28,2027-07-27,TRUE,886,914
Visit_11,990,SUBJ0591,DE01,2027-10-26,2027-10-23,TRUE,976,1004
Visit_12,1080,SUBJ0591,DE01,2028-01-24,2028-01-30,TRUE,1066,1094
Visit_13,1170,SUBJ0591,DE01,2028-04-23,2028-04-22,TRUE,1156,1184
End_of_Study,1080,SUBJ0591,DE01,2028-01-24,2028-01-23,TRUE,1066,1094
Safety_Followup,1170,SUBJ0591,DE01,2028-04-23,2028-04-26,TRUE,1156,1184
Screening,-7,SUBJ0592,CH10,2025-01-06,2025-01-12,TRUE,-21,7
Enrollment,0,SUBJ0592,CH10,2025-01-13,2025-01-10,TRUE,-14,14
Visit_1,90,SUBJ0592,CH10,2025-04-13,2025-04-06,TRUE,76,104
Visit_2,180,SUBJ0592,CH10,2025-07-12,2025-07-11,TRUE,166,194
Visit_3,270,SUBJ0592,CH10,2025-10-10,2025-10-11,TRUE,256,284
Visit_4,360,SUBJ0592,CH10,2026-01-08,2026-01-11,TRUE,346,374
Visit_5,450,SUBJ0592,CH10,2026-04-08,2026-04-13,TRUE,436,464
Visit_6,540,SUBJ0592,CH10,2026-07-07,2026-07-01,TRUE,526,554
Visit_7,630,SUBJ0592,CH10,2026-10-05,2026-10-12,TRUE,616,644
Visit_8,720,SUBJ0592,CH10,2027-01-03,2027-01-01,TRUE,706,734
Visit_9,810,SUBJ0592,CH10,2027-04-03,2027-03-30,TRUE,796,824
Visit_10,900,SUBJ0592,CH10,2027-07-02,2027-06-27,TRUE,886,914
Visit_11,990,SUBJ0592,CH10,2027-09-30,2027-10-07,TRUE,976,1004
Visit_12,1080,SUBJ0592,CH10,2027-12-29,2027-12-23,TRUE,1066,1094
Visit_13,1170,SUBJ0592,CH10,2028-03-28,2028-03-27,TRUE,1156,1184
End_of_Study,1080,SUBJ0592,CH10,2027-12-29,2028-01-05,TRUE,1066,1094
Safety_Followup,1170,SUBJ0592,CH10,2028-03-28,2028-03-25,TRUE,1156,1184
Screening,-7,SUBJ0593,CH05,2025-02-13,2025-02-07,TRUE,-21,7
Enrollment,0,SUBJ0593,CH05,2025-02-20,2025-02-21,TRUE,-14,14
Visit_1,90,SUBJ0593,CH05,2025-05-21,2025-05-21,TRUE,76,104
Visit_2,180,SUBJ0593,CH05,2025-08-19,2025-08-23,TRUE,166,194
Visit_3,270,SUBJ0593,CH05,2025-11-17,2025-11-21,TRUE,256,284
Visit_4,360,SUBJ0593,CH05,2026-02-15,2026-02-14,TRUE,346,374
Visit_5,450,SUBJ0593,CH05,2026-05-16,2026-05-22,TRUE,436,464
Visit_6,540,SUBJ0593,CH05,2026-08-14,2026-08-21,TRUE,526,554
Visit_7,630,SUBJ0593,CH05,2026-11-12,2026-11-06,TRUE,616,644
Visit_8,720,SUBJ0593,CH05,2027-02-10,2027-02-14,TRUE,706,734
Visit_9,810,SUBJ0593,CH05,2027-05-11,2027-05-07,TRUE,796,824
Visit_10,900,SUBJ0593,CH05,2027-08-09,2027-08-09,TRUE,886,914
Visit_11,990,SUBJ0593,CH05,2027-11-07,2027-11-09,TRUE,976,1004
Visit_12,1080,SUBJ0593,CH05,2028-02-05,2028-02-08,TRUE,1066,1094
Visit_13,1170,SUBJ0593,CH05,2028-05-05,2028-05-07,TRUE,1156,1184
End_of_Study,1080,SUBJ0593,CH05,2028-02-05,2028-02-06,TRUE,1066,1094
Safety_Followup,1170,SUBJ0593,CH05,2028-05-05,2028-05-04,TRUE,1156,1184
Screening,-7,SUBJ0594,CH17,2025-06-08,2025-06-04,TRUE,-21,7
Enrollment,0,SUBJ0594,CH17,2025-06-15,2025-06-20,TRUE,-14,14
Visit_1,90,SUBJ0594,CH17,2025-09-13,2025-09-08,TRUE,76,104
Visit_2,180,SUBJ0594,CH17,2025-12-12,2025-12-17,TRUE,166,194
Visit_3,270,SUBJ0594,CH17,2026-03-12,2026-03-06,TRUE,256,284
Visit_4,360,SUBJ0594,CH17,2026-06-10,2026-06-04,TRUE,346,374
Visit_5,450,SUBJ0594,CH17,2026-09-08,2026-09-14,TRUE,436,464
Visit_6,540,SUBJ0594,CH17,2026-12-07,2026-12-11,TRUE,526,554
Visit_7,630,SUBJ0594,CH17,2027-03-07,2027-03-13,TRUE,616,644
Visit_8,720,SUBJ0594,CH17,2027-06-05,2027-05-29,TRUE,706,734
Visit_9,810,SUBJ0594,CH17,2027-09-03,2027-08-30,TRUE,796,824
Visit_10,900,SUBJ0594,CH17,2027-12-02,2027-11-27,TRUE,886,914
Visit_11,990,SUBJ0594,CH17,2028-03-01,2028-03-06,TRUE,976,1004
Visit_12,1080,SUBJ0594,CH17,2028-05-30,2028-05-29,TRUE,1066,1094
Visit_13,1170,SUBJ0594,CH17,2028-08-28,2028-08-22,TRUE,1156,1184
End_of_Study,1080,SUBJ0594,CH17,2028-05-30,2028-05-30,TRUE,1066,1094
Safety_Followup,1170,SUBJ0594,CH17,2028-08-28,2028-08-26,TRUE,1156,1184
Screening,-7,SUBJ0595,CH07,2025-03-04,2025-02-27,TRUE,-21,7
Enrollment,0,SUBJ0595,CH07,2025-03-11,2025-03-13,TRUE,-14,14
Visit_1,90,SUBJ0595,CH07,2025-06-09,2025-06-07,TRUE,76,104
Visit_2,180,SUBJ0595,CH07,2025-09-07,2025-09-11,TRUE,166,194
Visit_3,270,SUBJ0595,CH07,2025-12-06,2025-12-09,TRUE,256,284
Visit_4,360,SUBJ0595,CH07,2026-03-06,2026-03-02,TRUE,346,374
Visit_5,450,SUBJ0595,CH07,2026-06-04,2026-05-30,TRUE,436,464
Visit_6,540,SUBJ0595,CH07,2026-09-02,2026-09-02,TRUE,526,554
Visit_7,630,SUBJ0595,CH07,2026-12-01,2026-11-26,TRUE,616,644
Visit_8,720,SUBJ0595,CH07,2027-03-01,2027-02-26,TRUE,706,734
Visit_9,810,SUBJ0595,CH07,2027-05-30,2027-06-01,TRUE,796,824
Visit_10,900,SUBJ0595,CH07,2027-08-28,2027-08-24,TRUE,886,914
Visit_11,990,SUBJ0595,CH07,2027-11-26,2027-11-19,TRUE,976,1004
Visit_12,1080,SUBJ0595,CH07,2028-02-24,2028-02-26,TRUE,1066,1094
Visit_13,1170,SUBJ0595,CH07,2028-05-24,2028-05-23,TRUE,1156,1184
End_of_Study,1080,SUBJ0595,CH07,2028-02-24,2028-03-02,TRUE,1066,1094
Safety_Followup,1170,SUBJ0595,CH07,2028-05-24,2028-05-25,TRUE,1156,1184
Screening,-7,SUBJ0596,CH17,2025-05-19,2025-05-19,TRUE,-21,7
Enrollment,0,SUBJ0596,CH17,2025-05-26,2025-05-21,TRUE,-14,14
Visit_1,90,SUBJ0596,CH17,2025-08-24,2025-08-27,TRUE,76,104
Visit_2,180,SUBJ0596,CH17,2025-11-22,2025-11-17,TRUE,166,194
Visit_3,270,SUBJ0596,CH17,2026-02-20,2026-02-13,TRUE,256,284
Visit_4,360,SUBJ0596,CH17,2026-05-21,2026-05-20,TRUE,346,374
Visit_5,450,SUBJ0596,CH17,2026-08-19,2026-08-16,TRUE,436,464
Visit_6,540,SUBJ0596,CH17,2026-11-17,2026-11-22,TRUE,526,554
Visit_7,630,SUBJ0596,CH17,2027-02-15,2027-02-15,TRUE,616,644
Visit_8,720,SUBJ0596,CH17,2027-05-16,2027-05-20,TRUE,706,734
Visit_9,810,SUBJ0596,CH17,2027-08-14,2027-08-10,TRUE,796,824
Visit_10,900,SUBJ0596,CH17,2027-11-12,2027-11-09,TRUE,886,914
Visit_11,990,SUBJ0596,CH17,2028-02-10,2028-02-14,TRUE,976,1004
Visit_12,1080,SUBJ0596,CH17,2028-05-10,2028-05-16,TRUE,1066,1094
Visit_13,1170,SUBJ0596,CH17,2028-08-08,2028-08-10,TRUE,1156,1184
End_of_Study,1080,SUBJ0596,CH17,2028-05-10,2028-05-10,TRUE,1066,1094
Safety_Followup,1170,SUBJ0596,CH17,2028-08-08,2028-08-03,TRUE,1156,1184
Screening,-7,SUBJ0597,CH15,2025-01-09,2025-01-05,TRUE,-21,7
Enrollment,0,SUBJ0597,CH15,2025-01-16,2025-01-23,TRUE,-14,14
Visit_1,90,SUBJ0597,CH15,2025-04-16,2025-04-09,TRUE,76,104
Visit_2,180,SUBJ0597,CH15,2025-07-15,2025-07-17,TRUE,166,194
Visit_3,270,SUBJ0597,CH15,2025-10-13,2025-10-14,TRUE,256,284
Visit_4,360,SUBJ0597,CH15,2026-01-11,2026-01-04,TRUE,346,374
Visit_5,450,SUBJ0597,CH15,2026-04-11,2026-04-13,TRUE,436,464
Visit_6,540,SUBJ0597,CH15,2026-07-10,2026-07-16,TRUE,526,554
Visit_7,630,SUBJ0597,CH15,2026-10-08,2026-10-07,TRUE,616,644
Visit_8,720,SUBJ0597,CH15,2027-01-06,2027-01-13,TRUE,706,734
Visit_9,810,SUBJ0597,CH15,2027-04-06,2027-04-05,TRUE,796,824
Visit_10,900,SUBJ0597,CH15,2027-07-05,2027-06-29,TRUE,886,914
Visit_11,990,SUBJ0597,CH15,2027-10-03,2027-10-01,TRUE,976,1004
Visit_12,1080,SUBJ0597,CH15,2028-01-01,2028-01-02,TRUE,1066,1094
Visit_13,1170,SUBJ0597,CH15,2028-03-31,2028-04-05,TRUE,1156,1184
End_of_Study,1080,SUBJ0597,CH15,2028-01-01,2027-12-26,TRUE,1066,1094
Safety_Followup,1170,SUBJ0597,CH15,2028-03-31,2028-04-05,TRUE,1156,1184
Screening,-7,SUBJ0598,CH01,2025-06-20,2025-06-20,TRUE,-21,7
Enrollment,0,SUBJ0598,CH01,2025-06-27,2025-06-27,TRUE,-14,14
Visit_1,90,SUBJ0598,CH01,2025-09-25,2025-09-22,TRUE,76,104
Visit_2,180,SUBJ0598,CH01,2025-12-24,2025-12-21,TRUE,166,194
Visit_3,270,SUBJ0598,CH01,2026-03-24,2026-03-24,TRUE,256,284
Visit_4,360,SUBJ0598,CH01,2026-06-22,2026-06-27,TRUE,346,374
Visit_5,450,SUBJ0598,CH01,2026-09-20,2026-09-17,TRUE,436,464
Visit_6,540,SUBJ0598,CH01,2026-12-19,2026-12-21,TRUE,526,554
Visit_7,630,SUBJ0598,CH01,2027-03-19,2027-03-12,TRUE,616,644
Visit_8,720,SUBJ0598,CH01,2027-06-17,2027-06-19,TRUE,706,734
Visit_9,810,SUBJ0598,CH01,2027-09-15,2027-09-16,TRUE,796,824
Visit_10,900,SUBJ0598,CH01,2027-12-14,2027-12-09,TRUE,886,914
Visit_11,990,SUBJ0598,CH01,2028-03-13,2028-03-10,TRUE,976,1004
Visit_12,1080,SUBJ0598,CH01,2028-06-11,2028-06-11,TRUE,1066,1094
Visit_13,1170,SUBJ0598,CH01,2028-09-09,2028-09-06,TRUE,1156,1184
End_of_Study,1080,SUBJ0598,CH01,2028-06-11,2028-06-12,TRUE,1066,1094
Safety_Followup,1170,SUBJ0598,CH01,2028-09-09,2028-09-02,TRUE,1156,1184
Screening,-7,SUBJ0599,CH01,2025-01-31,2025-01-28,TRUE,-21,7
Enrollment,0,SUBJ0599,CH01,2025-02-07,2025-02-02,TRUE,-14,14
Visit_1,90,SUBJ0599,CH01,2025-05-08,2025-05-04,TRUE,76,104
Visit_2,180,SUBJ0599,CH01,2025-08-06,2025-07-30,TRUE,166,194
Visit_3,270,SUBJ0599,CH01,2025-11-04,2025-11-07,TRUE,256,284
Visit_4,360,SUBJ0599,CH01,2026-02-02,2026-02-08,TRUE,346,374
Visit_5,450,SUBJ0599,CH01,2026-05-03,2026-05-01,TRUE,436,464
Visit_6,540,SUBJ0599,CH01,2026-08-01,2026-07-29,TRUE,526,554
Visit_7,630,SUBJ0599,CH01,2026-10-30,2026-11-01,TRUE,616,644
Visit_8,720,SUBJ0599,CH01,2027-01-28,2027-01-25,TRUE,706,734
Visit_9,810,SUBJ0599,CH01,2027-04-28,2027-04-21,TRUE,796,824
Visit_10,900,SUBJ0599,CH01,2027-07-27,2027-07-24,TRUE,886,914
Visit_11,990,SUBJ0599,CH01,2027-10-25,2027-10-18,TRUE,976,1004
Visit_12,1080,SUBJ0599,CH01,2028-01-23,2028-01-18,TRUE,1066,1094
Visit_13,1170,SUBJ0599,CH01,2028-04-22,2028-04-15,TRUE,1156,1184
End_of_Study,1080,SUBJ0599,CH01,2028-01-23,2028-01-18,TRUE,1066,1094
Safety_Followup,1170,SUBJ0599,CH01,2028-04-22,2028-04-26,TRUE,1156,1184
Screening,-7,SUBJ0600,CH14,2025-01-20,2025-01-23,TRUE,-21,7
Enrollment,0,SUBJ0600,CH14,2025-01-27,2025-01-28,TRUE,-14,14
Visit_1,90,SUBJ0600,CH14,2025-04-27,2025-04-20,TRUE,76,104
Visit_2,180,SUBJ0600,CH14,2025-07-26,2025-07-26,TRUE,166,194
Visit_3,270,SUBJ0600,CH14,2025-10-24,2025-10-22,TRUE,256,284
Visit_4,360,SUBJ0600,CH14,2026-01-22,2026-01-17,TRUE,346,374
Visit_5,450,SUBJ0600,CH14,2026-04-22,2026-04-15,TRUE,436,464
Visit_6,540,SUBJ0600,CH14,2026-07-21,2026-07-24,TRUE,526,554
Visit_7,630,SUBJ0600,CH14,2026-10-19,2026-10-14,TRUE,616,644
Visit_8,720,SUBJ0600,CH14,2027-01-17,2027-01-10,TRUE,706,734
Visit_9,810,SUBJ0600,CH14,2027-04-17,2027-04-24,TRUE,796,824
Visit_10,900,SUBJ0600,CH14,2027-07-16,2027-07-09,TRUE,886,914
Visit_11,990,SUBJ0600,CH14,2027-10-14,2027-10-12,TRUE,976,1004
Visit_12,1080,SUBJ0600,CH14,2028-01-12,2028-01-18,TRUE,1066,1094
Visit_13,1170,SUBJ0600,CH14,2028-04-11,2028-04-18,TRUE,1156,1184
End_of_Study,1080,SUBJ0600,CH14,2028-01-12,2028-01-11,TRUE,1066,1094
Safety_Followup,1170,SUBJ0600,CH14,2028-04-11,2028-04-18,TRUE,1156,1184
